url_risk,sms_risk,qr_risk,image_risk,email_risk,url_present,sms_present,qr_present,image_present,email_present,label
0.026736894076279487,0.5,0.5,0.6323891322686875,0.5,1,0,0,1,0,0
1.0,0.8296147106627002,0.5,0.5,0.5,1,1,0,0,0,1
0.10840158386508267,0.5,0.5,0.5,0.02587261788892333,1,0,0,0,1,0
0.1769669110249364,0.5,0.09474979582546918,0.5958155067552512,0.5,1,0,1,1,0,0
1.0,1.0,0.9372884279906865,0.5,0.9260062088708978,1,1,1,0,1,1
0.0222413985838713,0.032251313097818764,0.5,0.8091983829414716,0.0,1,1,0,1,1,0
0.08943356525252447,0.5,0.0,0.6289104534046545,0.5,1,0,1,1,0,0
0.5,0.5,0.5,0.8514982994425849,0.019845221151903326,0,0,0,1,1,0
0.0,0.022066095903983708,0.38918093939888115,0.6336759356882036,0.5,1,1,1,1,0,0
0.0,0.01067454126075962,0.3478570217858558,0.5,0.12438645975130783,1,1,1,0,1,0
0.7942196017506873,0.807638580363084,0.5,0.5,1.0,1,1,0,0,1,1
0.0018743581830748014,0.5,0.5,0.5,0.0,1,0,0,0,1,0
0.0,0.015326101601681822,0.5,0.5,0.0,1,1,0,0,1,0
0.5,0.5,0.5,0.8899955629474786,1.0,0,0,0,1,1,1
0.918760391278705,0.74719389669428,0.5,0.9447128947901384,0.5,1,1,0,1,0,1
0.5,0.5,0.5,1.0,1.0,0,0,0,1,1,1
0.0066969998733376595,0.0928464580014362,0.5,0.5,0.07694026020429198,1,1,0,0,1,0
0.5,1.0,0.5,0.8781701819301263,0.5,0,1,0,1,0,1
0.5,0.8356531019995553,1.0,0.5,0.904211285051611,0,1,1,0,1,1
0.0,0.5,0.0,0.5,0.0,1,0,1,0,1,0
0.5,0.5,0.5,0.5,0.08715679197353605,0,0,0,0,1,0
0.0,0.13847237871403745,0.5,1.0,0.5,1,1,0,1,0,0
1.0,0.5,0.5,0.808991044807106,0.9866298126350974,1,0,0,1,1,1
0.9642960933423292,0.8321734179423457,0.5315073521844385,0.5,0.9064856127159406,1,1,1,0,1,1
0.5,0.5,0.07256646066993006,0.6302562005920581,0.5,0,0,1,1,0,0
0.5,0.5,0.27988433454967954,0.5,0.08014037345056324,0,0,1,0,1,0
0.9324343212331849,0.7333736891073654,0.5,0.5,0.5,1,1,0,0,0,1
0.0050651223273498885,0.0,0.5,0.5,0.0,1,1,0,0,1,0
0.7989290853999169,0.5,0.5,0.5,0.886415083897864,1,0,0,0,1,1
0.0,0.0,0.5,0.8364511916931214,0.5,1,1,0,1,0,0
1.0,0.8780363740421308,0.9207953217421455,0.9944759447886534,1.0,1,1,1,1,1,1
1.0,0.5,0.5,1.0,1.0,1,0,0,1,1,1
1.0,1.0,0.5,0.6310635669168014,0.5,1,1,0,1,0,1
0.5,0.5,0.5,0.6720890891788918,0.5,0,0,0,1,0,0
0.039281151630657624,0.5,0.5,0.5,0.5,1,0,0,0,0,0
0.9269418827130936,0.9567310317094646,0.5697174729848806,0.5,0.9563969233777305,1,1,1,0,1,1
0.5,0.5,0.5,0.7733161234205665,0.5,0,0,0,1,0,0
0.07556333554435754,0.5,0.156307253293778,0.5,0.24316739861929362,1,0,1,0,1,0
0.5,0.8839380211110525,0.5,1.0,0.5,0,1,0,1,0,1
0.5,0.5,0.2997163022335699,0.5,0.24055564271788749,0,0,1,0,1,0
0.0,0.5,0.5,0.5,0.0,1,0,0,0,1,0
1.0,1.0,0.5,0.5,0.5,1,1,0,0,0,1
0.5,0.03960472141957262,0.5,0.877967204473461,0.0,0,1,0,1,1,0
0.5,0.5,0.5,0.5,0.9881489119004685,0,0,0,0,1,1
0.5,0.5,0.0,0.5,0.5,0,0,1,0,0,0
0.5,0.0,0.5,0.5,0.0,0,1,0,0,1,0
0.5,0.5,0.7035499794530913,0.5,0.5,0,0,1,0,0,1
0.0342991685089841,0.5,0.5,0.5,0.13807760524808038,1,0,0,0,1,0
0.9353105212792969,0.5,0.7851300388643316,0.5,0.5,1,0,1,0,0,1
0.5,0.5,0.9847946271072987,0.5,0.9609476427060796,0,0,1,0,1,1
0.5,0.5,0.182716500460753,0.9439791269936495,0.0662995593173505,0,0,1,1,1,0
0.14556942940498238,0.5,0.0,0.7647016055773008,0.5,1,0,1,1,0,0
0.0,0.5,0.5,0.4917842000533439,0.0,1,0,0,1,1,0
0.5,0.5,0.0,0.5,0.226117754076148,0,0,1,0,1,0
0.5,0.17170448126619275,0.5,0.5,0.06257156804826243,0,1,0,0,1,0
0.8595452644057543,0.7132818983158813,0.5,0.5,0.7968001205759994,1,1,0,0,1,1
1.0,0.9016524369493932,0.5,0.8235208461463155,0.5,1,1,0,1,0,1
0.21098646000404908,0.5,0.5,0.5,0.5,1,0,0,0,0,0
0.5,0.04326350599868915,0.5,0.5,0.5,0,1,0,0,0,0
0.0,0.045109315186078296,0.12263557725260849,0.5,0.20453617386373796,1,1,1,0,1,0
0.0,0.5,0.5,0.5,0.0,1,0,0,0,1,0
0.5,0.5,0.5,0.6552656890753324,0.5,0,0,0,1,0,1
0.5,0.8568422954406401,1.0,0.5,1.0,0,1,1,0,1,1
0.5,0.5,0.625824502910034,0.5,0.07275052537441362,0,0,1,0,1,0
0.7617711638639013,1.0,0.6881209655526338,0.5,1.0,1,1,1,0,1,1
0.0,0.0,0.5,0.5,0.5,1,1,0,0,0,0
1.0,0.5,0.5,0.5,1.0,1,0,0,0,1,1
0.5,0.5,0.5,0.5955303239788825,0.0,0,0,0,1,1,0
0.5,0.5,0.7754329948007095,0.774945652133191,1.0,0,0,1,1,1,1
0.5,0.7347467780984343,1.0,0.5,0.5,0,1,1,0,0,1
0.5,0.5,0.5,0.49133997820174813,0.5,0,0,0,1,0,0
0.5,0.7717757720123934,0.5,0.5,0.5,0,1,0,0,0,1
0.5,0.5,0.5,0.8051686492684615,0.9393099836998733,0,0,0,1,1,1
0.0,0.5,0.5,0.5,0.0,1,0,0,0,1,0
0.5,0.028051536703884553,0.5,0.4257311543545354,0.12435219998230812,0,1,0,1,1,0
0.5,0.5,0.0849818641261525,0.6973912919629764,0.5,0,0,1,1,0,0
0.5,0.0,0.5,0.5,0.5,0,1,0,0,0,0
0.0,0.5,0.15651472815635006,0.5,0.0,1,0,1,0,1,0
0.9257670908638544,0.5,0.5,0.5,0.9740641049173895,1,0,0,0,1,1
0.5,0.0,0.5,0.5,0.5,0,1,0,0,0,0
1.0,0.9149199815071445,0.4225410018962035,0.5,0.5,1,1,1,0,0,1
0.053162185930204185,0.0,0.5,0.2128187058162822,0.17983593760007333,1,1,0,1,1,0
0.04592869270707145,0.042474710700545114,0.5,0.7637454061594919,0.5,1,1,0,1,0,0
0.0,0.5,0.5,0.5,0.5,1,0,0,0,0,0
0.04063016090068702,0.5,0.14058424404631922,0.5,0.5,1,0,1,0,0,0
0.5,0.8207156307457439,0.7658855980643134,1.0,0.9646034322206934,0,1,1,1,1,1
0.9412249285499381,1.0,0.5,0.8592013528413799,1.0,1,1,0,1,1,1
0.0,0.5,0.5,0.5006424994446084,0.03543627223826584,1,0,0,1,1,0
1.0,0.5,0.5,0.7107267908591628,0.8843266066501656,1,0,0,1,1,1
0.07522144722573543,0.0726466459916687,0.0,0.5,0.0,1,1,1,0,1,0
0.5,0.5,0.5,1.0,0.5,0,0,0,1,0,1
0.5,0.5,1.0,0.5,1.0,0,0,1,0,1,1
0.5,1.0,0.5,0.5,1.0,0,1,0,0,1,1
1.0,1.0,1.0,0.8946371283416042,0.5,1,1,1,1,0,1
0.0,0.005706625278305442,0.5,0.6765224633843195,0.5,1,1,0,1,0,0
0.5,0.0,0.5,0.5,0.5,0,1,0,0,0,0
0.9544216008944005,0.5,1.0,0.5,0.5,1,0,1,0,0,1
0.5,1.0,0.5,0.5,1.0,0,1,0,0,1,1
0.5,0.5,0.5,0.5,0.0,0,0,0,0,1,0
0.03758102010476835,0.0,0.5,0.5,0.5,1,1,0,0,0,0
0.7222436720421247,0.5,0.5,0.864836690958805,0.9899382061234018,1,0,0,1,1,1
0.5,0.5,0.5,0.5,0.0,0,0,0,0,1,0
0.5,0.15829469669702867,0.22084996888371347,0.5,0.3386299592763072,0,1,1,0,1,0
0.089487241122579,0.0,0.5,0.5,0.0,1,1,0,0,1,0
0.712214914483827,1.0,0.5860409276130818,0.6709049739332695,0.5,1,1,1,1,0,1
0.5,0.0,0.19740865177218647,0.7434360755151748,0.5,0,1,1,1,0,0
0.5,0.5,0.5,0.6501674985010664,0.034249443385117574,0,0,0,1,1,0
0.5,0.5,0.5,0.5,0.09855344174895106,0,0,0,0,1,0
0.5,0.9014436916783222,0.5,0.5,0.5,0,1,0,0,0,1
0.7657917836648631,0.5,0.5,0.5,1.0,1,0,0,0,1,1
0.5,0.0,0.5,0.7044469938136344,0.5,0,1,0,1,0,0
0.1035500787483766,0.12173153701193669,0.5,0.7901885417696598,0.5,1,1,0,1,0,0
0.9486179280997107,1.0,0.5,0.5,0.5,1,1,0,0,0,1
0.1041319421518194,0.1381967318130597,0.2990346093686853,0.8014094489342434,0.5,1,1,1,1,0,0
1.0,1.0,0.8788394138472228,0.5,0.954446894630579,1,1,1,0,1,1
0.5,0.5,0.5,0.5,1.0,0,0,0,0,1,1
1.0,1.0,0.5,0.5,0.5,1,1,0,0,0,1
0.0,0.5,0.47441926812557494,0.5,0.0568728861789634,1,0,1,0,1,0
0.5,1.0,0.5,0.8066540002434165,0.5,0,1,0,1,0,1
0.04512922929728722,0.5,0.5,0.8093277448698764,0.5,1,0,0,1,0,0
0.5,0.5,1.0,0.5,0.5,0,0,1,0,0,1
0.02623987501773986,0.5,0.5,0.5,0.5,1,0,0,0,0,0
0.0174232995235167,0.5,0.5,0.5,0.10696041520872057,1,0,0,0,1,0
0.5,0.5,0.06783752460615183,0.38255920896164475,0.0,0,0,1,1,1,0
0.040777171150063754,0.041666619671638025,0.3864832207810386,0.29805590642432916,0.5,1,1,1,1,0,0
0.5,0.02551645376368465,0.5,0.5980326229577385,0.5,0,1,0,1,0,0
1.0,0.5,0.5,0.5,0.5,1,0,0,0,0,1
0.8990220459834465,0.5,0.5,0.9325139502618803,0.8993736096325516,1,0,0,1,1,1
0.5,0.5,0.5,0.5,0.29246318744773286,0,0,0,0,1,0
0.0,0.09801429662998132,0.5,0.5,0.0,1,1,0,0,1,0
0.8219986354304317,0.5,0.5,0.8307792282618058,0.5,1,0,0,1,0,1
0.12427339168574983,0.028712693471328536,0.5,0.5,0.5,1,1,0,0,0,0
0.5,0.7206005052382325,0.5,0.5,1.0,0,1,0,0,1,1
0.9618450296549045,0.5,0.5,0.5,0.5,1,0,0,0,0,1
0.5,0.5,0.5,0.5,1.0,0,0,0,0,1,1
0.07988042413698712,0.5,0.5,0.5,0.29498457967951286,1,0,0,0,1,0
0.0,0.5,0.3111354348053743,0.5,0.0,1,0,1,0,1,0
1.0,0.9508175518323548,0.5,0.8288544926786269,0.5,1,1,0,1,0,1
0.5,0.5,0.5,0.9318236969227859,0.06131338952085532,0,0,0,1,1,0
0.0,0.5,0.5,0.5,0.053581119849567545,1,0,0,0,1,0
1.0,1.0,0.6828904589319019,0.5,1.0,1,1,1,0,1,1
0.5,0.5,0.5,0.8131222466504314,0.9637269700154784,0,0,0,1,1,1
0.5,0.5,0.5,0.5,0.0,0,0,0,0,1,0
0.0,0.02129291343362081,0.5,0.5,0.5,1,1,0,0,0,0
0.9693797366714713,0.7472414713968829,0.5,0.5,0.9580730507194469,1,1,0,0,1,1
0.07315908718541606,0.5,0.5,0.5,0.5,1,0,0,0,0,0
0.5,0.7558191974666355,0.5,0.7969196135738656,1.0,0,1,0,1,1,1
0.5,1.0,0.5,0.9778748433705445,0.9422026884266828,0,1,0,1,1,1
0.5,0.0,0.5887098553275792,0.6831082111063674,0.5,0,1,1,1,0,0
0.0,0.5,0.37033686773679225,0.5,0.14399817363041512,1,0,1,0,1,0
0.5,0.5,0.5,0.5,1.0,0,0,0,0,1,1
0.0,0.14101972434396576,0.059212403250254564,0.8863732668039962,0.5,1,1,1,1,0,0
0.5,0.5,0.5,0.9744335098221837,0.0,0,0,0,1,1,0
0.5,0.0,0.5,0.5,0.21499122489256875,0,1,0,0,1,0
1.0,0.5,0.5,0.9467028189352283,0.5,1,0,0,1,0,1
0.018942306582145838,0.5,0.5,0.5,0.5,1,0,0,0,0,0
0.5,0.5,0.3483521724025238,0.5,0.5,0,0,1,0,0,1
0.07868529163677138,0.5,0.5,0.5,0.0790149027489069,1,0,0,0,1,0
0.5,0.5,0.5,0.5,0.9263819292862343,0,0,0,0,1,1
0.5,0.5,0.5,0.9603580982172593,0.5,0,0,0,1,0,1
0.5,0.5,0.5,0.5,0.0,0,0,0,0,1,0
0.5,0.039031460830563684,0.5,0.5,0.0,0,1,0,0,1,0
0.08937298396020579,0.5,0.5,0.5,0.09921185367120608,1,0,0,0,1,0
1.0,1.0,0.5,1.0,0.5,1,1,0,1,0,1
0.5,0.5,0.5,0.5,1.0,0,0,0,0,1,1
0.5,0.5,0.17956088825955127,0.5,0.009752730948507461,0,0,1,0,1,0
0.5,0.0,0.06602286349382255,0.5,0.0,0,1,1,0,1,0
1.0,0.7869708259050024,0.5,1.0,1.0,1,1,0,1,1,1
0.5,0.5,0.5,0.5,0.11094720275255172,0,0,0,0,1,0
0.0,0.5,0.5,0.5,0.02421369658554639,1,0,0,0,1,0
0.8810997448387632,1.0,0.6872489340282467,0.5,1.0,1,1,1,0,1,1
0.5,1.0,0.5,0.5,0.5,0,1,0,0,0,1
1.0,0.9650990059649485,0.9303899164910748,0.5,0.5,1,1,1,0,0,1
0.5,0.5,0.5,1.0,0.21436085737473765,0,0,0,1,1,0
0.0307260406524619,0.5,0.5,0.5213246199225816,0.18632359552489816,1,0,0,1,1,0
0.5,0.7059707045206632,0.5,0.8922298270017561,0.9794394016997987,0,1,0,1,1,1
0.5,0.5,0.5,0.5,0.8594350775282714,0,0,0,0,1,1
0.5,0.8720000245501518,0.5,0.5,0.5,0,1,0,0,0,1
0.9829141322609151,0.5,0.5,0.5,0.5,1,0,0,0,0,1
0.5,0.5,0.5,0.5,1.0,0,0,0,0,1,1
0.5,0.5,0.5316750308632996,0.5,0.049001152523023846,0,0,1,0,1,0
0.5,0.142756509082476,0.33907882078617013,0.5,0.14352701274934201,0,1,1,0,1,0
0.5,0.5,0.3043833826488378,0.5,0.08049564388262902,0,0,1,0,1,0
1.0,0.5,0.5,0.7094187318707185,1.0,1,0,0,1,1,1
0.5,1.0,0.5,0.5832720486219471,0.9831403364709647,0,1,0,1,1,1
0.746209414680898,0.9999994026700232,0.5,0.7667792691419082,1.0,1,1,0,1,1,1
0.5,0.5,0.5,0.5,0.0,0,0,0,0,1,0
0.040280611133708094,0.08625542044603303,0.5,0.5,0.0,1,1,0,0,1,0
0.9359698736293866,0.5,0.5,0.5,0.5,1,0,0,0,0,1
0.8635674477244474,1.0,0.5,0.5,1.0,1,1,0,0,1,1
0.8735305002178531,0.5,0.5,0.5,0.5,1,0,0,0,0,1
0.5,0.7838096493107267,0.5,0.7370788446635905,0.5,0,1,0,1,0,1
0.5,0.9314642278140728,0.5,0.5,1.0,0,1,0,0,1,1
0.5,1.0,1.0,0.5,0.5,0,1,1,0,0,1
0.5,0.08323573249557147,0.5,0.5,0.0,0,1,0,0,1,0
1.0,0.5,0.5,0.5,0.5,1,0,0,0,0,1
0.5,1.0,0.5,0.5,0.8565820969901682,0,1,0,0,1,1
1.0,0.9262968018899719,0.5,0.5,0.5,1,1,0,0,0,1
1.0,0.5,0.5,0.7608069463200282,0.5,1,0,0,1,0,1
0.5,0.5,0.27230819506046766,0.5,0.5,0,0,1,0,0,1
0.9685254417734487,0.5,0.5,0.5,0.5,1,0,0,0,0,1
0.5,0.5,0.5,0.5,0.13364967674696818,0,0,0,0,1,0
0.10444754578812374,0.0,0.0126622685051416,0.5,0.5,1,1,1,0,0,0
0.04618017538352496,0.5,0.5,0.5,0.0,1,0,0,0,1,0
0.5,0.5,0.5,0.5,0.2464687620437628,0,0,0,0,1,0
0.7574600079005587,0.5,0.8433189309652194,0.5,1.0,1,0,1,0,1,1
0.0,0.5,0.5,0.5,0.0,1,0,0,0,1,0
0.006651895540072358,0.07779841480723398,0.5,0.5,0.0,1,1,0,0,1,0
0.04780181636969452,0.5,0.5,0.5,0.0,1,0,0,0,1,0
0.6603629214542828,1.0,0.5,0.5,0.5,1,1,0,0,0,1
0.0,0.5,0.3935746522433859,0.5,0.5,1,0,1,0,0,0
0.5,0.5,0.5,0.6846011981875173,1.0,0,0,0,1,1,1
0.9001421470555643,0.5,0.8290753049490859,0.8659455620223591,0.5,1,0,1,1,0,1
0.5,0.5,0.5,0.5,0.0,0,0,0,0,1,0
0.5,0.7575297556916902,0.9667838110746348,0.75890088534466,0.5,0,1,1,1,0,1
0.5,0.8619401166577862,0.6819333962538345,0.5,0.5,0,1,1,0,0,1
0.5,0.5,0.5,0.5,0.8791248109321328,0,0,0,0,1,1
0.5,0.07538590281273536,0.5,0.5,0.0,0,1,0,0,1,0
0.14447444515632188,0.5,0.5,0.5,0.23468616158359795,1,0,0,0,1,0
0.024319752271185116,0.5,0.5,0.5,0.0,1,0,0,0,1,0
0.09295743514962654,0.5,0.5,0.5,0.0,1,0,0,0,1,0
0.9510323339928748,0.5,0.5,0.7867344661289758,0.5,1,0,0,1,0,1
0.5,0.6604980930048976,0.5,0.5,0.5,0,1,0,0,0,1
0.03762576686113456,0.5,0.5,0.5,0.05003354744443627,1,0,0,0,1,0
0.5,0.5,0.5,0.5832065387124217,0.5,0,0,0,1,0,1
0.1334876920858118,0.5,0.5,0.5279178881390632,0.014084093593215712,1,0,0,1,1,0
0.03358103556762383,0.0,0.5,0.5,0.5,1,1,0,0,0,0
0.0,0.0,0.22002794776475815,0.48272413450925894,0.5,1,1,1,1,0,0
1.0,0.8562749621993847,0.5,0.8387716989018204,1.0,1,1,0,1,1,1
0.5,1.0,0.5,0.8817232887648903,0.5,0,1,0,1,0,1
0.5,0.5,0.6702908119801431,0.7035826296405163,0.5,0,0,1,1,0,1
0.07127415849809252,0.1206242952940374,0.5,0.5,0.0,1,1,0,0,1,0
1.0,0.5,0.5,0.5,0.5,1,0,0,0,0,1
0.7637389084515347,0.5,0.9165302195786932,0.8016939036702392,0.8883474389963676,1,0,1,1,1,1
0.019614809514236477,0.5,0.25273106088779007,0.5,0.5,1,0,1,0,0,0
0.5,0.5,0.5,0.913511044274988,0.5,0,0,0,1,0,0
0.09380716867551822,0.5,0.0,0.5,0.23624164144767462,1,0,1,0,1,0
0.0,0.5,0.5,0.5,0.0,1,0,0,0,1,0
0.5,0.0,0.5,0.5,0.5,0,1,0,0,0,0
0.5,0.0,0.5,0.5,0.0,0,1,0,0,1,0
0.8834959216594709,0.5,0.5,0.8893768866262912,0.893048245794586,1,0,0,1,1,1
0.5,0.5,0.7498131976855632,0.5,0.9654232575747809,0,0,1,0,1,1
0.0,0.0,0.24056806552708235,0.5,0.3292705573389224,1,1,1,0,1,0
0.5,0.9936805750113891,0.6831284873346517,0.8650920210243914,0.9639606335459718,0,1,1,1,1,1
0.046348086946231645,0.5,0.5,0.5,0.1405784826364012,1,0,0,0,1,0
0.5,0.5,0.6899517329817423,0.5,0.5,0,0,1,0,0,1
0.1009517977904549,0.0023528231226350024,0.5,0.48410025763274656,0.24604171634259994,1,1,0,1,1,0
1.0,0.5,0.5,0.8819954479087466,0.9845219737054498,1,0,0,1,1,1
0.9614818621007546,0.5,0.5,0.5,0.8646870575402004,1,0,0,0,1,1
0.9049219940779576,0.5,0.5,0.5,0.5,1,0,0,0,0,1
0.8381413334062845,1.0,1.0,0.5,1.0,1,1,1,0,1,1
0.024828346809697217,0.0,0.5,0.5,0.17688954937663304,1,1,0,0,1,0
0.0,0.0,0.5,0.5789325668585605,0.5,1,1,0,1,0,0
0.5,0.0,0.4858863096428818,0.5,0.5,0,1,1,0,0,0
0.5,0.9248331891601222,0.8252111881660416,0.6914880611617813,0.9839352073898207,0,1,1,1,1,1
0.9919528147417146,1.0,0.9911599024556039,0.8484413332715635,0.94413977443683,1,1,1,1,1,1
0.5,0.5,0.5,0.5,0.9957835945255169,0,0,0,0,1,1
0.0,0.5,0.007047297443501743,0.5,0.5,1,0,1,0,0,0
0.5,0.5,0.5,0.5,1.0,0,0,0,0,1,1
0.9791702234821014,0.983630194882544,0.861737100679124,0.5,1.0,1,1,1,0,1,1
1.0,0.8830629963783813,0.9094531611045703,0.5,1.0,1,1,1,0,1,1
0.5,0.5,0.5,0.5,1.0,0,0,0,0,1,1
0.5,0.5,0.9029929306664997,0.5,0.9210515940791693,0,0,1,0,1,1
0.5,0.5,0.9806627015487973,0.5,0.9093688922732469,0,0,1,0,1,1
0.5,0.0,0.5,0.5,0.5,0,1,0,0,0,0
1.0,0.5,0.5,0.5,1.0,1,0,0,0,1,1
0.5,0.5,0.5,0.5,0.9595918487197174,0,0,0,0,1,1
0.5,0.9070159563639556,0.5,1.0,1.0,0,1,0,1,1,1
0.5,0.5,0.5,1.0,1.0,0,0,0,1,1,1
0.9467290124495872,0.9687416828017493,0.762651147122909,0.5,0.9124307601465751,1,1,1,0,1,1
0.5,0.0,0.5,0.5,0.5,0,1,0,0,0,0
0.14986273964129876,0.0,0.5,0.5,0.053477916509598586,1,1,0,0,1,0
0.023615113663772825,0.5,0.5,0.5,0.5,1,0,0,0,0,0
0.5,0.031328583434446056,0.5,0.7819162577341666,0.5,0,1,0,1,0,0
0.9587593128141186,0.5,0.60435275156611,0.8208045297736134,0.5,1,0,1,1,0,1
0.5,0.5,0.5,0.39616763479071715,0.0,0,0,0,1,1,0
0.5,0.5,0.5,0.5,1.0,0,0,0,0,1,1
0.8660319705046752,0.9885160771059776,0.5,0.5,0.5,1,1,0,0,0,1
0.9099932532778818,1.0,0.561069997737625,0.5,1.0,1,1,1,0,1,1
0.705916879712279,0.5,1.0,0.862760266965456,0.5,1,0,1,1,0,1
0.08963707266255544,0.0,0.5,0.5,0.12440782235421227,1,1,0,0,1,0
0.5,0.8470247234156122,0.5,0.794124604030424,0.5,0,1,0,1,0,1
0.9049548836249609,0.5,1.0,0.5,0.9883278996073162,1,0,1,0,1,1
0.054210604823423415,0.5,0.31521478597035746,0.5,0.5,1,0,1,0,0,0
1.0,0.9683664253426949,0.5,0.5,0.7683049170685141,1,1,0,0,1,1
0.5,0.5,0.4546575288989975,0.5,0.5,0,0,1,0,0,1
1.0,1.0,0.5,0.5,1.0,1,1,0,0,1,1
0.0,0.12685828164376417,0.5,0.5,0.1740360048251358,1,1,0,0,1,0
0.5,0.5,0.5,0.5,0.07579829726354945,0,0,0,0,1,0
1.0,0.5,0.5,0.5,1.0,1,0,0,0,1,1
0.9389687471441296,0.5,0.7857666383448573,0.5,1.0,1,0,1,0,1,1
0.5,0.0,0.5,0.5,0.5,0,1,0,0,0,0
0.5,0.06184731677402539,0.5,0.5,0.5,0,1,0,0,0,0
0.5,0.5,0.6078170811618806,0.708133182135914,0.5,0,0,1,1,0,1
1.0,0.5,0.5,0.5,0.5,1,0,0,0,0,1
0.5,0.5,0.5,0.6252339636828966,0.0,0,0,0,1,1,0
0.11841453154681164,0.5,0.0,0.5,0.5,1,0,1,0,0,0
0.9126300332297402,0.5,0.5,0.5,0.9963659974812872,1,0,0,0,1,1
1.0,0.5,0.5,0.7267860128347862,0.9965069633000697,1,0,0,1,1,1
0.5,0.0873520675966892,0.5,0.5,0.02993623629740433,0,1,0,0,1,0
0.0,0.5,0.0800092619840832,0.5,0.17723350635093688,1,0,1,0,1,0
0.023883620445685226,0.08738321741613614,0.5,0.5,0.5,1,1,0,0,0,0
0.8120844994947197,0.8545511349004822,0.633928020688634,0.5,0.9466613783741542,1,1,1,0,1,1
0.060779012872080845,0.5,0.5,0.522038573361628,0.5,1,0,0,1,0,0
0.5,0.5,0.5,0.526960905708433,0.5,0,0,0,1,0,0
0.11997912322609591,0.009524480928675723,0.5,0.5,0.18483030422893065,1,1,0,0,1,0
0.6780954439772109,0.8791919817340997,0.5,0.5,0.5,1,1,0,0,0,1
0.08578900627786512,0.12839263531348277,0.5,0.7583513492569071,0.5,1,1,0,1,0,0
0.026431005075089706,0.0,0.2138334192537591,0.5,0.5,1,1,1,0,0,0
0.057745182996521704,0.5,0.5,0.5,0.016158694342792206,1,0,0,0,1,0
0.0,0.09926400111224709,0.3653883150171302,0.5,0.09130336758737664,1,1,1,0,1,0
0.5,0.05762632958561302,0.39079229499755724,0.5,0.12991152489667857,0,1,1,0,1,0
0.5,0.5,0.5,1.0,0.8278291956682292,0,0,0,1,1,1
0.0,0.5,0.5,0.5,0.5,1,0,0,0,0,0
0.11628048391882645,0.5,0.5,0.5,0.5,1,0,0,0,0,0
0.5,0.5,0.5,0.5,1.0,0,0,0,0,1,1
0.8618871424940783,0.5,0.5,0.5,0.5,1,0,0,0,0,1
0.04254971965698612,0.5,0.3420003778308236,0.5,0.5,1,0,1,0,0,0
1.0,0.5,0.5,0.5,0.5,1,0,0,0,0,1
0.5,0.5,0.5,0.5,0.22137571936044792,0,0,0,0,1,0
0.5,0.8083395035120534,0.5,0.8351015081915294,1.0,0,1,0,1,1,1
0.0,0.5,0.5,0.5,0.049959720082154414,1,0,0,0,1,0
0.5,0.0,0.5,0.5,0.5,0,1,0,0,0,0
0.5,0.809391950394706,0.5,0.8536607100607307,0.5,0,1,0,1,0,1
0.5,0.5,0.14965916805651042,0.5,0.16007750830691866,0,0,1,0,1,0
0.005530957655909925,0.13764761932406827,0.5,0.5,0.0,1,1,0,0,1,0
0.5,0.0,0.2047924743204915,0.5820676619297342,0.5,0,1,1,1,0,0
0.5,0.5,0.5,0.5,0.9552102558756548,0,0,0,0,1,1
0.5,0.0,0.5,0.5,0.16446515454558117,0,1,0,0,1,0
1.0,0.5,0.4037826317121306,0.5,0.5,1,0,1,0,0,1
0.027731208804914954,0.5,0.5,0.5,0.0,1,0,0,0,1,0
0.921976809116231,0.5,0.5,1.0,0.5,1,0,0,1,0,1
0.5,0.5,0.5,0.5,0.0,0,0,0,0,1,0
0.5,1.0,0.5,0.5,0.5,0,1,0,0,0,1
0.5,0.01496932775830431,0.5,0.5,0.5,0,1,0,0,0,0
0.7392293651588844,0.9951177162482625,0.6773873309956081,0.5,0.953068786705369,1,1,1,0,1,1
0.1460654041824563,0.5,0.07879448201477685,0.5,0.5,1,0,1,0,0,0
0.0,0.5,0.5,0.5,0.15733739549181028,1,0,0,0,1,0
0.9485354395107348,1.0,0.5,0.9125991777224806,0.9509640801349313,1,1,0,1,1,1
0.07316106043713208,0.5,0.5,0.5,0.19411678440394528,1,0,0,0,1,0
0.5,0.5,0.5,0.3515360261968625,0.5,0,0,0,1,0,0
0.948937492099686,0.5,0.5,0.5,0.5,1,0,0,0,0,1
1.0,0.8611916930379226,0.5,0.5,1.0,1,1,0,0,1,1
0.9107939621257445,0.5,0.5,0.5,1.0,1,0,0,0,1,1
0.5,0.5,0.5,0.5,0.1430379523122669,0,0,0,0,1,0
0.0,0.0,0.5,0.7116838217149822,0.3341130962083327,1,1,0,1,1,0
0.0,0.0,0.2127561743253784,0.5915213112667341,0.0,1,1,1,1,1,0
0.0,0.5,0.21331712770636144,0.6697046439850858,0.5,1,0,1,1,0,0
0.5,0.5,0.5,0.8724949232291722,0.5,0,0,0,1,0,0
0.022824805918696244,0.0,0.5,0.8959255858884698,0.5,1,1,0,1,0,0
0.5,0.5,0.5,0.9646210636084541,0.5,0,0,0,1,0,1
0.1347230980478913,0.004940646619784158,0.5,0.7149424256540199,0.5,1,1,0,1,0,0
0.0,0.5,0.5,0.5,0.0,1,0,0,0,1,0
0.5,0.5,0.5,0.5,0.8885420760651713,0,0,0,0,1,1
1.0,0.5,0.8825751181951411,0.5,1.0,1,0,1,0,1,1
0.5,0.5,0.09738046338065882,0.5,0.0,0,0,1,0,1,0
0.8823903166201669,0.7736834826642018,1.0,0.5,0.5,1,1,1,0,0,1
0.8990975518929238,0.9013623749297399,0.8216837586864156,0.5,1.0,1,1,1,0,1,1
0.0,0.5,0.5,0.5,0.5,1,0,0,0,0,0
0.874413728945149,0.5,0.8638538486857178,0.6932248698921033,0.9279389607837666,1,0,1,1,1,1
0.0,0.5,0.5,0.5,0.5,1,0,0,0,0,0
0.12325337256493274,0.5,0.5,0.6165258283229209,0.5,1,0,0,1,0,0
0.03414634475970497,0.13450368794292944,0.5,0.7702324213626666,0.5,1,1,0,1,0,0
0.5,0.0,0.5,0.29428356346544754,0.0,0,1,0,1,1,0
1.0,0.8492116925354432,0.5,0.5,0.989700395198614,1,1,0,0,1,1
0.5,0.5,0.5,0.8539746818669658,0.9842777161984834,0,0,0,1,1,1
0.5,0.0,0.5,0.5,0.0,0,1,0,0,1,0
0.5,0.8952813361154492,0.5,0.5,0.5,0,1,0,0,0,1
0.9629178639897751,1.0,0.5,0.5,0.9425406285724834,1,1,0,0,1,1
1.0,0.5,0.5,1.0,0.5,1,0,0,1,0,1
0.5,0.06739123398895186,0.5,0.5,0.43796662003662334,0,1,0,0,1,0
0.5,0.5,0.5,0.8886715178270389,0.11325898517705402,0,0,0,1,1,0
0.5,0.5,0.5,0.5,0.0,0,0,0,0,1,0
1.0,0.9505963513270748,0.5,0.9363710402715184,0.5,1,1,0,1,0,1
0.5,0.8335082113634997,0.5,0.8515105855164359,1.0,0,1,0,1,1,1
0.056204144551877666,0.5,0.4643269013694461,0.9570361975246551,0.2144212449246299,1,0,1,1,1,0
0.9074525233618583,0.8594746550560399,0.5,0.5,0.9581105251709705,1,1,0,0,1,1
0.5,0.5,0.28387716144994196,0.5,0.12253812358033733,0,0,1,0,1,0
0.11176471763597129,0.5,0.5,0.5,0.5,1,0,0,0,0,0
0.8227748028457718,0.5,0.5,0.891242876035621,0.939142538794632,1,0,0,1,1,1
0.10956675849114278,0.5,0.5,0.5672994829805211,0.5,1,0,0,1,0,0
1.0,1.0,0.5,0.5,0.5,1,1,0,0,0,1
0.07377313623524728,0.5,0.5,0.715993586480219,0.5,1,0,0,1,0,0
0.038631890773312735,0.0681074831066332,0.020475982435984086,0.5,0.5,1,1,1,0,0,0
0.5,0.5,0.8680809756858855,0.5,0.5,0,0,1,0,0,1
0.0,0.5,0.5,0.5,0.5,1,0,0,0,0,0
1.0,1.0,0.7686167160802995,0.5,0.5,1,1,1,0,0,1
0.07953687362031384,0.0008145213418594543,0.7175981723826572,0.7360252565126038,0.09553255478346163,1,1,1,1,1,0
0.0,0.5,0.5,0.5,0.0,1,0,0,0,1,0
1.0,0.5,0.6104435054153339,0.5,0.9302167741593137,1,0,1,0,1,1
1.0,0.5,0.5,0.5,0.5,1,0,0,0,0,1
0.5,0.0,0.5,0.5585306925902591,0.5,0,1,0,1,0,0
0.0,0.0,0.5,0.5380455336903505,0.06533700375727843,1,1,0,1,1,0
0.0,0.5,0.5,0.5,0.5,1,0,0,0,0,0
0.05298491358257577,0.5,0.5,0.7511958792836707,0.5,1,0,0,1,0,0
1.0,0.5,0.5,0.5,1.0,1,0,0,0,1,1
0.5,0.5,0.5,0.5,0.0,0,0,0,0,1,0
0.5,1.0,0.4776299369806775,0.5,0.5,0,1,1,0,0,1
0.5,1.0,0.5,0.5,0.5,0,1,0,0,0,1
1.0,0.5,0.9239237253076645,0.9054108899047331,0.9096382439714303,1,0,1,1,1,1
0.5,0.08505811511832027,0.5,0.5,0.0,0,1,0,0,1,0
0.8249936593338911,1.0,0.5,0.5,0.5,1,1,0,0,0,1
0.5,0.8361133319360257,1.0,0.5,0.5,0,1,1,0,0,1
0.0,0.0,0.09665986794053039,1.0,0.17717415716485488,1,1,1,1,1,0
0.0,0.0,0.5,0.5,0.015610161816792131,1,1,0,0,1,0
0.9626667721964907,0.5,0.7105496534621218,0.5,1.0,1,0,1,0,1,1
0.05335440594385299,0.5,0.4115555007039679,0.5,0.5,1,0,1,0,0,0
0.09832411466307545,0.5,0.5,0.8524639278421923,0.024693927601539614,1,0,0,1,1,0
0.5,0.07044871793544044,0.4703519565063167,0.5,0.5,0,1,1,0,0,0
0.5,0.5,0.5,0.5,0.045516070921953124,0,0,0,0,1,0
0.5,0.7946221201031527,0.5,0.6464240362012303,0.9551380132011932,0,1,0,1,1,1
0.5,0.5,0.5,0.5,1.0,0,0,0,0,1,1
0.0,0.5,0.5,0.5,0.5,1,0,0,0,0,0
0.013026470769422989,0.0,0.5,0.7316137870717078,0.0,1,1,0,1,1,0
0.9367355826346359,0.5,0.5,0.5,0.5,1,0,0,0,0,1
0.5,0.5,0.13103827174890664,0.5113286255561434,0.5,0,0,1,1,0,0
0.04898884643272921,0.5,0.5,0.5,0.047360976986986374,1,0,0,0,1,0
0.5,0.0,0.5,0.5,0.1468826147735142,0,1,0,0,1,0
0.5,1.0,0.5,0.5,0.5,0,1,0,0,0,1
0.5,0.5,0.7277521213993645,0.5,0.5,0,0,1,0,0,1
0.0,0.5,0.5,0.7155478195847692,0.5,1,0,0,1,0,0
0.5,0.5,0.5,0.5,0.25253383697000564,0,0,0,0,1,0
0.5,0.5,0.5,0.9302076493695883,0.5,0,0,0,1,0,1
0.5,0.5,0.5,0.4526912087920953,0.5,0,0,0,1,0,0
0.9770095082236679,0.5,0.5,0.5,0.9929731539036608,1,0,0,0,1,1
0.9657597029011211,0.7145971925052989,0.5,0.5,1.0,1,1,0,0,1,1
0.5,0.0,0.5,0.8354946616739773,0.06788839848763065,0,1,0,1,1,0
0.7176859759140004,0.5,0.5,0.5,1.0,1,0,0,0,1,1
0.06276136482239608,0.5,0.0,0.5,0.01467944539339306,1,0,1,0,1,0
0.0824259451621005,0.5,0.519216228710268,0.5,0.5,1,0,1,0,0,0
0.0,0.5,0.27958630113457306,0.9602556307875956,0.0443494343512035,1,0,1,1,1,0
0.06463391303463854,0.5,0.5,0.5,0.5,1,0,0,0,0,0
0.0,0.5,0.5,0.7866981033232417,0.5,1,0,0,1,0,0
0.9301522126658386,0.5,0.5,0.5,0.5,1,0,0,0,0,1
0.9291121960200118,0.5,0.44703554282956115,0.5,0.9026021615763142,1,0,1,0,1,1
0.5,0.9367494291256666,0.5,0.5,0.5,0,1,0,0,0,1
1.0,0.8368027218696122,0.5,0.5,1.0,1,1,0,0,1,1
0.5,0.5,0.5,0.8871346048630451,0.0,0,0,0,1,1,0
0.5,0.9262413356071119,0.5,0.8331181577139863,0.5,0,1,0,1,0,1
0.5,0.9394389947657475,1.0,0.5,1.0,0,1,1,0,1,1
1.0,0.9549647144242944,0.6720929656933046,0.6108520986615027,1.0,1,1,1,1,1,1
0.5,0.004890105101889816,0.5,0.7490598396455919,0.38430003835002435,0,1,0,1,1,0
0.15155389881137976,0.04465508728088309,0.5,0.5,0.0,1,1,0,0,1,0
0.19756829299428685,0.0,0.5,0.9634946726756018,0.06269521146020827,1,1,0,1,1,0
0.5,0.8445565985439697,0.5,0.5,0.9339074001436,0,1,0,0,1,1
0.8771705560065272,0.5,0.8923911545720918,0.5,0.5,1,0,1,0,0,1
0.5,1.0,0.5,0.5,0.5,0,1,0,0,0,1
0.5,0.5,0.17439463094649746,0.5,0.5,0,0,1,0,0,0
0.5,0.0,0.5,0.5,0.5,0,1,0,0,0,0
0.5,0.5,0.09856199690670575,0.5,0.5,0,0,1,0,0,0
0.06369751354239701,0.5,0.5,0.5,0.10822646081024626,1,0,0,0,1,0
0.0,0.5,0.3004971209847094,0.5,0.023526700285233855,1,0,1,0,1,0
0.5,0.5,0.5,0.7896818546567139,0.14415927888052787,0,0,0,1,1,0
0.02314358634936031,0.0,0.37090769141298463,0.7169220502912961,0.5,1,1,1,1,0,0
0.5,0.5,0.5,0.5,0.27249287140184375,0,0,0,0,1,0
0.5,0.5,0.6511622417928201,0.5,0.5,0,0,1,0,0,1
0.5,0.5,0.0,0.7888724159015119,0.5,0,0,1,1,0,0
1.0,0.5,0.5,0.5,0.5,1,0,0,0,0,1
1.0,1.0,0.5,0.8670895917524108,1.0,1,1,0,1,1,1
0.5,0.03170285548512062,0.5,0.737491451616547,0.0,0,1,0,1,1,0
0.5,0.5,0.5,0.5,0.30433526946365047,0,0,0,0,1,0
0.22605741274906327,0.0,0.5,0.5,0.0,1,1,0,0,1,0
1.0,0.5,0.7598250287369723,0.5,0.9415006722835378,1,0,1,0,1,1
0.5,0.5,0.5,0.5,0.0,0,0,0,0,1,0
1.0,1.0,0.5,0.5,1.0,1,1,0,0,1,1
0.8497914535864987,1.0,0.5,0.8516201908691632,0.5,1,1,0,1,0,1
0.0,0.0,0.2228602058343548,1.0,0.0,1,1,1,1,1,0
0.5,0.7021262236546038,0.5,0.5,0.5,0,1,0,0,0,1
0.5,0.0331868270338541,0.49112599370354065,0.5,0.5,0,1,1,0,0,0
0.0,0.0,0.1406584249784616,0.9057553224769238,0.0,1,1,1,1,1,0
0.01244393183169764,0.5,0.5,0.5,0.5,1,0,0,0,0,0
0.820582661364292,0.5,0.5,0.5,0.8982844108969534,1,0,0,0,1,1
0.5,0.9445091009076517,0.5,0.5,0.5,0,1,0,0,0,1
0.023615530249389075,0.5,0.5,0.25584256392355714,0.035795787566600554,1,0,0,1,1,0
0.0,0.016839062260631175,0.0,0.47696687638549057,0.5,1,1,1,1,0,0
0.13974797892454718,0.0,0.5,0.5,0.5,1,1,0,0,0,0
0.5,0.0,0.5,0.5999401842185319,0.0,0,1,0,1,1,0
1.0,0.8886528667642001,0.5,1.0,0.5,1,1,0,1,0,1
0.935809086263592,0.8508707854445388,0.5322696916078364,0.5,0.5,1,1,1,0,0,1
1.0,0.8651061792591732,0.8861368959106617,0.5,0.5,1,1,1,0,0,1
0.7578841522539174,0.7995790531340377,0.5725496231300016,0.6637401491679243,1.0,1,1,1,1,1,1
0.8838519671309207,1.0,0.5,0.9130838202230811,1.0,1,1,0,1,1,1
0.5,0.5,0.4847681954984493,0.5,0.855438401355392,0,0,1,0,1,1
0.9986547191800947,0.5,0.5,0.5,0.5,1,0,0,0,0,1
0.0,0.5,0.5,0.5,0.5,1,0,0,0,0,0
0.5,0.9601128805017634,0.5,0.5,0.5,0,1,0,0,0,1
0.0,0.0,0.4912183632827738,0.5740387967695443,0.0,1,1,1,1,1,0
0.5,0.0,0.5,0.5,0.5,0,1,0,0,0,0
0.14407913977875242,0.5,0.020023063508403355,0.5,0.09973088663925404,1,0,1,0,1,0
0.5,0.9095454537072626,0.4972062771070373,0.7547800367781883,0.929999709305825,0,1,1,1,1,1
0.9300928901796218,0.5,0.5,0.5,0.5,1,0,0,0,0,1
0.0,0.029449951803037284,0.4661058101551292,0.5,0.5,1,1,1,0,0,0
0.5,0.5,0.5,0.5350256209325672,0.5,0,0,0,1,0,0
0.5,0.9484926689201885,0.5,0.5,0.5,0,1,0,0,0,1
0.5,0.5,0.5,0.5,0.8625641336837893,0,0,0,0,1,1
0.03185103753376005,0.5,0.5,0.5,0.5,1,0,0,0,0,0
0.18123404986978198,0.5,0.5,0.5,0.5,1,0,0,0,0,0
0.0,0.5,0.5,0.5117731533489616,0.5,1,0,0,1,0,0
0.009798804552136605,0.5,0.32456414447159165,0.5,0.0,1,0,1,0,1,0
1.0,0.9508221068008156,0.5,0.5,1.0,1,1,0,0,1,1
0.9608191977843233,0.9515259952653546,0.5,0.5690260807634626,0.5,1,1,0,1,0,1
0.622071860924369,0.5,0.5,0.5,0.5,1,0,0,0,0,1
0.5,0.5,0.5,0.9962517982564847,0.5,0,0,0,1,0,1
0.5,0.5,0.5,0.5,0.9927558297801938,0,0,0,0,1,1
1.0,0.9315078956601879,0.5,0.5,0.5,1,1,0,0,0,1
0.5,0.5812147447665728,1.0,1.0,0.5,0,1,1,1,0,1
0.0,0.0976015651705593,0.5,0.8732711250846579,0.5,1,1,0,1,0,0
0.07291477207331837,0.5,0.18552357303137854,0.5,0.5,1,0,1,0,0,0
1.0,0.9551393505068386,0.5,0.5,0.8904545148063494,1,1,0,0,1,1
0.5,0.5,1.0,0.8985793222889115,0.9521586390393078,0,0,1,1,1,1
0.0,0.5,0.5,0.9628130664429563,0.5,1,0,0,1,0,0
0.09571075675481816,0.04526895020451202,0.0,0.5,0.5,1,1,1,0,0,0
0.0,0.5,0.5,0.673837009351645,0.5,1,0,0,1,0,0
0.5,0.5,0.5,0.5,0.9185993216234628,0,0,0,0,1,1
0.10705626334981921,0.015878773728722876,0.5,0.5,0.0,1,1,0,0,1,0
0.17547695388591916,0.5,0.49691463460194424,0.5,0.18591550726171208,1,0,1,0,1,0
0.698345343438556,0.5,0.5,0.5,1.0,1,0,0,0,1,1
0.01785985987959215,0.5,0.5,0.5,0.19669505548688337,1,0,0,0,1,0
0.5,0.5,0.5,0.5,0.9760761745026892,0,0,0,0,1,1
0.5,0.5,0.5,0.5,0.14011828119547673,0,0,0,0,1,0
0.0,0.08028364445812297,0.5,0.9083155966736605,0.5,1,1,0,1,0,0
0.0340676575493101,0.5,0.5,0.6767079011681322,0.156224683504008,1,0,0,1,1,0
1.0,0.5,0.8059920708689717,0.5,0.5,1,0,1,0,0,1
0.5,0.047326126511931285,0.0,0.5,0.0,0,1,1,0,1,0
1.0,0.5,0.7046984499935774,0.5,0.5,1,0,1,0,0,1
0.5,0.0,0.5,0.4541849067603456,0.0,0,1,0,1,1,0
0.5,0.9062391648738819,0.5,0.7346750898693643,0.5,0,1,0,1,0,1
0.5,0.5,0.5,0.5581431381954705,0.5,0,0,0,1,0,0
0.5,0.5,0.5,0.5,1.0,0,0,0,0,1,1
0.0,0.5,0.5,0.5,0.23085773384564015,1,0,0,0,1,0
0.5,0.0359273632154849,0.5,0.2476551305507007,0.10468039682843283,0,1,0,1,1,0
0.5,0.5,0.9533840815102121,0.7895537509297648,0.5,0,0,1,1,0,1
0.0,0.5,0.5,0.608834548864188,0.22248609871988717,1,0,0,1,1,0
0.5,0.08938042154655593,0.5,0.5,0.5,0,1,0,0,0,0
0.6986454973725835,1.0,0.5,0.5,0.5,1,1,0,0,0,1
1.0,0.5,0.9317494204294561,0.5,0.5,1,0,1,0,0,1
0.08015785468851008,0.0,0.5,0.6078281275625125,0.5,1,1,0,1,0,0
0.08946804368149744,0.04466815704899757,0.15958394213621319,0.5,0.5,1,1,1,0,0,0
0.08252390267625623,0.5,0.5,0.5,0.0,1,0,0,0,1,0
0.5,0.5,0.34616509691284003,0.5,0.0,0,0,1,0,1,0
0.9951489601656374,0.5,0.5,0.5,1.0,1,0,0,0,1,1
0.0,0.5,0.5,0.45505313606822484,0.043253488712859486,1,0,0,1,1,0
1.0,0.9576626706103659,0.5,0.6372533796055114,0.5,1,1,0,1,0,1
1.0,1.0,0.8967324271946086,0.5,1.0,1,1,1,0,1,1
0.5,0.5,0.5,0.7232436523305596,0.5,0,0,0,1,0,0
0.5,0.5,0.5,0.9108154741112908,0.5,0,0,0,1,0,1
1.0,0.6226908287242552,0.5,0.5,0.9836886399430695,1,1,0,0,1,1
0.01770239624398101,0.0,0.5,0.645331099302629,0.5,1,1,0,1,0,0
0.0,0.5,0.5,0.7309804166310865,0.11375907860120868,1,0,0,1,1,0
0.0,0.5,0.5,1.0,0.5,1,0,0,1,0,0
0.055439586509969635,0.5,0.2842205892802012,0.5,0.0,1,0,1,0,1,0
0.0,0.5,0.5,0.5,0.5,1,0,0,0,0,0
0.5,0.0,0.0,0.5,0.10421592185080503,0,1,1,0,1,0
0.5,0.5,0.5,0.5,0.2291313811474482,0,0,0,0,1,0
0.8483694792799241,0.5,0.5,0.9408082220485641,0.5,1,0,0,1,0,1
1.0,0.5,0.5,0.5,0.9724475571216022,1,0,0,0,1,1
0.006913988704909181,0.5,0.5,0.7053813928604579,0.22153366661902252,1,0,0,1,1,0
1.0,0.5,1.0,0.6634456021473832,0.5,1,0,1,1,0,1
1.0,1.0,0.385500663190543,0.5,0.5,1,1,1,0,0,1
0.5,0.020359207487798923,0.0,0.5,0.5,0,1,1,0,0,0
0.044034477818246355,0.5,0.5,0.5,0.1269850094855674,1,0,0,0,1,0
0.04095846378302492,0.5,0.14580348584362668,0.7849254738395124,0.07055715791455881,1,0,1,1,1,0
0.9571047761811546,1.0,0.5,0.5,1.0,1,1,0,0,1,1
0.5,0.5,0.5,0.8333924351294164,0.5,0,0,0,1,0,0
0.5,1.0,0.5,0.5,0.5,0,1,0,0,0,1
1.0,0.9198722266076571,0.9865643603057246,0.9754950125955358,0.9540830578983411,1,1,1,1,1,1
0.05878178316664427,0.0006775182866028875,0.5,0.5,0.08228207778976944,1,1,0,0,1,0
0.0,0.0,0.5,0.5886175632255141,0.5,1,1,0,1,0,0
0.965203949379668,0.5,0.5,0.5,0.9932923291650296,1,0,0,0,1,1
0.8328494442854646,0.5,0.4068929867884307,0.6547160776048472,0.9048063346677918,1,0,1,1,1,1
0.8899724933690926,1.0,0.5,0.5,0.5,1,1,0,0,0,1
0.5,0.5,0.5,0.5,0.9168641755508171,0,0,0,0,1,1
0.5,0.5,0.8457070487322319,0.5,0.5,0,0,1,0,0,1
0.9229259183025929,1.0,0.6522199509168487,0.5,1.0,1,1,1,0,1,1
0.5,0.5,0.5,0.6723048306189413,0.5,0,0,0,1,0,0
0.07679890439829021,0.0,0.0,0.5,0.31575327198371356,1,1,1,0,1,0
0.0,0.0,0.04153824919759003,0.5,0.5,1,1,1,0,0,0
0.5,0.5,0.5,0.8486250572648795,0.5,0,0,0,1,0,1
1.0,0.5,0.5,0.5,1.0,1,0,0,0,1,1
1.0,0.8258595235325672,0.5,0.5,0.5,1,1,0,0,0,1
0.5,0.0,0.5,0.522251961028267,0.04286623945578876,0,1,0,1,1,0
0.9271957849686983,0.941639084319071,0.5,0.8225442238156242,1.0,1,1,0,1,1,1
0.5,0.005975139757893833,0.13347677760044407,0.5,0.03285027486943306,0,1,1,0,1,0
0.5,0.0,0.5,0.5,0.0,0,1,0,0,1,0
0.5,0.9932951850728231,1.0,0.5,0.5,0,1,1,0,0,1
0.5,1.0,0.5,0.9095037228099776,0.5,0,1,0,1,0,1
0.5,0.15311181672590624,0.5,0.5,0.5,0,1,0,0,0,0
0.9612620386931446,0.9715284107992834,0.5,0.5,0.9551183165724789,1,1,0,0,1,1
0.018088561812147904,0.16423359989758318,0.5,0.5,0.5,1,1,0,0,0,0
0.0,0.03701657483296504,0.5,0.5,0.5,1,1,0,0,0,0
0.5,0.5,0.5,0.5,0.1401446532012379,0,0,0,0,1,0
0.0,0.004567340956369621,0.22986677058428082,0.5,0.5,1,1,1,0,0,0
0.006212291810322007,0.5,0.3763516333282249,0.5,0.5,1,0,1,0,0,0
0.0,0.5,0.5,0.5,0.5,1,0,0,0,0,0
0.5,0.5,0.0,0.5,0.0,0,0,1,0,1,0
0.5,0.9963636001770837,0.5,0.5,0.8950449285335773,0,1,0,0,1,1
0.8723361586469295,0.9704107883019554,0.5,0.818647054541091,0.9686307797111819,1,1,0,1,1,1
0.5,0.0,0.5,0.6497341378647266,0.5,0,1,0,1,0,0
0.8507247280175269,0.913517351939098,0.5,1.0,0.5,1,1,0,1,0,1
0.5,0.5,0.5,0.5,0.9463123922884362,0,0,0,0,1,1
0.0,0.5,0.13128205458209663,0.5,0.5,1,0,1,0,0,0
0.5,0.5,0.5,0.5,1.0,0,0,0,0,1,1
0.5,1.0,0.8831727229333864,0.5,0.9461866167543154,0,1,1,0,1,1
0.5,0.5,0.5,0.5,0.17987148450117266,0,0,0,0,1,0
0.0,0.1030517033094977,0.5,0.7104911082887333,0.5,1,1,0,1,0,0
0.5,0.5,0.8552987995531807,0.687675802528847,0.8571876901943052,0,0,1,1,1,1
0.5,0.8213280798447261,0.5,1.0,1.0,0,1,0,1,1,1
1.0,0.5,0.5,0.7922504395361946,0.9628263621718722,1,0,0,1,1,1
0.08017740882568922,0.5,0.5,0.9022524755404701,0.5,1,0,0,1,0,0
0.0,0.5,0.384416464379427,0.5,0.0,1,0,1,0,1,0
0.0,0.0,0.5,0.5,0.5,1,1,0,0,0,0
0.9112102518037039,0.5,0.5,0.5,0.5,1,0,0,0,0,1
0.5,0.5,0.5,0.5,0.08329463377377147,0,0,0,0,1,0
0.5,0.5,0.06959721551929338,0.8457653447028177,0.5,0,0,1,1,0,0
0.5,0.5,0.11276913114794211,0.5,0.5,0,0,1,0,0,0
1.0,0.5,0.5,0.5,0.5,1,0,0,0,0,1
1.0,0.7640372130012945,0.5,0.5,0.8575208800299061,1,1,0,0,1,1
0.0,0.07860614957906605,0.0,0.8954535541611555,0.5,1,1,1,1,0,0
0.5,0.5,0.5,0.5,1.0,0,0,0,0,1,1
0.7743889213399282,1.0,0.6346012158883827,0.6433452384866569,0.8839039004325117,1,1,1,1,1,1
1.0,0.5,0.5,0.5,0.5,1,0,0,0,0,1
0.5,0.5,0.0022277308250918115,0.6972178985208197,0.048274608183877014,0,0,1,1,1,0
0.5,0.0,0.1484379982706913,0.5,0.002803530521183567,0,1,1,0,1,0
0.5,0.5,0.5,0.6822857869020337,0.5,0,0,0,1,0,0
0.08044973132198927,0.0,0.5,0.5,0.0,1,1,0,0,1,0
0.87281783631954,0.7377070606627624,0.5,1.0,1.0,1,1,0,1,1,1
1.0,0.8156328916439335,0.5768133072515668,0.7453117505633335,1.0,1,1,1,1,1,1
0.9360797819827575,1.0,0.7689047657594342,0.8300314820569838,0.5,1,1,1,1,0,1
0.0,0.060710926114338974,0.5,0.5,0.07926637115203364,1,1,0,0,1,0
0.5,0.5,0.6024668040736312,0.7405551538242929,0.5,0,0,1,1,0,0
0.5,0.5,0.5,0.5,0.9574226574561979,0,0,0,0,1,1
0.5,0.5,0.7005731220415599,0.5,1.0,0,0,1,0,1,1
0.5,0.5,0.6749490447166171,0.5,0.5,0,0,1,0,0,0
0.5,0.5,0.5,0.9262319459361708,0.5,0,0,0,1,0,1
0.5,0.8223056134607485,0.6513049549032369,0.6119773979182173,0.5,0,1,1,1,0,1
0.8431078088875557,0.5,0.5,0.5,0.5,1,0,0,0,0,1
0.8814824759227947,0.9537804741979558,0.5,0.5,0.5,1,1,0,0,0,1
0.5,0.009577383651402697,0.24213451884102144,0.49643866032239087,0.06865308729537954,0,1,1,1,1,0
0.5,0.7798388945449939,0.5,0.7819193047930745,0.5,0,1,0,1,0,1
0.939434081046095,0.5,0.5,0.5,0.852184712417946,1,0,0,0,1,1
0.9124568544340648,1.0,0.5,0.5,0.5,1,1,0,0,0,1
0.7068332901634571,0.5,0.5,1.0,1.0,1,0,0,1,1,1
0.5,0.7137774565228345,0.5,0.5,0.5,0,1,0,0,0,1
0.872508637166017,0.5,0.5,0.8365364787924308,1.0,1,0,0,1,1,1
0.5,0.5,0.5,0.8306152439376296,0.5,0,0,0,1,0,1
0.5,0.5,0.6324672923555974,0.5,0.17989301907298463,0,0,1,0,1,0
0.5,0.08016341368150277,0.3525329693821526,0.5,0.13832694306323645,0,1,1,0,1,0
0.08228838825987178,0.5,0.5,0.5,0.23285816801453832,1,0,0,0,1,0
0.0,0.5,0.7742653915213283,0.5,0.0,1,0,1,0,1,0
0.8685940135760088,0.5,1.0,0.5,1.0,1,0,1,0,1,1
0.5,0.8485655320218932,0.5,0.5,0.9832365004597796,0,1,0,0,1,1
0.5,0.5,0.5,0.5,0.2990403291761827,0,0,0,0,1,0
0.5,0.8018418384828374,0.5,0.9258364005387615,0.5,0,1,0,1,0,1
1.0,0.5,0.5,0.5,0.5,1,0,0,0,0,1
0.16808516958800157,0.5,0.5,0.5394539425965256,0.5,1,0,0,1,0,0
0.0994440019718571,0.0,0.5,0.8398815536923105,0.197459996082427,1,1,0,1,1,0
0.5,0.5,0.7936842498834773,0.5,0.9257545972650704,0,0,1,0,1,1
0.09116113256148647,0.5,0.0,0.6904990257331846,0.19347609916170716,1,0,1,1,1,0
0.5,0.5,0.5,1.0,0.957363916893359,0,0,0,1,1,1
0.0731650039209954,0.033654452281428895,0.5,0.679153314759963,0.5,1,1,0,1,0,0
0.928530855524242,0.9265503423054808,0.5,0.5,1.0,1,1,0,0,1,1
0.0,0.5,0.5,0.6421234239995186,0.0,1,0,0,1,1,0
0.5,1.0,0.9551598351935664,0.5,0.5,0,1,1,0,0,1
0.9291352747738201,0.5,0.5,0.9574109500322815,0.5,1,0,0,1,0,1
0.5,0.0,0.5,0.5,0.1340508016457363,0,1,0,0,1,0
0.5,0.5,0.38540200570408795,0.5,0.5,0,0,1,0,0,0
0.014206745287871655,0.06551196803291195,0.5,0.5744705509949615,0.5,1,1,0,1,0,0
0.0,0.5,0.5,0.8815101779823782,0.0,1,0,0,1,1,0
0.7932595485041823,0.5,0.9798091504164366,0.854020048129213,0.5,1,0,1,1,0,1
0.5,0.5,0.5,0.5,0.01847411991556882,0,0,0,0,1,0
0.5,0.5,0.5,0.929238618160158,0.1535052514202246,0,0,0,1,1,0
0.5,0.047620114185957914,0.5,0.5,0.5,0,1,0,0,0,0
0.05253592305493339,0.5,0.10043928941386593,0.5,0.5,1,0,1,0,0,0
0.5,1.0,0.5,0.7907854382939508,0.5,0,1,0,1,0,1
0.0,0.0,0.5,0.5,0.009487277346655797,1,1,0,0,1,0
0.06121107906407263,0.5,0.5,0.5,0.16974281550511583,1,0,0,0,1,0
0.8445914123054646,0.8847070984630769,0.5300063440315275,0.5,1.0,1,1,1,0,1,1
0.5,0.0,0.5,0.6153965749453708,0.5,0,1,0,1,0,0
0.5,1.0,0.5,0.5,0.9131030059830463,0,1,0,0,1,1
0.014405999860245856,0.5,0.5,0.557218649639413,0.5,1,0,0,1,0,0
0.0,0.5,0.5,0.5,0.5,1,0,0,0,0,0
0.9621009239782178,0.5,0.5,1.0,0.5,1,0,0,1,0,1
0.059015409335354194,0.0,0.5,0.5,0.02285626280553566,1,1,0,0,1,0
0.04792447840243474,0.2038618251838219,0.5,0.5,0.5,1,1,0,0,0,0
0.5,2.039973785705404e-06,0.5,0.7279609232252446,0.19290440816575483,0,1,0,1,1,0
0.5,0.0,0.5,0.5,0.5,0,1,0,0,0,0
0.0,0.02201880120910625,0.5,0.5,0.0,1,1,0,0,1,0
0.5,0.5,0.5,0.5,1.0,0,0,0,0,1,1
1.0,0.5,0.5,0.5,1.0,1,0,0,0,1,1
0.5,0.02759760500668366,0.5,0.5,0.5,0,1,0,0,0,0
0.0,0.0013375288217255324,0.5,0.5,0.5,1,1,0,0,0,0
0.5,0.0,0.5,0.6009176613474694,0.25260277894525157,0,1,0,1,1,0
0.5,0.5,0.5,0.5,0.0,0,0,0,0,1,0
0.5,0.5,0.5,1.0,0.5,0,0,0,1,0,1
0.5,0.5,0.5,1.0,0.5,0,0,0,1,0,1
0.5,0.0,0.5,0.5,0.5,0,1,0,0,0,0
0.5,0.5,0.21280693311938195,0.7228883012695801,0.5,0,0,1,1,0,0
0.5,0.03447240148487078,0.5,0.5,0.5,0,1,0,0,0,0
0.5,0.5,0.5,0.6346857893613413,0.5,0,0,0,1,0,0
0.5,0.5,0.5,0.5,0.9383122563682362,0,0,0,0,1,1
1.0,0.5,0.5,0.5,1.0,1,0,0,0,1,1
0.18140229415109266,0.5,0.5,0.5,0.0919655784662873,1,0,0,0,1,0
0.018714977289406274,0.5,0.5,0.5,0.0,1,0,0,0,1,0
0.5,0.5,0.5,0.5,0.6995911376392842,0,0,0,0,1,1
0.5,0.5,0.5063775714020768,0.7795593592786991,0.07616203106050563,0,0,1,1,1,0
0.0,0.5,0.5380468526174857,0.5,0.5,1,0,1,0,0,0
0.5,0.0,0.33972810120693575,0.5,0.15958299034593104,0,1,1,0,1,0
0.5,0.050316230098735634,0.5,0.8534569351921231,0.0,0,1,0,1,1,0
0.10287774927409418,0.0,0.27876576419739946,0.5,0.0,1,1,1,0,1,0
0.5,1.0,0.5,0.5,0.9552058185493674,0,1,0,0,1,1
0.5,0.5,0.7996836405996233,0.5,0.5,0,0,1,0,0,1
0.0,0.5,0.13129600021426313,0.40451314569296876,0.5,1,0,1,1,0,0
0.8736146052038906,1.0,0.5,1.0,0.5,1,1,0,1,0,1
0.0,0.5,0.2692879761463408,0.5466712711697846,0.11845943036786505,1,0,1,1,1,0
0.5,0.5,0.5,0.5119718980166666,0.5,0,0,0,1,0,0
1.0,0.5,0.5,0.5,1.0,1,0,0,0,1,1
0.7933386204899397,0.5,0.5,0.8802740441080539,0.5,1,0,0,1,0,1
0.8988819618106995,0.7897692298510288,0.5,0.8884990032749875,0.5,1,1,0,1,0,1
0.9661733770863673,0.5,0.5,0.5,0.8561295439248638,1,0,0,0,1,1
0.5,0.5,0.5,0.5,1.0,0,0,0,0,1,1
0.7766072157956803,0.8324553976120227,0.5,0.5,0.9618683932500015,1,1,0,0,1,1
0.0,0.5,0.5,0.5,0.5,1,0,0,0,0,0
0.5,1.0,0.9183088849302822,0.5,0.5,0,1,1,0,0,1
0.5,0.5,0.5275435498055266,0.5,0.0,0,0,1,0,1,0
0.5,0.5,0.5,0.5,0.04138986421764995,0,0,0,0,1,0
0.5,0.07433948967806003,0.6974047615156129,0.5,0.3787195643696447,0,1,1,0,1,0
0.5,0.5,0.34037794304417174,0.7009908396155694,0.0,0,0,1,1,1,0
0.021124860862988995,0.0,0.5,0.8251233570038907,0.27519871739192653,1,1,0,1,1,0
0.9785782956980735,0.9884441631797467,0.9162777018655573,0.5,0.5,1,1,1,0,0,1
0.843020097487612,0.9500461554843582,0.5,0.5,1.0,1,1,0,0,1,1
0.7593071187606076,0.7815032843876905,0.5,0.5,0.5,1,1,0,0,0,1
0.06667587184313456,0.0,0.5,0.9199158381281236,0.0,1,1,0,1,1,0
0.0,0.04298797593296532,0.5,0.5,0.5,1,1,0,0,0,0
0.0,0.5,0.0,0.5,0.5,1,0,1,0,0,0
0.026229430298902644,0.12875164959894225,0.5,0.7730408053143036,0.08009436059770968,1,1,0,1,1,0
0.8968723519628724,0.5,0.48929729211135126,0.7621005343625701,1.0,1,0,1,1,1,1
0.906527756944117,0.5,0.8538750781940867,0.7956502315475747,0.5,1,0,1,1,0,1
0.5,1.0,1.0,0.5,1.0,0,1,1,0,1,1
0.5,0.05222889194541963,0.5,0.5,0.5,0,1,0,0,0,0
0.07414507802585735,0.013364143311360824,0.5,0.5295014305996327,0.0,1,1,0,1,1,0
0.006254939392407439,0.5,0.5,0.5,0.5,1,0,0,0,0,0
0.5,0.0,0.5,0.5,0.10802097471909392,0,1,0,0,1,0
1.0,0.837906061790315,0.9866347052970028,0.5,0.5,1,1,1,0,0,1
0.08261158484637834,0.5,0.5,0.5,0.0,1,0,0,0,1,0
0.957933027889942,0.5,0.9606315946235098,0.5,0.5,1,0,1,0,0,1
0.5,0.9912654541280046,0.9271249049452965,1.0,0.5,0,1,1,1,0,1
0.7929585416151653,0.5,0.995394409182654,0.5,1.0,1,0,1,0,1,1
0.0,0.5,0.5,0.5,0.0,1,0,0,0,1,0
0.15237772827447738,0.0,0.27312916655965214,0.5,0.5,1,1,1,0,0,0
0.858284561658949,0.5,1.0,0.8551895789291923,0.5,1,0,1,1,0,1
0.0,0.20048633169216623,0.5,0.5,0.5,1,1,0,0,0,0
0.04993571264278257,0.5,0.6249807440708164,0.4462769948598232,0.5,1,0,1,1,0,0
0.0,0.0,0.5,0.42051176979137667,0.5,1,1,0,1,0,0
0.5,0.5,0.8513614852275144,0.5,1.0,0,0,1,0,1,1
0.5,0.5,0.5,0.9615432426789414,0.5,0,0,0,1,0,0
0.5,0.5,0.06388495115223239,0.5,0.5,0,0,1,0,0,0
0.5,0.8388308023849973,0.5,0.5,0.8787785996279563,0,1,0,0,1,1
0.5,0.08679034381449854,0.5,0.7448783559250467,0.5,0,1,0,1,0,0
0.0,0.5,0.5,0.5,0.5,1,0,0,0,0,0
0.5,1.0,0.5,0.8931958776039647,0.5,0,1,0,1,0,1
0.9756652373978123,0.5,0.5,0.5,0.5,1,0,0,0,0,1
0.9796075961646514,1.0,0.5,0.5,0.5,1,1,0,0,0,1
0.5,0.5,0.5,0.5,0.9452644440048411,0,0,0,0,1,1
0.02739776056821005,0.1259544458998409,0.5,0.5362671606044229,0.5,1,1,0,1,0,0
0.09374496897345355,0.0,0.5,0.5,0.0,1,1,0,0,1,0
0.5,0.0,0.46862973003536407,0.5620090724041721,0.5,0,1,1,1,0,0
0.5,0.5,0.2021343103402431,0.5,0.19769682814808798,0,0,1,0,1,0
0.9499020998750348,0.5,0.5,0.8296732964581841,0.5,1,0,0,1,0,1
0.5,0.5,0.7005864431315028,1.0,1.0,0,0,1,1,1,1
0.07078875791528046,0.5,0.4980824239172695,0.5847675100647859,0.5,1,0,1,1,0,0
0.8956261396563794,1.0,0.5,0.5,0.9575383226910192,1,1,0,0,1,1
0.9437463593944222,1.0,0.5,0.5,0.8008865073512641,1,1,0,0,1,1
0.5,0.08574749186586253,0.5,0.28916375645630954,0.5,0,1,0,1,0,0
0.5,0.5,0.5624188925484057,0.5130323090739891,0.5,0,0,1,1,0,0
0.0,0.0,0.5,0.4579110337846667,0.5,1,1,0,1,0,0
0.5,0.0,0.5,0.5,0.21358584829567157,0,1,0,0,1,0
0.5,0.5,0.5,0.6702925802761057,0.5,0,0,0,1,0,1
0.16255262093594552,0.004866557383310326,0.5,0.5,0.0,1,1,0,0,1,0
0.5,0.5,0.5,0.7436144614525685,0.5,0,0,0,1,0,0
0.029485696438550993,0.5,0.5,0.6450442293926052,0.5,1,0,0,1,0,0
0.019456393738254148,0.5,0.5,0.6458347208956287,0.5,1,0,0,1,0,0
0.5,0.9290757420800503,0.5,0.5,0.5,0,1,0,0,0,1
0.5,1.0,0.5,0.5,0.5,0,1,0,0,0,1
0.5,1.0,0.7526230068806004,0.8655742596493318,0.9390475982203218,0,1,1,1,1,1
0.5,0.5,1.0,0.5,0.9457497330475867,0,0,1,0,1,1
0.5,0.5,0.19427965479847334,0.5,0.5,0,0,1,0,0,0
0.12801990305286465,0.5,0.5,0.4105431258976561,0.5,1,0,0,1,0,0
1.0,0.9261606676730407,0.5,1.0,0.5,1,1,0,1,0,1
0.5,0.7464144376568179,0.5,0.5,0.5,0,1,0,0,0,1
0.5,0.5,0.5,0.5,0.3393543791675301,0,0,0,0,1,0
0.5,0.15717695373589408,0.5,0.5,0.5,0,1,0,0,0,0
1.0,0.5,0.5,0.5,1.0,1,0,0,0,1,1
0.5,0.02507405356795378,0.15284990282911265,0.9784776275977225,0.10702795046970931,0,1,1,1,1,0
0.5,0.9932068783309637,0.5,1.0,0.9787557343404596,0,1,0,1,1,1
0.07691120950047498,0.5,0.30073533182250767,0.5,0.5,1,0,1,0,0,0
0.0,0.08019840371154237,0.5,0.9318961244052305,0.5,1,1,0,1,0,0
0.5,0.021098267994641956,0.5,0.5,0.5,0,1,0,0,0,0
0.5,0.5,0.5,0.6318014834550517,0.5,0,0,0,1,0,1
0.5,0.8610874308086286,0.7335493685479635,1.0,0.5,0,1,1,1,0,1
0.09258509191637279,0.5,0.5,0.5,0.5,1,0,0,0,0,0
1.0,0.5,0.9161181274856782,0.5,1.0,1,0,1,0,1,1
0.5,0.8774136361601775,0.5,0.5,0.9969856041296382,0,1,0,0,1,1
0.5,0.6594458830803223,0.5,0.5,0.5,0,1,0,0,0,1
0.07335901599145613,0.09330843058224732,0.5,0.5,0.5,1,1,0,0,0,0
0.5,0.5,0.5,0.5518251096380523,0.9604354806139067,0,0,0,1,1,1
0.0,0.5,0.5,0.6476822879457138,0.0,1,0,0,1,1,0
0.014930133498262856,0.14136364443454025,0.5,0.16252992356064155,0.5,1,1,0,1,0,0
0.5,0.014728576236008453,0.5,0.5,0.1541536666245056,0,1,0,0,1,0
0.910591335868853,1.0,0.5,0.5,0.5,1,1,0,0,0,1
0.11060706466834094,0.5,0.6350810618812879,0.5,0.5,1,0,1,0,0,0
1.0,0.6560181559713747,0.7093025573662182,0.8823637003680552,0.5,1,1,1,1,0,1
0.5,0.5,0.5,0.865971877782719,0.5,0,0,0,1,0,1
0.9393767709594658,0.9436288773905405,0.5,0.5,0.5,1,1,0,0,0,1
0.07089916737748056,0.5,0.5,0.4405522907501175,0.5,1,0,0,1,0,0
0.012645820265966312,0.014682969589259864,0.5,0.5,0.5,1,1,0,0,0,0
0.006734829434551328,0.5,0.5,0.5,0.5,1,0,0,0,0,0
0.0552199469351885,0.0,0.5,0.5,0.5,1,1,0,0,0,0
0.5,0.9788681438407781,0.5,0.5,0.9704636883189028,0,1,0,0,1,1
0.0,0.5,0.5,0.5,0.0,1,0,0,0,1,0
1.0,0.890925754958221,0.5,0.7506789645050911,0.8866848324288952,1,1,0,1,1,1
0.5,0.5,1.0,0.5,0.5,0,0,1,0,0,1
0.5,0.07301720968138994,0.5,0.5,0.032749792247946316,0,1,0,0,1,0
0.5,0.5,0.5,0.5,0.0,0,0,0,0,1,0
0.7680982528034112,0.7460091380775412,0.7203184122422112,0.5,0.5,1,1,1,0,0,1
0.9376581533936044,1.0,0.5,0.6986293561293022,1.0,1,1,0,1,1,1
0.0,0.5,0.7057020618354868,0.5,0.5,1,0,1,0,0,0
1.0,1.0,0.5,1.0,0.9499341886910183,1,1,0,1,1,1
0.5,0.5,0.5,0.5,0.8115953683348118,0,0,0,0,1,1
0.5,0.0,0.5274269692613278,0.6515445803589873,0.351350122542636,0,1,1,1,1,0
0.0676398489043536,0.5,0.5,1.0,0.21641943808285105,1,0,0,1,1,0
0.056370374248310165,0.5,0.5,0.5,0.5,1,0,0,0,0,0
0.006459680652103662,0.5,0.5,0.5,0.0,1,0,0,0,1,0
1.0,0.5,0.5,0.5,1.0,1,0,0,0,1,1
0.5,0.5,0.5,0.5,0.04338562798348633,0,0,0,0,1,0
0.0,0.5,0.5,0.5,0.5,1,0,0,0,0,0
0.5,0.5,0.5,0.5,0.046023259603967845,0,0,0,0,1,0
0.0,0.0,0.5,0.5,0.5,1,1,0,0,0,0
0.16049920132761716,0.0,0.5,0.5,0.11420798482586206,1,1,0,0,1,0
1.0,0.5,0.5,0.8013683632522239,0.5,1,0,0,1,0,1
0.5,0.5,0.2249581455837917,0.5,0.0,0,0,1,0,1,0
0.9536107301400891,0.8063155758154391,1.0,1.0,0.5,1,1,1,1,0,1
0.9392131624861481,0.5,0.5,0.5,0.5,1,0,0,0,0,1
0.0,0.5,0.6053084554026629,0.6720852862030131,0.5,1,0,1,1,0,0
0.0,0.5,0.5,0.1946772680864426,0.0,1,0,0,1,1,0
0.7982332539332815,0.8996602938656955,0.5,0.5,0.9881487705101685,1,1,0,0,1,1
1.0,0.9786556749682531,0.745605439046036,0.5,1.0,1,1,1,0,1,1
1.0,0.9344590068698301,0.5,0.5,0.9745968667336308,1,1,0,0,1,1
0.0,0.0,0.5,0.8397899587989169,0.0,1,1,0,1,1,0
0.8304680110398435,0.9068450350049092,0.49401030609775176,0.5,0.5,1,1,1,0,0,1
0.5,0.0,0.5,0.5,0.5,0,1,0,0,0,0
0.5,1.0,0.5,0.5,0.5,0,1,0,0,0,1
0.5,0.5,0.5,0.9512894534091377,1.0,0,0,0,1,1,1
0.5,0.5,0.5,0.9533781995924322,0.0,0,0,0,1,1,0
0.8697365529589627,0.9991933129082844,0.5,0.6762887387299531,1.0,1,1,0,1,1,1
0.5,0.5,0.791250784729557,0.5,0.5,0,0,1,0,0,1
0.1630792961796986,0.5,0.5,0.8330916817541502,0.5,1,0,0,1,0,0
0.0018896799734723895,0.5,0.5,0.6836864633721345,0.0,1,0,0,1,1,0
0.5,1.0,1.0,0.5,1.0,0,1,1,0,1,1
0.5,0.5,0.5,0.5,0.8798193174661756,0,0,0,0,1,1
0.5,0.13525122244846738,0.5,0.5,0.5,0,1,0,0,0,0
1.0,0.5,0.5,0.5,0.5,1,0,0,0,0,1
0.5,1.0,0.5,1.0,0.5,0,1,0,1,0,1
0.0,0.0,0.0,0.5,0.5,1,1,1,0,0,0
0.0,0.0,0.5,0.6180106030856677,0.07609337511111487,1,1,0,1,1,0
0.10781822199753446,0.5,0.5,0.579368638764209,0.5,1,0,0,1,0,0
0.9357852700943559,1.0,0.5,0.5,0.9705346875097262,1,1,0,0,1,1
0.0,0.5,0.5,0.5,0.5,1,0,0,0,0,0
0.5,0.0,0.2509545125308583,0.7980324254813498,0.17021255229733923,0,1,1,1,1,0
1.0,0.6788440049651158,0.5,1.0,0.9343752108417913,1,1,0,1,1,1
0.5,0.5,0.5,0.5,1.0,0,0,0,0,1,1
0.08890232814335164,0.5,0.5,0.623122267857351,0.5,1,0,0,1,0,0
0.5,0.5,0.5,0.7541991522498979,0.2523792675469386,0,0,0,1,1,0
0.5,0.5,0.5,0.7772761546980769,0.5,0,0,0,1,0,1
0.5,0.5,0.5,0.5,1.0,0,0,0,0,1,1
0.5,0.5,0.9434244675869381,0.5,0.5,0,0,1,0,0,1
1.0,0.8100718117154269,0.5,0.5,0.5,1,1,0,0,0,1
0.8179958682554599,0.9091300064721818,0.5,0.6752451147197842,0.5,1,1,0,1,0,1
0.5,0.5,0.5,0.5,0.0,0,0,0,0,1,0
0.0,0.5,0.11044464763803605,0.5,0.4622160923445863,1,0,1,0,1,0
0.8493098082916468,0.5,0.5,0.5,1.0,1,0,0,0,1,1
0.5,0.5,0.5,0.5,0.9462999927157936,0,0,0,0,1,1
1.0,0.5,0.5,0.5,0.9996983684392279,1,0,0,0,1,1
0.07491741507596814,0.5,0.5,0.8151367703068655,0.5,1,0,0,1,0,0
0.0,0.5,0.6512197610945495,0.9500358701840425,0.12403607884638024,1,0,1,1,1,0
0.5,1.0,0.8592320791706627,0.5,1.0,0,1,1,0,1,1
1.0,0.8121299405429654,0.5,0.5,0.5,1,1,0,0,0,1
0.5,0.5,0.45227385046771085,0.8292873057094352,0.5,0,0,1,1,0,0
0.8782438856687433,0.5,0.8213732562217879,0.8214448307445752,0.5,1,0,1,1,0,1
0.9212146119527657,0.9529443712113109,0.6106182234196187,0.5,0.5,1,1,1,0,0,1
0.5,0.5,0.0,0.7126943387744654,0.5,0,0,1,1,0,0
0.5,0.5,0.0,0.5,0.5,0,0,1,0,0,0
0.5,0.5,0.12805870393480467,0.5,0.2312880133052912,0,0,1,0,1,0
1.0,0.5,0.5,0.9804711803230695,0.5,1,0,0,1,0,1
0.5,0.5,0.5,0.6342985110301355,0.3256274794666201,0,0,0,1,1,0
0.9146955706570186,0.5,0.5,0.5,0.5,1,0,0,0,0,1
0.5,0.5,0.5,0.5,1.0,0,0,0,0,1,1
0.8920500934168437,0.5,0.5,0.5,0.5,1,0,0,0,0,1
0.5,0.5,0.5,1.0,0.5,0,0,0,1,0,1
1.0,1.0,0.5,0.5,0.9089834120540978,1,1,0,0,1,1
0.9773332754265329,0.5,0.8286122639977433,0.5,0.5,1,0,1,0,0,1
0.04136589729961696,0.5,0.0,0.5550949960875896,0.005319829285352143,1,0,1,1,1,0
0.0,0.5,0.5,0.6597121410646594,0.5,1,0,0,1,0,0
1.0,0.5,0.5,0.5,0.5,1,0,0,0,0,1
0.20325410210209024,0.0,0.5,0.5,0.5,1,1,0,0,0,0
0.8328972733692461,0.770569843020465,0.5,0.5,1.0,1,1,0,0,1,1
0.056917137445344164,0.058115601459826666,0.6017882587859238,0.671833611439686,0.0,1,1,1,1,1,0
1.0,0.5,0.5,0.5,0.5,1,0,0,0,0,1
0.911975073389416,1.0,1.0,0.9463880557447215,0.5,1,1,1,1,0,1
0.0,0.0,0.5,0.5,0.5,1,1,0,0,0,0
1.0,0.5,0.77497758654508,0.5,0.5,1,0,1,0,0,1
0.0,0.03949311661181505,0.0,0.5,0.5,1,1,1,0,0,0
0.5,0.9958346127848137,0.5,0.5,1.0,0,1,0,0,1,1
0.0,0.028491815571579943,0.5,0.5,0.5,1,1,0,0,0,0
0.5,0.9301612515526986,0.5,0.5,0.5,0,1,0,0,0,1
0.5,0.5,0.5,0.7287945467896226,0.08507650288209825,0,0,0,1,1,0
0.5,0.11509237761980205,0.5,0.5,0.28794950156724997,0,1,0,0,1,0
0.10474775084416796,0.5,0.0,0.6122526288141061,0.13722953071155533,1,0,1,1,1,0
0.017777279747852807,0.5,0.5,0.5,0.0,1,0,0,0,1,0
0.5,0.0,0.027112956598583204,0.5,0.042604138871387476,0,1,1,0,1,0
1.0,0.9027429133819971,0.5,0.5,1.0,1,1,0,0,1,1
0.5,0.5,0.56002031572368,0.5,0.15536016185688248,0,0,1,0,1,0
0.02599628515708593,0.5,0.5,0.5,0.5,1,0,0,0,0,0
0.0048420763782384725,0.5,0.5,0.5,0.5,1,0,0,0,0,0
0.5,0.5,0.5,0.5,0.006855019071973979,0,0,0,0,1,0
0.5,0.5,0.5,0.5,0.9820863539379644,0,0,0,0,1,1
1.0,0.7731730774424347,0.5,0.9006690683709493,0.5,1,1,0,1,0,1
0.5,0.5,0.5,0.5,0.0,0,0,0,0,1,0
0.5,0.8932414639530925,0.5,0.5,1.0,0,1,0,0,1,1
0.5,0.5,0.5,0.7700352752552576,0.5,0,0,0,1,0,0
0.5,0.9034381647429643,0.7194836144856139,0.7836301852573628,0.5,0,1,1,1,0,1
1.0,0.5,0.5,0.5,1.0,1,0,0,0,1,1
0.0,0.5,0.5,0.5,0.5,1,0,0,0,0,0
0.0,0.5,0.5,0.5698310176019032,0.5,1,0,0,1,0,0
0.05099977357170712,0.008597449781571011,0.5,0.5,0.019618498084368934,1,1,0,0,1,0
0.06696159784974051,0.5,0.5,0.5,0.5,1,0,0,0,0,0
1.0,0.5,0.5,0.5,0.8992489544642611,1,0,0,0,1,1
0.5,0.0,0.5,0.6176101879810103,0.2028565985346135,0,1,0,1,1,0
0.004726369961515623,0.5,0.5,0.47388759397359403,0.3540560117065902,1,0,0,1,1,0
0.0,0.11318841883547381,0.4481073056637156,0.5,0.009402934529048765,1,1,1,0,1,0
0.5,0.9672176569356397,0.8832506278704408,0.5,0.5,0,1,1,0,0,1
0.5,0.5,0.5,0.7975047374773474,0.5,0,0,0,1,0,1
0.9235318139491774,0.5,1.0,0.5,0.864804249919885,1,0,1,0,1,1
0.0,0.5,0.5,0.13127758470344952,0.0,1,0,0,1,1,0
0.019707327403603668,0.027700278006511633,0.5,0.5441418671157691,0.1989471141849654,1,1,0,1,1,0
0.5,0.5,0.5,0.8642117062336983,0.5,0,0,0,1,0,0
0.5,0.5,0.5,0.6919606178050145,0.9682862999480019,0,0,0,1,1,1
0.5,0.5,0.3828348525569347,0.7626613095463796,0.8476191394351524,0,0,1,1,1,1
0.5,0.5,0.5,0.4790071310766029,0.17280231384029368,0,0,0,1,1,0
0.9025931596541489,0.9308196413152987,0.2546027394432697,0.5,0.5,1,1,1,0,0,1
0.8499995065668886,0.5,0.5,0.7866941941683969,0.5,1,0,0,1,0,1
0.5,0.5,0.5,0.9005794223305821,0.5,0,0,0,1,0,0
0.0,0.5,0.6723998172907215,0.5,0.5,1,0,1,0,0,0
0.0,0.5,0.5,0.5,0.0,1,0,0,0,1,0
0.0,0.053996536452573594,0.5,0.30953621806427195,0.5,1,1,0,1,0,0
0.5,0.7801724617023028,0.6535988291136972,0.8855432506588021,0.800568533153988,0,1,1,1,1,1
0.5,0.6580650349106633,0.8429250326857606,0.5,0.5,0,1,1,0,0,1
0.5,0.5,0.5,0.670617622836049,1.0,0,0,0,1,1,1
0.5,0.5,0.5568338298895421,0.5,0.5,0,0,1,0,0,1
0.9461344905347379,0.5,0.7580951911938839,0.5,0.884657271781312,1,0,1,0,1,1
0.5,0.0,0.5,0.5,0.5,0,1,0,0,0,0
0.0636841041639616,0.5,0.5,0.5,0.5,1,0,0,0,0,0
0.0,0.5,0.0,0.8518319744909485,0.0,1,0,1,1,1,0
0.07053356420389004,0.0,0.5,0.5,0.5,1,1,0,0,0,0
0.5,0.5,0.5,0.5,0.2144060198096527,0,0,0,0,1,0
0.5,0.09957308173890823,0.5,0.6107814219272883,0.3903699317519748,0,1,0,1,1,0
0.11092885097377955,0.5,0.5,0.5,0.5,1,0,0,0,0,0
0.08568814386768514,0.08731240071395248,0.5,0.5,0.14571789037389232,1,1,0,0,1,0
0.5,0.5,0.5,0.637920503223262,0.5,0,0,0,1,0,1
0.5,0.0,0.5,0.5,0.5,0,1,0,0,0,0
0.5,0.0,0.5,0.5,0.5,0,1,0,0,0,0
0.5,0.5,0.20868962198522625,0.8243023617242399,0.0,0,0,1,1,1,0
0.13066314851097333,0.0,0.5,0.5,0.0,1,1,0,0,1,0
0.5,0.9048568582492447,0.5,0.7822840758417885,0.5,0,1,0,1,0,1
0.0,0.07568676602102978,0.5194508984199817,0.5941187337111061,0.5,1,1,1,1,0,0
0.5,0.05614017461034658,0.13600070179837181,0.5,0.5,0,1,1,0,0,0
0.5,0.5,0.5,0.937901099090073,1.0,0,0,0,1,1,1
0.5,0.8421736579657697,0.5,0.5,0.5,0,1,0,0,0,1
0.09852638611332337,0.5,0.5,0.5,0.5,1,0,0,0,0,0
0.5,0.5,0.5,0.5,1.0,0,0,0,0,1,1
0.0,0.5,0.5,0.9298312034462037,0.0,1,0,0,1,1,0
0.042171970054202326,0.062445584819402336,0.5,0.654447005171301,0.5,1,1,0,1,0,0
0.5,0.5,0.1586453289546394,0.8080638612413421,0.0,0,0,1,1,1,0
0.9532733273273009,0.5,0.5,0.5,1.0,1,0,0,0,1,1
0.5,0.5,0.0,0.5,0.5,0,0,1,0,0,0
0.02763162348811763,0.0,0.5,0.5,0.4866510756519329,1,1,0,0,1,0
0.5,0.5,0.5,0.7377503325376844,0.5,0,0,0,1,0,0
0.5,0.0,0.5,0.709890755390192,0.0,0,1,0,1,1,0
0.8573729218093594,1.0,0.5,0.5,0.5,1,1,0,0,0,1
0.5,0.06789582609450245,0.06995075002462814,0.5,0.5,0,1,1,0,0,0
0.5,1.0,0.5,0.9010361051531658,1.0,0,1,0,1,1,1
0.13968799111868585,0.0,0.5,0.5,0.5,1,1,0,0,0,0
0.5,0.0,0.5247747798056819,0.5,0.5,0,1,1,0,0,0
0.9862609931700994,0.8657633974439596,0.5,1.0,1.0,1,1,0,1,1,1
0.5,1.0,0.5,0.5,1.0,0,1,0,0,1,1
0.5,0.5,0.5,0.8236105884968916,0.5,0,0,0,1,0,0
0.06323819058668947,0.5,0.5,1.0,0.0,1,0,0,1,1,0
1.0,0.5,0.5,0.5,1.0,1,0,0,0,1,1
0.024635546682994003,0.0,0.5,0.5,0.0,1,1,0,0,1,0
0.0,0.11401467614638822,0.5,0.5,0.04316000457968237,1,1,0,0,1,0
0.5,1.0,0.5,0.5,0.5,0,1,0,0,0,1
0.7902635419319408,1.0,0.5,0.5,0.5,1,1,0,0,0,1
1.0,1.0,0.5,0.5,1.0,1,1,0,0,1,1
0.06564144392112212,0.5,0.0,0.5,0.16201638519568223,1,0,1,0,1,0
0.5,0.7614622369587535,0.5,0.5,0.9759238588372181,0,1,0,0,1,1
0.0,0.09528051378418625,0.3104787725799271,0.5,0.5,1,1,1,0,0,0
0.5,0.0,0.5,0.9870863954173386,0.0,0,1,0,1,1,0
0.5,0.0,0.5,0.5632056630516648,0.0,0,1,0,1,1,0
0.5,0.5,0.5,0.5,0.9691544592437439,0,0,0,0,1,1
0.5,0.0,0.5,1.0,0.0,0,1,0,1,1,0
0.5,0.09596739745998095,0.5,0.5,0.0,0,1,0,0,1,0
0.5,0.5,0.5,0.7841938228689239,0.5,0,0,0,1,0,0
0.5,0.1086777210317838,0.5,0.5,0.5,0,1,0,0,0,0
0.5,0.0,0.0,0.5,0.5,0,1,1,0,0,0
1.0,0.5,0.5,0.5,0.9484664431367158,1,0,0,0,1,1
0.5,0.5,0.8693175115174863,0.871324745421822,0.5,0,0,1,1,0,1
0.0,0.5,0.5,0.5050000629766812,0.5,1,0,0,1,0,0
0.5,0.8162145211682492,0.5,0.5,0.8827397934132672,0,1,0,0,1,1
0.9438009480588176,0.5,0.8479807313304211,0.9366171469866402,0.5,1,0,1,1,0,1
0.019857976626396268,0.5,0.5,0.5,0.5,1,0,0,0,0,0
0.051471654279319476,0.2244790228225203,0.5,0.5,0.1518568124027281,1,1,0,0,1,0
1.0,0.5,0.7628364877206215,0.8117328148404498,0.5,1,0,1,1,0,1
0.05218155522734258,0.5,0.5,0.6555791924564998,0.5,1,0,0,1,0,0
0.0,0.0,0.5,0.5,0.0,1,1,0,0,1,0
0.5,0.0,0.5,0.8086019351356188,0.5,0,1,0,1,0,0
0.0,0.5,0.5,0.5,0.5,1,0,0,0,0,0
0.006491882679013537,0.5,0.5,0.5,0.0,1,0,0,0,1,0
0.5,0.5,0.0,0.5,0.1928733477050769,0,0,1,0,1,0
0.10422438424874175,0.0021982331344620413,0.5,0.4015136266170258,0.29757471175962974,1,1,0,1,1,0
0.7567582529236319,0.5,0.5,0.5,0.5,1,0,0,0,0,1
0.5,0.5,0.5,0.4548648568552233,0.5,0,0,0,1,0,0
0.5,0.9812712844921757,0.6224722352117305,0.5,0.9597023886400081,0,1,1,0,1,1
0.5,0.03257902799146964,0.5,0.5,0.5,0,1,0,0,0,0
0.08581740377832262,0.0,0.07650543220833833,0.5,0.05573816499436834,1,1,1,0,1,0
0.041947728285143246,0.024091667190376857,0.5,0.5,0.5,1,1,0,0,0,0
0.0,0.04741391230438742,0.5,0.5,0.5,1,1,0,0,0,0
0.10366859472942613,0.0,0.5,0.5,0.15476999434884375,1,1,0,0,1,0
0.5,0.5,0.9940255526148134,0.9519744856513153,0.5,0,0,1,1,0,1
0.5,0.5,0.5,0.9958854086676844,0.5,0,0,0,1,0,1
1.0,0.5,0.5,0.5,0.5,1,0,0,0,0,1
0.5,0.8546920287843307,0.5,0.8382023502022792,1.0,0,1,0,1,1,1
0.11689430141242135,0.12383576174556032,0.5,0.5,0.5,1,1,0,0,0,0
0.16713165807324612,0.5,0.5,0.890251575576976,0.0,1,0,0,1,1,0
0.0,0.0397938404940143,0.05852444488947944,0.5,0.5,1,1,1,0,0,0
0.5,0.5,0.0,0.6943415045076844,0.5,0,0,1,1,0,0
0.5,0.5,0.5,0.5,0.0,0,0,0,0,1,0
0.5,0.0248516679459942,0.5359340076237524,0.5,0.06509598064109286,0,1,1,0,1,0
1.0,1.0,0.5,0.5,1.0,1,1,0,0,1,1
0.975492602348633,0.9999082230427847,0.5,0.5,0.9179280280764862,1,1,0,0,1,1
0.5,0.915774049312575,0.5,0.5,0.8794324750849214,0,1,0,0,1,1
0.9712386522239538,0.9818130612701944,0.5,0.5,0.5,1,1,0,0,0,1
0.5,0.0,0.19552627621511767,0.5,0.4569210330801028,0,1,1,0,1,0
0.024684938021848866,0.5,0.5,0.5,0.5,1,0,0,0,0,0
0.0,0.5,0.5,0.5,0.5,1,0,0,0,0,0
0.024381089232765347,0.5,0.5,0.5,0.5,1,0,0,0,0,0
0.8326272022761942,0.9103546270312844,0.5,0.9816073495125223,0.5,1,1,0,1,0,1
0.8094686147467849,0.5,0.5,0.5,0.9048948524180553,1,0,0,0,1,1
0.5,0.5,0.0,0.5,0.5,0,0,1,0,0,0
0.5,1.0,0.5,0.6229813823822313,0.5,0,1,0,1,0,1
0.0,0.5,0.5,0.5,0.1667550721754994,1,0,0,0,1,0
0.0041659230540820585,0.5,0.2170927858541865,0.5,0.13972746548445286,1,0,1,0,1,0
0.10387822960327533,0.0,0.5,0.5,0.5,1,1,0,0,0,0
0.5,0.0,0.5,0.5,0.5,0,1,0,0,0,0
1.0,0.5,0.5,0.5,0.5,1,0,0,0,0,1
0.0,0.5,0.15775155010838438,0.5,0.280737434095716,1,0,1,0,1,0
0.5,0.02660126063543437,0.5,0.8148343575502506,0.09229638760346656,0,1,0,1,1,0
0.5,0.5,0.5,0.5,0.0,0,0,0,0,1,0
0.5,0.5,0.8191250298273579,0.5,0.5,0,0,1,0,0,1
1.0,0.9078558501507092,0.5,0.5,1.0,1,1,0,0,1,1
0.5,0.5,0.5,0.9292597720018779,0.5,0,0,0,1,0,1
0.5,0.5,1.0,0.5,0.5,0,0,1,0,0,1
0.03370372383324645,0.5,0.2543140138825365,0.8212466840745967,0.5,1,0,1,1,0,0
0.5,0.0,0.5,0.8018909264052205,0.0,0,1,0,1,1,0
0.5,0.5,0.5,0.5,0.9567118883739919,0,0,0,0,1,1
0.0,0.0,0.5,0.5,0.5,1,1,0,0,0,0
1.0,0.9809845131506214,0.5,0.5,0.9191813559592413,1,1,0,0,1,1
1.0,0.5,0.5,0.5,1.0,1,0,0,0,1,1
0.5,0.5,0.5,0.7047023036537173,1.0,0,0,0,1,1,1
1.0,1.0,0.5,0.5,0.5,1,1,0,0,0,1
0.8665389095212653,0.6257565475349913,0.5,1.0,0.5,1,1,0,1,0,1
0.0,0.5,0.45714157351186857,0.5,0.5,1,0,1,0,0,0
0.976881969118665,1.0,0.5,0.5,0.5,1,1,0,0,0,1
0.9705753447989213,0.895995375088294,1.0,0.5,0.5,1,1,1,0,0,1
0.5,0.5,0.5,0.7473960057714766,0.5,0,0,0,1,0,0
0.5,1.0,1.0,0.5,1.0,0,1,1,0,1,1
0.5,0.5,0.25808686391753793,0.5,0.2774854373472788,0,0,1,0,1,0
0.9453498978094733,0.5,0.7313073739924743,0.5,0.5,1,0,1,0,0,1
0.5,0.5,0.5,0.5939264373655745,0.5,0,0,0,1,0,0
0.004342654769883065,0.5,0.5,0.5,0.5,1,0,0,0,0,0
0.8191712224001986,0.5,0.5,0.5,1.0,1,0,0,0,1,1
0.1239709948150351,0.0,0.0,0.7162835096218725,0.0,1,1,1,1,1,0
0.11384194017918114,0.09571701529155068,0.5,0.5,0.5,1,1,0,0,0,0
0.5,0.0,0.5,0.5,0.5,0,1,0,0,0,0
0.0,0.5,0.5,0.5,0.5,1,0,0,0,0,0
1.0,0.5,0.5,0.5,1.0,1,0,0,0,1,1
0.9546178235693967,0.5,0.5,0.724808007124705,1.0,1,0,0,1,1,1
0.0,0.1324079642521172,0.5,0.5,0.13204912195329713,1,1,0,0,1,0
0.07091553682309967,0.5,0.5,0.46044036417172785,0.5,1,0,0,1,0,0
0.5,0.0,0.5,0.5,0.39702660936826306,0,1,0,0,1,0
0.0,0.0,0.5,0.3417213391870679,0.5,1,1,0,1,0,0
0.5,0.05417345532046376,0.5,0.5,0.1393434805504998,0,1,0,0,1,0
0.0,0.5,0.5,0.5,0.1643467524484086,1,0,0,0,1,0
0.0,0.0,0.5,0.5,0.31569376402637206,1,1,0,0,1,0
0.9611584134166431,1.0,1.0,0.7462249665571872,1.0,1,1,1,1,1,1
0.790501568492423,1.0,0.5,0.5,0.5,1,1,0,0,0,1
0.5,0.7617704926719384,0.7642580048183706,0.9089806144907201,0.9794942665719192,0,1,1,1,1,1
0.0,0.5,0.5,0.7516114230577984,0.0,1,0,0,1,1,0
0.5,0.5,0.5,0.5,0.0,0,0,0,0,1,0
1.0,0.862121682753122,0.5,0.5654953426861186,0.5,1,1,0,1,0,1
0.5,0.967648945329398,0.5,0.9791345563720526,0.5,0,1,0,1,0,1
0.5,0.5,0.5,0.8742830318756405,0.8819029312263791,0,0,0,1,1,1
0.5,0.5,0.6543020803920419,0.5,0.0,0,0,1,0,1,0
0.5,0.5,0.5,0.5,0.9294828484325198,0,0,0,0,1,1
0.5,0.5,0.0,0.7893943503196487,0.0,0,0,1,1,1,0
1.0,1.0,1.0,0.5,0.5,1,1,1,0,0,1
0.0,0.0,0.5,0.5,0.5,1,1,0,0,0,0
0.0,0.0,0.5,0.5159493712670278,0.5,1,1,0,1,0,0
0.5,0.5,0.5,0.8106677534550399,0.5,0,0,0,1,0,0
0.5,0.08026887371219917,0.5,0.9737046535090098,0.0,0,1,0,1,1,0
0.0,0.5,0.0,0.5,0.5,1,0,1,0,0,0
0.5,0.5,1.0,0.809046398137178,1.0,0,0,1,1,1,1
0.5,1.0,0.40073115945596227,0.5,0.9366947496361786,0,1,1,0,1,1
0.5,1.0,0.5,0.7608198934033454,0.5,0,1,0,1,0,1
0.00842903495350439,0.5,0.3660964614132035,0.5,0.18745778166203594,1,0,1,0,1,0
0.04805953973631913,0.004229005764501908,0.0,0.5,0.5,1,1,1,0,0,0
0.5,0.0,0.5,0.5,0.045822718027058396,0,1,0,0,1,0
0.0,0.5,0.5,0.5,0.5,1,0,0,0,0,0
0.731544643173996,0.5,0.5,0.5,0.5,1,0,0,0,0,1
0.5,0.029027234590056697,0.2380338829327779,0.5,0.5,0,1,1,0,0,0
0.5,1.0,0.5,0.5,0.5,0,1,0,0,0,1
0.5,0.5,0.6845727593235558,0.5,0.128074981837684,0,0,1,0,1,0
0.032382814515127784,0.5,0.5,0.5,0.5,1,0,0,0,0,0
0.0923540997520523,0.0,0.5,0.5,0.5,1,1,0,0,0,0
0.5,0.5,0.5,0.6412833605468435,0.5,0,0,0,1,0,0
0.5,0.5,0.5,0.63594986613232,0.5,0,0,0,1,0,0
1.0,0.8135076854929015,0.5,0.5,0.5,1,1,0,0,0,1
0.5,0.0,0.08436992416702854,0.5,0.04367926917119832,0,1,1,0,1,0
0.5,0.5,0.5,1.0,0.5,0,0,0,1,0,1
0.5,0.0,0.5,0.5,0.0,0,1,0,0,1,0
0.16448612033888454,0.5,0.0,0.5,0.5,1,0,1,0,0,0
0.0,0.5,0.5,0.5,0.15178214861619505,1,0,0,0,1,0
0.5,0.5,0.580820762865087,1.0,0.2511368280782476,0,0,1,1,1,0
0.5,0.0727011930107119,0.5,0.3906365772655735,0.0,0,1,0,1,1,0
0.5,0.0,0.5,0.5,0.0415441954403914,0,1,0,0,1,0
0.0,0.5,0.5,0.5,0.5,1,0,0,0,0,0
0.5,0.5,0.0,0.7898235338868278,0.0,0,0,1,1,1,0
0.5,0.5,0.014956627826049201,0.5,0.5,0,0,1,0,0,0
0.5,1.0,0.5,0.5,0.9026449315709246,0,1,0,0,1,1
0.5,0.012975928797239147,0.5,0.6672296299840826,0.5,0,1,0,1,0,0
0.0,0.5,0.5,0.8283693531425285,0.5,1,0,0,1,0,0
0.5,0.5,0.5,0.3417086563979988,0.5,0,0,0,1,0,0
0.0,0.5,0.5,0.5,0.5,1,0,0,0,0,0
0.5,0.5,0.5,0.6058411616286504,0.5,0,0,0,1,0,1
0.001359569891388867,0.0,0.0764456697410846,0.5,0.5,1,1,1,0,0,0
1.0,0.5,0.5,0.5,0.9519670170452128,1,0,0,0,1,1
0.0,0.5,0.5,0.5,0.0,1,0,0,0,1,0
0.11689937079956148,0.0,0.5,0.9300520083539776,0.17274660097419298,1,1,0,1,1,0
0.5,0.0,0.5,1.0,0.5,0,1,0,1,0,0
0.08414534064924345,0.0657540943542333,0.5,0.5,0.5,1,1,0,0,0,0
0.765336650421005,0.5,0.5,0.5,0.5,1,0,0,0,0,1
0.5,0.5,0.20570333079064843,0.5333093157059879,0.1960968359191153,0,0,1,1,1,0
0.5,0.5,0.5,0.5,0.8466640395725591,0,0,0,0,1,1
0.5,0.5,0.5,0.6547782931211439,0.016913345954621642,0,0,0,1,1,0
0.5,0.5,0.14595902971051997,0.5,0.1739544617547443,0,0,1,0,1,0
0.0,0.0,0.5,0.6140996392927086,0.0,1,1,0,1,1,0
0.9574914477600228,0.5,0.5,0.5,0.5,1,0,0,0,0,1
0.0,0.5,0.5,0.5,0.5,1,0,0,0,0,0
0.5,0.5,0.5,0.5,1.0,0,0,0,0,1,1
0.047359241975524075,0.030164107971035182,0.5,0.7151117588093464,0.5,1,1,0,1,0,0
0.5,0.0,0.39718826951558306,0.5,0.0,0,1,1,0,1,0
1.0,1.0,0.7512325845288028,0.78037951683125,0.9831862542787394,1,1,1,1,1,1
0.5,0.5,0.5,0.5,0.0,0,0,0,0,1,0
0.0,0.5,0.7388143269693956,0.8913069767599284,0.5,1,0,1,1,0,0
0.08683304279206425,0.5,0.5,0.6382132317180607,0.02175249867080219,1,0,0,1,1,0
0.5,0.8939356442664499,0.16056492889204732,0.5,1.0,0,1,1,0,1,1
0.06487818586828795,0.5,0.5,0.5,0.5,1,0,0,0,0,0
0.5,0.027852028108181385,0.5,0.5,0.0,0,1,0,0,1,0
0.5,0.5,0.9604177128834492,1.0,0.5,0,0,1,1,0,1
1.0,0.5,1.0,0.5,0.5,1,0,1,0,0,1
0.5,0.5,0.5,0.6045053629136554,0.0,0,0,0,1,1,0
0.0035958724360118446,0.5,0.5,0.9286117139779375,0.5,1,0,0,1,0,0
0.9377800512661859,0.5,1.0,0.6017636013342733,0.9648420437256795,1,0,1,1,1,1
1.0,0.8001579601648581,0.5632738542289607,0.5,0.5,1,1,1,0,0,1
0.021381251393646324,0.04942266944814266,0.5,0.5677495939588454,0.0,1,1,0,1,1,0
0.9077853816268509,0.6945041350112646,0.5,0.5,0.5,1,1,0,0,0,1
1.0,0.5,0.5,0.5,0.5,1,0,0,0,0,1
0.5,0.5,0.5,0.9484781304177383,1.0,0,0,0,1,1,1
0.5,0.033731529692098264,0.053070792284613005,0.5,0.08586649120158199,0,1,1,0,1,0
1.0,1.0,0.5,0.5,1.0,1,1,0,0,1,1
0.0,0.5,0.0,0.5,0.1378010058484136,1,0,1,0,1,0
0.5,1.0,0.5,0.7119982552606169,0.5,0,1,0,1,0,1
0.5,0.5,0.9821320576225707,0.5,1.0,0,0,1,0,1,1
0.5,0.5,0.19947228659350202,0.5,0.5,0,0,1,0,0,0
0.5,1.0,0.5,0.5,0.5,0,1,0,0,0,1
0.11165917484585497,0.0,0.5,0.5,0.5,1,1,0,0,0,0
0.01897433559376563,0.5,0.5372373017445424,0.5,0.5,1,0,1,0,0,0
0.5,1.0,1.0,0.5,1.0,0,1,1,0,1,1
0.5,0.5,1.0,0.5,0.5,0,0,1,0,0,1
0.043754219146785026,0.0,0.5,0.5604835844902386,0.0,1,1,0,1,1,0
0.5,0.5,0.5,0.6271008747248519,0.5,0,0,0,1,0,1
0.07765032085093168,0.0,0.5,0.5,0.0,1,1,0,0,1,0
0.8080458222173443,0.973128528547275,0.5,0.5,0.9748219499625534,1,1,0,0,1,1
0.5,1.0,0.5,0.5,0.8768316647061594,0,1,0,0,1,1
0.05039748946111951,0.5,0.5,0.6427095992744335,0.3001778146165193,1,0,0,1,1,0
0.5,0.5,0.5,0.5,0.38263776983010117,0,0,0,0,1,0
0.8079669343636664,0.9197100790490478,0.22807502415217595,0.5,1.0,1,1,1,0,1,1
0.5,0.028568854811159557,0.0,0.807557123496567,0.0,0,1,1,1,1,0
0.02918113220770637,0.027864778724265585,0.2669708252242301,0.5,0.21557692752058996,1,1,1,0,1,0
0.9444105366619661,1.0,0.5,0.863638227707786,1.0,1,1,0,1,1,1
0.5,0.5,0.31007287111371296,0.5,0.5,0,0,1,0,0,0
0.0,0.5,0.0,0.5,0.5,1,0,1,0,0,0
0.5,0.0,0.5,0.5,0.0,0,1,0,0,1,0
0.5,0.7521147613174524,0.7833897645924406,0.5,0.5,0,1,1,0,0,1
0.5,0.0,0.5,0.5,0.0,0,1,0,0,1,0
0.7410714433419784,0.5,0.5,0.5,1.0,1,0,0,0,1,1
0.5,0.5,0.5,0.9069589233388565,0.958135263885551,0,0,0,1,1,1
0.5,0.5,0.0,0.5,0.5,0,0,1,0,0,0
0.5,0.5,0.5,0.876468805994494,0.5,0,0,0,1,0,1
0.9056569586775818,0.5,0.5,0.5,0.5,1,0,0,0,0,1
0.5,0.1702085742976614,0.5,0.7351745813718006,0.0,0,1,0,1,1,0
0.0,0.5,0.5,0.6938619362061368,0.09760701633282183,1,0,0,1,1,0
1.0,0.5,0.6857271028339487,0.5,0.5,1,0,1,0,0,1
0.5,0.0,0.5,0.5,0.04163328070051364,0,1,0,0,1,0
0.05027057099769817,0.04346049857388807,0.5,0.5,0.0,1,1,0,0,1,0
0.5,0.0,0.5,0.5,0.14451959331702913,0,1,0,0,1,0
0.5,0.721523131131901,0.5,0.5,0.5,0,1,0,0,0,1
0.5,0.5,0.5,0.8381795104876407,0.5,0,0,0,1,0,0
0.0383365955000263,0.0021715333586016924,0.5,0.2934413466630467,0.5,1,1,0,1,0,0
0.09342263113881766,0.0,0.7052741228675342,0.8101523212508516,0.5,1,1,1,1,0,0
1.0,0.5,0.7920961584342519,0.5,0.9650030013943918,1,0,1,0,1,1
0.5,0.0,0.5,0.5,0.5,0,1,0,0,0,0
0.8320567034975861,0.7624817123307623,1.0,0.5,0.8980854310928494,1,1,1,0,1,1
1.0,0.5,0.5,0.5,0.5,1,0,0,0,0,1
0.5,0.5,0.19267479502411708,0.7073074207356708,0.23554557419999445,0,0,1,1,1,0
0.5,0.9210520027316633,0.5,0.970282404330968,0.9931220936178501,0,1,0,1,1,1
1.0,1.0,0.5,0.7537328294687398,0.9222113191704743,1,1,0,1,1,1
0.016551101597340964,0.5,0.5,0.5,0.0,1,0,0,0,1,0
0.5,0.034706952595679075,0.38174219726576186,0.794213294557462,0.39337633054877574,0,1,1,1,1,0
0.5,0.5,0.5,0.9251454053769401,0.303550122059769,0,0,0,1,1,0
0.5,0.8462280184839213,0.5,0.5,0.5,0,1,0,0,0,1
0.5,0.5,0.5,0.8636317713994472,0.9108852642489506,0,0,0,1,1,1
0.6756636171653952,0.5,0.5,0.5,0.5,1,0,0,0,0,1
1.0,0.5,0.5,0.5,0.5,1,0,0,0,0,1
0.14624859253541603,0.12883611027414837,0.5,0.5,0.5,1,1,0,0,0,0
0.8954196967607119,0.5,0.5,0.5,0.5,1,0,0,0,0,1
0.007371932981886892,0.02587243962979985,0.06713217156133691,0.8363968949044521,0.06411568721343319,1,1,1,1,1,0
0.5,0.5,0.5,0.8331980122401426,0.5,0,0,0,1,0,1
0.06229871377527401,0.5,0.5,0.5,0.5,1,0,0,0,0,0
0.5,1.0,0.5,0.5,0.5,0,1,0,0,0,1
0.0,0.5,0.5,0.5,0.5,1,0,0,0,0,0
0.5,1.0,1.0,0.5,1.0,0,1,1,0,1,1
0.9620815512559083,0.9855565836285394,0.5,0.5,0.5,1,1,0,0,0,1
0.5,0.5,0.6748927410397656,0.5,0.5,0,0,1,0,0,1
0.5,0.06900124896774709,0.42962568384309574,0.5,0.5,0,1,1,0,0,0
0.0,0.0,0.5,0.5,0.5,1,1,0,0,0,0
0.5,0.0,0.1498513313525613,0.5,0.5,0,1,1,0,0,0
0.0978779547569279,0.0,0.5,0.6530135513288305,0.5,1,1,0,1,0,0
0.04198099852293862,0.0,0.5,0.600436844286725,0.5,1,1,0,1,0,0
0.5,0.9007518785100055,0.5,0.9202790480046757,0.9167535571638696,0,1,0,1,1,1
0.0945449392645154,0.0,0.5,0.5,0.5,1,1,0,0,0,0
0.00501508947574099,0.0,0.0,0.5,0.5,1,1,1,0,0,0
0.0515284597438827,0.02228965589206358,0.5,0.5,0.5,1,1,0,0,0,0
0.019206147804698887,0.5,0.5,0.4562939455835767,0.0,1,0,0,1,1,0
0.5,0.0,0.26642139666349945,0.5,0.24903924627771876,0,1,1,0,1,0
0.5,0.5,1.0,0.5,0.7716294517385562,0,0,1,0,1,1
0.15511913031845162,0.5,0.5,0.5,0.5,1,0,0,0,0,0
0.5,0.5,0.5,0.5,0.9182913178979898,0,0,0,0,1,1
0.5,0.5,0.5,0.7904220751034259,0.1236012211698106,0,0,0,1,1,0
0.0,0.11675056808401164,0.5,1.0,0.0,1,1,0,1,1,0
0.0,0.5,0.5,0.5,0.5,1,0,0,0,0,0
1.0,0.5,1.0,0.9923772759753746,0.5,1,0,1,1,0,1
0.0,0.5,0.5,0.5,0.15973575011820734,1,0,0,0,1,0
0.5,0.0,0.5,0.5,0.5,0,1,0,0,0,0
0.0,0.5,0.5,0.5,0.0,1,0,0,0,1,0
1.0,0.5,1.0,0.5,1.0,1,0,1,0,1,1
0.5,0.5,0.36489443170320623,0.5,0.5,0,0,1,0,0,0
0.011044176908156116,0.0,0.4523951739727292,0.5,0.0,1,1,1,0,1,0
0.5,0.14780427350488456,0.5,0.7181528737368353,0.5,0,1,0,1,0,0
0.0,0.0025488355863703873,0.5,0.8831743760424503,0.5,1,1,0,1,0,0
1.0,0.5,0.5,0.5,0.9910953629007508,1,0,0,0,1,1
0.5,0.8692693921013761,0.5,0.5,0.5,0,1,0,0,0,1
0.0,0.5,0.5,0.5,0.5,1,0,0,0,0,0
0.5,0.5,0.8301704760872755,0.8823532807120341,0.5,0,0,1,1,0,1
0.5,0.5,0.5,0.7941468120952752,0.5,0,0,0,1,0,1
0.5,0.0,0.5,0.5,0.5,0,1,0,0,0,0
0.0,0.5,0.24884940525007992,0.8275109539117435,0.24679847740393898,1,0,1,1,1,0
0.5,0.5,0.5,0.9396757998984848,0.5,0,0,0,1,0,1
0.9860306698456724,1.0,1.0,0.5,1.0,1,1,1,0,1,1
0.0,0.0,0.5,0.5,0.5,1,1,0,0,0,0
0.5,0.0254513550178806,0.5,0.5,0.5,0,1,0,0,0,0
0.9682955454169454,0.5,0.6242247121092888,0.5,0.5,1,0,1,0,0,1
0.09446328578896643,0.1139334393472938,0.5,0.7770458114705152,0.5,1,1,0,1,0,0
0.5,0.03235306352109047,0.5,0.6729082027574091,0.5,0,1,0,1,0,0
0.0,0.5,0.0,1.0,0.0,1,0,1,1,1,0
0.5,0.5,0.5,1.0,0.5,0,0,0,1,0,0
0.8163119572972454,0.936953039838452,0.5,0.5,1.0,1,1,0,0,1,1
0.5,0.5,0.5,0.5,0.009677725238370183,0,0,0,0,1,0
1.0,0.5,1.0,0.5,0.9369595329846853,1,0,1,0,1,1
0.03943376272907209,0.5,0.0,0.5,0.5,1,0,1,0,0,0
0.5,0.5,0.9665264930290449,0.7888232113800926,0.8547158628469534,0,0,1,1,1,1
0.02725575206922804,0.5,0.5,0.5,0.5,1,0,0,0,0,0
0.5,0.5,0.5,0.7708794247643291,1.0,0,0,0,1,1,1
0.07167716933661701,0.5,0.0,0.5,0.0,1,0,1,0,1,0
0.9272589458902429,0.5,0.5992337051037253,0.5,0.5,1,0,1,0,0,1
0.5,0.8523974615294917,0.5,0.9683516036673077,0.5,0,1,0,1,0,1
0.5,0.0921406789374059,0.5,0.5,0.0,0,1,0,0,1,0
0.5,0.5,0.5,0.5,0.9727102316254382,0,0,0,0,1,1
1.0,0.5,0.5,0.7498978896815115,0.8934434453584595,1,0,0,1,1,1
0.5,0.0,0.5,0.5431643260450685,0.5,0,1,0,1,0,0
0.033732773509558674,0.5,0.5,0.5,0.5,1,0,0,0,0,0
0.5,0.5,0.5,0.5,0.9770004586086181,0,0,0,0,1,1
0.8045503795418064,0.5,0.5995533258165462,1.0,1.0,1,0,1,1,1,1
0.0892746431125015,0.5,0.5,0.6629481184728601,0.0,1,0,0,1,1,0
0.5,0.5,0.5,1.0,0.5,0,0,0,1,0,0
1.0,1.0,0.6168318142871162,0.5,1.0,1,1,1,0,1,1
0.6609506741084192,1.0,0.5,0.5,0.9526985112370776,1,1,0,0,1,1
0.5,0.5,0.5,0.5,1.0,0,0,0,0,1,1
0.0,0.5,0.5,1.0,0.5,1,0,0,1,0,0
0.7082767261355778,0.9825548261753423,0.5,0.5,0.5,1,1,0,0,0,1
0.5,0.5,0.5,1.0,0.5,0,0,0,1,0,0
0.5,0.5,0.5,0.5,0.8761804248206883,0,0,0,0,1,1
0.5,0.5,0.5,0.8768369418035018,0.1382449885389289,0,0,0,1,1,0
0.5,0.5,0.5,0.5,0.2141867442398213,0,0,0,0,1,0
0.9948764241918415,0.5,0.5,0.5,0.9390569824023001,1,0,0,0,1,1
0.0,0.5,0.5,0.5,0.1123450413319835,1,0,0,0,1,0
0.03133400754698475,0.5,0.5,0.6685907434960031,0.0,1,0,0,1,1,0
1.0,0.5,0.5869133057880798,0.5,0.5,1,0,1,0,0,1
0.5,0.5,0.5,0.894306119752344,0.5,0,0,0,1,0,1
0.06563388596416576,0.5,0.5,0.5,0.0,1,0,0,0,1,0
0.5,0.5,0.5,0.5,1.0,0,0,0,0,1,1
0.058531101990703514,0.0,0.31039843400296535,0.5,0.201986171785885,1,1,1,0,1,0
0.029431191710802197,0.5,0.5,0.5,0.2039657499911847,1,0,0,0,1,0
0.5,0.5,0.0,0.5,0.5,0,0,1,0,0,0
0.5,1.0,0.5,0.5,0.5,0,1,0,0,0,1
0.8468645019250474,0.8017181996719633,0.5,0.5,1.0,1,1,0,0,1,1
0.5,0.9252843838693636,0.5,0.5,0.9541248257063331,0,1,0,0,1,1
0.5,1.0,0.5,0.5,0.5,0,1,0,0,0,1
0.16617376306275392,0.5,0.5,0.6894472693816677,0.5,1,0,0,1,0,0
0.5,0.0,0.5,0.6022112233479647,0.5,0,1,0,1,0,0
0.5,0.5,0.3978088966005918,0.5,0.18068281906247927,0,0,1,0,1,0
0.5,0.8518421260733609,0.5,0.5,0.8834959748815455,0,1,0,0,1,1
0.01168909154143425,0.5,0.5,0.5,0.00849920449380167,1,0,0,0,1,0
1.0,0.5,0.5,0.8880453096463296,0.9998634166622404,1,0,0,1,1,1
0.5,0.061851576059631756,0.5,0.3424291485533086,0.0,0,1,0,1,1,0
1.0,1.0,0.5,0.5,0.5,1,1,0,0,0,1
0.0,0.0,0.0,0.5,0.0,1,1,1,0,1,0
0.5,1.0,0.6744391063766095,0.8268111774657716,0.5,0,1,1,1,0,1
0.07007152295353257,0.0,0.523221555033047,0.5,0.06314560232468579,1,1,1,0,1,0
0.5,0.5,0.5320094909263628,0.5,0.5,0,0,1,0,0,0
0.03769438417435658,0.0,0.5,0.5,0.5,1,1,0,0,0,0
0.5,0.02254794705766256,0.5,0.5,0.5,0,1,0,0,0,0
0.9275912571683493,0.5,0.5,0.5,0.5,1,0,0,0,0,1
1.0,0.7411172372905419,0.5,0.992387672955829,0.5,1,1,0,1,0,1
0.5,0.5,0.5456990733122762,0.5,0.5,0,0,1,0,0,0
0.9800536527506403,0.5475197562842997,0.5,0.5,0.5,1,1,0,0,0,1
0.0,0.5,0.023092140336069933,1.0,0.0,1,0,1,1,1,0
0.021148881924394222,0.5,0.5,0.5,0.0,1,0,0,0,1,0
0.5,0.8069230181967663,0.5,0.5,0.5,0,1,0,0,0,1
1.0,0.7228935367548104,0.5,0.5,0.5,1,1,0,0,0,1
0.06741875594286428,0.016270229046632632,0.5,0.5,0.0,1,1,0,0,1,0
0.858333732016751,1.0,0.5,0.5,1.0,1,1,0,0,1,1
0.004137262383884559,0.0980764038602882,0.5,0.9100594998214244,0.23365480768651214,1,1,0,1,1,0
0.0,0.5,0.6131736809297237,0.5,0.5,1,0,1,0,0,0
0.12406772846373965,0.011052989406617225,0.5,0.5,0.5,1,1,0,0,0,0
0.5,0.5,0.5,0.5,0.09024108720076385,0,0,0,0,1,0
0.0,0.5,0.05026979816162633,0.7223795280973124,0.23544400308397925,1,0,1,1,1,0
0.827252242454975,0.9565375061162684,0.5,1.0,1.0,1,1,0,1,1,1
0.5,1.0,0.5,0.5,0.5,0,1,0,0,0,1
0.9952388246558,1.0,1.0,0.9223400926396671,1.0,1,1,1,1,1,1
0.5,0.5,0.5,1.0,0.9451248901680478,0,0,0,1,1,1
1.0,1.0,0.5,1.0,0.5,1,1,0,1,0,1
0.0785165597491268,0.5,0.5,0.5,0.5,1,0,0,0,0,0
0.5,0.5,0.0,0.5,0.0,0,0,1,0,1,0
0.5,0.823180990321452,0.5,0.9181885673732559,0.5,0,1,0,1,0,1
0.05208880694711025,0.0,0.0,0.5,0.0,1,1,1,0,1,0
0.5,0.5,0.5,0.5,1.0,0,0,0,0,1,1
0.5,0.0,0.0,0.5,0.06809743972835688,0,1,1,0,1,0
0.7566537177745768,0.9874490578443383,0.5,0.5,0.5,1,1,0,0,0,1
0.5,0.5,0.0,0.5,0.24217896502215172,0,0,1,0,1,0
0.09866745407442248,0.0,0.5,0.7523905361408467,0.1856889547104724,1,1,0,1,1,0
0.9285511158062405,0.5,0.5,0.7459918432178391,1.0,1,0,0,1,1,1
0.5,1.0,0.5,0.5,0.5,0,1,0,0,0,1
0.8959443986118247,0.5,0.8010022416461711,0.7825299139283244,0.9501368990815054,1,0,1,1,1,1
0.0,0.5,0.5,0.5,0.061138387515046994,1,0,0,0,1,0
1.0,1.0,0.7427595753179594,0.7231778601827564,0.8462733027202698,1,1,1,1,1,1
0.0,0.5,0.0,0.5,0.5,1,0,1,0,0,0
0.0,0.017902314992763214,0.0,0.6349502132622649,0.5,1,1,1,1,0,0
0.9307334477627015,0.5,0.5,0.5,0.5,1,0,0,0,0,1
0.06813445641816882,0.5,0.5,0.46131267591563635,0.5,1,0,0,1,0,0
1.0,0.5,0.5,0.9132117244161149,0.5,1,0,0,1,0,1
0.03404149779412252,0.5,0.5,0.9074221849083837,0.5,1,0,0,1,0,0
0.07583447914494666,0.062246021147521396,0.5,0.858748025289606,0.0,1,1,0,1,1,0
1.0,0.5,0.5,0.5,0.5,1,0,0,0,0,1
0.5,1.0,0.5,0.5,1.0,0,1,0,0,1,1
1.0,0.5,0.5,0.5,0.5,1,0,0,0,0,1
1.0,0.5,0.5,0.5,0.5,1,0,0,0,0,1
0.08789018172912472,0.5,0.5,0.7765255461415098,0.1333452414346413,1,0,0,1,1,0
0.5,0.0,0.5,0.5,0.5,0,1,0,0,0,0
1.0,0.9127197225172372,0.5,0.7937000745777901,0.5,1,1,0,1,0,1
0.9421347640417848,0.5,0.4338206557890671,0.5,0.8971553999105956,1,0,1,0,1,1
0.5,0.9824112431080605,0.8975585986413281,0.9032570210429853,0.9041509125610031,0,1,1,1,1,1
1.0,0.7825593703036646,0.9629960840531568,0.9543345071607396,0.5,1,1,1,1,0,1
0.9837426355533176,0.5,0.5,0.5,0.5,1,0,0,0,0,1
0.8828403907018264,0.5,0.5,0.5,0.5,1,0,0,0,0,1
0.5,0.08104751367782463,0.5,0.5,0.5,0,1,0,0,0,0
0.0,0.0,0.5,0.5,0.5,1,1,0,0,0,0
0.5,0.869602975348299,0.5,0.7456346190580446,0.5,0,1,0,1,0,1
0.8333498814485609,0.5,0.5,0.5,0.5,1,0,0,0,0,1
0.0,0.5,0.5,0.5,0.0,1,0,0,0,1,0
0.0,0.08769449876285762,0.5,0.5,0.5,1,1,0,0,0,0
0.13128976767636838,0.0,0.5,0.5,0.09468859750170983,1,1,0,0,1,0
0.5,0.5,0.8893449935797099,0.5,0.5,0,0,1,0,0,1
0.07596013049722641,0.5,0.4372448799295878,0.5,0.5,1,0,1,0,0,0
0.5,0.06480330722881417,0.003642851240647005,0.5,0.5,0,1,1,0,0,0
0.5,0.5,0.5572780111595779,0.5,0.5,0,0,1,0,0,0
1.0,0.5,0.5,0.5,0.9886411534314895,1,0,0,0,1,1
0.0,0.5,0.5,0.5,0.5,1,0,0,0,0,0
0.5,0.04942191837631751,0.5,0.6471164479389799,0.11678507078103151,0,1,0,1,1,0
0.5,0.5,0.6298630134262665,0.5,0.5,0,0,1,0,0,1
0.5,0.07632115209374701,0.31735043481532527,0.5,0.0794721106313992,0,1,1,0,1,0
0.01567653522570978,0.5,0.5,0.7055229834102899,0.13056462628069948,1,0,0,1,1,0
0.0,0.06656669709684929,0.29853412264874857,0.9357389479430327,0.0,1,1,1,1,1,0
0.11307768182236591,0.5,0.5,0.5,0.04955676285936666,1,0,0,0,1,0
0.04529607465709021,0.5,0.5,0.5,0.0,1,0,0,0,1,0
0.15766237626434695,0.5,0.5,0.5,0.5,1,0,0,0,0,0
0.1156204251846003,0.5,0.5,0.5,0.5,1,0,0,0,0,0
0.5,0.5,0.41952782547274503,0.9635779037056235,0.017375558996871827,0,0,1,1,1,0
0.5,0.0,0.5,0.6948425047891911,0.0,0,1,0,1,1,0
0.03127222352435049,0.018209647467254987,0.5,0.5,0.5,1,1,0,0,0,0
0.5,0.5,0.5,0.5,0.004675457564065871,0,0,0,0,1,0
0.04991877114525702,0.0,0.71074771862146,0.8393683671369682,0.1559521544193884,1,1,1,1,1,0
0.1063240578932545,0.5,0.5,0.5,0.5,1,0,0,0,0,0
0.0,0.5,0.48907367104690447,0.6806865373505282,0.06773064257432797,1,0,1,1,1,0
0.5,0.7942478814960792,0.9452386973280684,0.5,0.5,0,1,1,0,0,1
0.02507193627661517,0.09494522951159076,0.5,0.7465341125972921,0.5,1,1,0,1,0,0
0.5,0.002547775781939746,0.0,0.9233603341777668,0.22598846505096282,0,1,1,1,1,0
0.0,0.0,0.5,0.5,0.5,1,1,0,0,0,0
0.5,0.5,0.25246568583411844,0.5,0.5,0,0,1,0,0,0
0.5,0.01180022033634716,0.5,0.5,0.5,0,1,0,0,0,0
0.8870797624417165,0.845706569014365,0.5,0.5,0.5,1,1,0,0,0,1
0.5,0.5,0.5742700266296017,0.5,0.5,0,0,1,0,0,1
0.0,0.09346962423214354,0.12268554042753223,0.6476345749184963,0.5,1,1,1,1,0,0
0.013506239804762715,0.013344101093167908,0.5,0.5,0.5,1,1,0,0,0,0
0.021846551153399688,0.5,0.0,0.5,0.0,1,0,1,0,1,0
1.0,1.0,0.5,0.7645439055025628,0.5,1,1,0,1,0,1
1.0,0.7912921245684876,0.5,0.5,1.0,1,1,0,0,1,1
0.9593737608174575,0.7342967760323329,0.5,0.5,0.5,1,1,0,0,0,1
0.714917665464615,0.5,0.8763724198596079,0.5,0.5,1,0,1,0,0,1
0.9286822876638539,0.5,0.7914062186769008,0.6818473511836876,1.0,1,0,1,1,1,1
0.5,1.0,0.5,1.0,0.5,0,1,0,1,0,1
0.7276408353903954,1.0,0.5,0.6575340768051782,0.5,1,1,0,1,0,1
0.8500997921598794,1.0,0.5,0.5,0.978908205292414,1,1,0,0,1,1
0.5,0.5,0.0550522482289966,0.5,0.5,0,0,1,0,0,0
0.5,0.9520664191720746,0.5,0.5,0.5,0,1,0,0,0,1
1.0,0.9449768501445548,0.5,0.5,0.992131545131779,1,1,0,0,1,1
0.5,0.5,0.5,0.9041887099502828,0.8286180190067318,0,0,0,1,1,1
0.5,0.5,0.7010268256414938,0.5,0.8654548664620388,0,0,1,0,1,1
0.5,0.7941088508543721,0.5,0.5,0.5,0,1,0,0,0,1
0.5,0.5,0.5,0.8155296310462478,0.051759863388995166,0,0,0,1,1,0
0.8390459270507881,1.0,0.5,0.5,0.8806944743889908,1,1,0,0,1,1
0.80858553053778,1.0,0.5,0.5,0.5,1,1,0,0,0,1
0.9573680626842054,0.5,0.5,0.5,0.956895165633454,1,0,0,0,1,1
0.5,1.0,0.5,0.5,0.5,0,1,0,0,0,1
0.5,0.5,0.0,0.5,0.09574045626628154,0,0,1,0,1,0
0.9719414241147353,0.5,0.5,0.5,1.0,1,0,0,0,1,1
0.08381014059296318,0.5,0.5,0.8044442954921864,0.01810061927985624,1,0,0,1,1,0
1.0,1.0,0.5,0.5,0.5,1,1,0,0,0,1
0.5,0.0,0.5,0.3849775624184909,0.5,0,1,0,1,0,0
0.9804824950269017,0.5,0.5,1.0,0.5,1,0,0,1,0,1
0.5,0.5,0.5,0.8701850601602517,0.5,0,0,0,1,0,1
0.5,0.5,0.5,0.5,0.9782028753080334,0,0,0,0,1,1
0.9610498021624352,0.6372093412197231,0.5,0.8151748751265078,1.0,1,1,0,1,1,1
0.8506166279501485,0.5,0.5,0.5,0.5,1,0,0,0,0,1
0.5,0.0,0.5,0.612581445821837,0.0,0,1,0,1,1,0
0.0,0.07782015439155872,0.5,0.7281564316998146,0.5,1,1,0,1,0,0
0.5,0.00880577511050926,0.6511423544066668,0.6918693580512664,0.5,0,1,1,1,0,0
0.059409543277677265,0.0,0.5,0.5,0.5,1,1,0,0,0,0
0.5,0.11152168334995273,0.5,0.5,0.5,0,1,0,0,0,0
0.5,0.5,0.5,0.7211048795430619,0.08923087670406718,0,0,0,1,1,0
0.5,0.5,0.9857957225546699,0.6255356150848773,0.5,0,0,1,1,0,1
0.0,0.5,0.29786799679820536,0.5,0.0,1,0,1,0,1,0
0.9144873495900762,1.0,0.5,0.5,0.5,1,1,0,0,0,1
0.0,0.5,0.5,0.43244518538673166,0.5,1,0,0,1,0,0
0.5,0.011920721706535319,0.5,0.5,0.09951097749086422,0,1,0,0,1,0
0.5,0.0,0.19540743274741043,0.48198552132586175,0.08965424505819432,0,1,1,1,1,0
1.0,0.5,0.5,0.5,0.5,1,0,0,0,0,1
0.5,0.0,0.5,0.5,0.311686056034751,0,1,0,0,1,0
1.0,1.0,0.5,0.7214314854910894,0.5,1,1,0,1,0,1
0.5,0.5,0.5,0.6928004923903827,0.9969757347182293,0,0,0,1,1,1
0.5,0.08240532296991686,0.5,0.657377779454815,0.5,0,1,0,1,0,0
0.8459742594061082,0.5,1.0,0.5,0.5,1,0,1,0,0,1
0.8931276821102346,0.5,0.9171132450073205,0.5,0.5,1,0,1,0,0,1
0.5,0.5,0.5,0.5,0.9532658660800519,0,0,0,0,1,1
0.5,0.9046775282184077,0.52030413660459,0.6496228299371669,1.0,0,1,1,1,1,1
0.5,0.9806622218091184,0.5,0.9873000392479017,0.5,0,1,0,1,0,1
0.5,0.052996571468492515,0.5,0.5,0.5,0,1,0,0,0,0
0.8136609539956926,1.0,0.5,0.7973212814201251,0.5,1,1,0,1,0,1
0.5,0.5,0.5,0.9141085279367118,0.5,0,0,0,1,0,1
0.5,0.5,0.2228433655383028,0.5,0.5,0,0,1,0,0,0
0.0,0.018124920753676756,0.3773708175734206,0.5,0.016467154460600993,1,1,1,0,1,0
0.0951874081032053,0.0052254036675173955,0.5,0.2680297769345902,0.5,1,1,0,1,0,0
0.7229318525343505,1.0,0.5,0.5,0.9646679671827063,1,1,0,0,1,1
0.5,0.5,0.5,0.5933566913390689,0.5,0,0,0,1,0,0
0.010416293578168919,0.5,0.46417604915586136,0.5,0.5,1,0,1,0,0,0
0.8083567826476141,1.0,0.5,0.5,1.0,1,1,0,0,1,1
0.039540128079508255,0.0,0.35090791612483374,0.5,0.5,1,1,1,0,0,0
0.5,0.5,0.14861384142436368,0.5,0.5,0,0,1,0,0,0
1.0,0.5,0.3988107831444186,0.8239795600895947,1.0,1,0,1,1,1,1
0.0,0.018907029025251734,0.0,0.5,0.0,1,1,1,0,1,0
0.026783578205991768,0.5,0.5,0.5776075062246732,0.03101630420515487,1,0,0,1,1,0
0.09123738739008422,0.09488071250884723,0.0,0.5947267621527828,0.0,1,1,1,1,1,0
0.017069848556452966,0.5,0.0,0.6485491305073231,0.5,1,0,1,1,0,0
0.0,0.5,0.5,0.5,0.18601434700150188,1,0,0,0,1,0
0.0,0.5,0.5,0.7910026527019974,0.05520582116930587,1,0,0,1,1,0
0.09285732536372307,0.5,0.5,0.7098751955962572,0.013814580891443093,1,0,0,1,1,0
0.5,0.5,0.5,0.7393484628683705,1.0,0,0,0,1,1,1
0.5,0.5,0.5,0.7617712341410231,0.5,0,0,0,1,0,0
0.5,1.0,0.5,0.859326561414747,0.9981578257701565,0,1,0,1,1,1
1.0,0.5,0.5,0.5,0.5,1,0,0,0,0,1
0.0,0.5,0.5,0.5,0.07405951584582145,1,0,0,0,1,0
0.5,0.5,0.19967253350502337,0.6567186417774057,0.5,0,0,1,1,0,0
0.5,0.5,0.9406405307745361,0.7523605892217576,0.5,0,0,1,1,0,1
0.031111312342266093,0.05239061361146144,0.5,0.5,0.5,1,1,0,0,0,0
0.5,0.5,0.001533375427382605,0.4311360933461537,0.5,0,0,1,1,0,0
0.0,0.0,0.5,0.4701321059389433,0.5,1,1,0,1,0,0
0.04605524676006971,0.0486596371285419,0.5,0.5,0.0,1,1,0,0,1,0
0.5,0.7615058152452511,0.5,0.8193810955135965,0.8868975958872797,0,1,0,1,1,1
0.5,1.0,0.5,0.5,1.0,0,1,0,0,1,1
0.0,0.5,0.08714621144903344,0.5,0.1495236811297973,1,0,1,0,1,0
0.5,0.8435469150633758,0.5,0.5,0.9619750522050216,0,1,0,0,1,1
1.0,0.5,0.9680915128059677,0.6471980419474586,0.5,1,0,1,1,0,1
0.878433113399689,0.5,0.5,0.5,0.5,1,0,0,0,0,1
0.5,0.5,0.5,0.5,0.0,0,0,0,0,1,0
0.9832643424848572,0.8605790678933308,0.5,0.8847306521308329,0.5,1,1,0,1,0,1
0.5,0.0,0.45452114455188153,0.46256890458712907,0.14602569861472725,0,1,1,1,1,0
0.5,0.5,0.9239798306887389,1.0,0.5,0,0,1,1,0,1
0.5,0.763918738900059,0.5,0.5,0.9069808653145685,0,1,0,0,1,1
0.0646116250146705,0.5,0.5,0.5,0.044424112357398786,1,0,0,0,1,0
0.010263056772990668,0.5,0.5,0.5673155740347481,0.0,1,0,0,1,1,0
0.03929629635166266,0.5,0.5,0.6583464448148327,0.0,1,0,0,1,1,0
0.5,1.0,0.5,0.7025618019853491,0.966535466740716,0,1,0,1,1,1
0.5,0.5,0.5,0.5,1.0,0,0,0,0,1,1
0.5,0.007793973680426909,0.5,0.859170848335768,0.06061208448639046,0,1,0,1,1,0
0.0,0.5,0.5,0.5,0.5,1,0,0,0,0,0
0.5,0.9335962525083116,0.5,0.5,0.5,0,1,0,0,0,1
0.5,0.13482620537139584,0.0,0.8395104527275764,0.006589043273758262,0,1,1,1,1,0
1.0,1.0,0.5,0.5,0.5,1,1,0,0,0,1
0.05473662206218073,0.007188545750596631,0.5,0.768439026258344,0.19303298903367805,1,1,0,1,1,0
0.5,0.5,0.5,0.5,0.0,0,0,0,0,1,0
0.10094582458269094,0.5,0.10302491802824537,0.5,0.5,1,0,1,0,0,0
0.5,0.5,1.0,1.0,0.5,0,0,1,1,0,1
0.0,0.02855347534588996,0.5,0.5,0.11953011308584124,1,1,0,0,1,0
0.05829267895342899,0.07819584913005824,0.5,0.5,0.01897272023673749,1,1,0,0,1,0
1.0,0.5,0.5,0.5,0.5,1,0,0,0,0,1
0.9489959413776415,0.5,0.5,0.5,0.5,1,0,0,0,0,1
0.5,0.5,1.0,0.5,0.5,0,0,1,0,0,1
0.5,0.5,0.5,0.8973744549372967,0.5,0,0,0,1,0,1
0.01050246797452803,0.0788197743326953,0.5,0.6771277551413141,0.3171655831411829,1,1,0,1,1,0
0.5,0.5,0.5,0.6381772852745824,1.0,0,0,0,1,1,1
0.1565135583585424,0.0,0.5,0.5,0.5,1,1,0,0,0,0
0.0,0.0,0.5,0.5,0.0,1,1,0,0,1,0
0.0,0.5,0.24654893614373868,0.5,0.04289421055489041,1,0,1,0,1,0
0.839975941152553,0.5,0.5,0.7359234029261197,0.9640347943696401,1,0,0,1,1,1
0.5,0.0,0.5,0.5,0.5,0,1,0,0,0,0
1.0,0.8929226327450884,0.5,0.5,0.9340699504803971,1,1,0,0,1,1
0.9208019841085753,0.5,0.5,0.5,0.5,1,0,0,0,0,1
0.5,1.0,0.5,0.5,0.911889902659991,0,1,0,0,1,1
0.5,0.8459238826682943,0.5,0.5,0.9567992469140463,0,1,0,0,1,1
0.035376493286056576,0.5,0.5,0.5,0.5,1,0,0,0,0,0
0.5,0.5,0.0,0.5589842074860376,0.015225545554209019,0,0,1,1,1,0
0.5,0.88916332491387,0.5,0.6137716535010309,0.8834951125956876,0,1,0,1,1,1
0.9684541699690224,0.8737799635395462,0.5,0.8234892867094592,0.8506553672215489,1,1,0,1,1,1
0.5,0.5,0.5,1.0,0.5,0,0,0,1,0,1
0.5,0.5,0.5,0.5223784782377213,0.031445674778379853,0,0,0,1,1,0
0.9270866762205122,0.8182272963765992,0.6717051696737889,0.5,1.0,1,1,1,0,1,1
0.016773274559171974,0.0,0.5,0.5,0.10552172185159044,1,1,0,0,1,0
0.16728963207508932,0.12443210729541403,0.5,0.5,0.5,1,1,0,0,0,0
1.0,0.9784458483637135,0.5,0.5,0.5,1,1,0,0,0,1
0.5,0.022106484848219178,0.5,0.5,0.5,0,1,0,0,0,0
0.04252210354468425,0.0,0.5,0.5,0.0,1,1,0,0,1,0
0.5,0.5,0.5,0.5,0.9122496956592249,0,0,0,0,1,1
1.0,0.8755442567466571,0.8305287121849778,0.5,0.5,1,1,1,0,0,1
0.7623615647674467,0.9482205254487466,0.5,0.5,1.0,1,1,0,0,1,1
0.5,0.5,0.5,0.5,1.0,0,0,0,0,1,1
0.8990380403968462,0.967003025232244,0.5,0.5,0.935023680034969,1,1,0,0,1,1
0.5,0.9384173280270387,0.5,0.8823202838238929,0.5,0,1,0,1,0,1
0.5,0.04929540711152192,0.5,0.5,0.5,0,1,0,0,0,0
0.8693264576159205,0.5,0.5698801360345422,0.5805226845465181,0.5,1,0,1,1,0,1
0.5,0.7274536048903775,0.5,0.5,0.9875286046138813,0,1,0,0,1,1
1.0,0.5,0.5,0.5,1.0,1,0,0,0,1,1
0.8556161189419507,0.8651988645323647,0.647826235513095,0.5,1.0,1,1,1,0,1,1
0.009961543920300533,0.04193216019430602,0.5,0.6157686048753173,0.5,1,1,0,1,0,0
0.5,0.5,0.5,0.5,1.0,0,0,0,0,1,1
0.5,0.9271420628483059,0.5,0.5,0.5,0,1,0,0,0,1
0.5,0.5,0.1619218912389035,0.5,0.0,0,0,1,0,1,0
0.5,0.7067075395571689,0.5,0.5,0.5,0,1,0,0,0,1
0.5,0.6472398793562835,0.775533847772698,0.9364698084944332,1.0,0,1,1,1,1,1
0.0,0.5,0.0,0.5,0.24162377647153338,1,0,1,0,1,0
1.0,0.5,0.6280006314798194,0.5,0.8864105758168829,1,0,1,0,1,1
1.0,0.5,0.5,0.5,0.5,1,0,0,0,0,1
0.5,0.0,0.5,0.5,0.5,0,1,0,0,0,0
0.5,1.0,0.8971929464343109,0.5,0.9546197052013665,0,1,1,0,1,1
0.5,0.5,0.5,0.9800043644070038,0.5,0,0,0,1,0,0
0.90596859076784,1.0,1.0,0.5,0.5,1,1,1,0,0,1
0.5,0.0,0.5,0.7933353323428379,0.1810764615605245,0,1,0,1,1,0
0.5,0.9878732465085572,0.9764783634528638,0.743170211481567,1.0,0,1,1,1,1,1
0.5,0.5,0.5,0.5,0.0,0,0,0,0,1,0
0.009032879779536889,0.5,0.5,0.47283651254486,0.0,1,0,0,1,1,0
1.0,1.0,1.0,0.6336789394314011,0.5,1,1,1,1,0,1
0.5,0.0,0.5,0.5,0.5,0,1,0,0,0,0
0.97782821713943,0.7917683336224037,0.7443962437954192,0.7837097525361758,0.5,1,1,1,1,0,1
0.5,0.06286369778507533,0.5,0.6529232624653908,0.5,0,1,0,1,0,0
0.5,0.5,0.5,0.982100353002269,0.9437769695943169,0,0,0,1,1,1
0.0,0.11889967130072894,0.5,0.5,0.5,1,1,0,0,0,0
0.1593241356948418,0.0,0.5,0.3857958438083251,0.0,1,1,0,1,1,0
1.0,1.0,0.5,0.9320275394389395,0.9448655689852228,1,1,0,1,1,1
0.9746156662348509,0.5,0.5,0.9331654352351629,0.5,1,0,0,1,0,1
0.0818660384962365,0.5,0.5,0.5,0.280237162939445,1,0,0,0,1,0
0.0,0.050530874901469965,0.5,0.5,0.11894423358927303,1,1,0,0,1,0
0.5,0.9083565057057095,0.5,0.5,0.8898892216093445,0,1,0,0,1,1
0.5,0.9067745003659717,0.5,0.5,0.8545385444850404,0,1,0,0,1,1
0.0,0.5,0.5,0.5,0.0,1,0,0,0,1,0
1.0,0.5,0.6429597828778534,0.863482634692455,0.5,1,0,1,1,0,1
0.5,0.8541527985761711,0.5,0.5,0.5,0,1,0,0,0,1
0.9901484556522402,0.9501360670051578,0.5,0.5,1.0,1,1,0,0,1,1
0.5,0.5,0.5,0.5,0.997552312946218,0,0,0,0,1,1
1.0,0.5,0.5,0.8597971940603075,0.5,1,0,0,1,0,1
0.10457925095588447,0.5,0.20814589746298542,0.5,0.04333077554789172,1,0,1,0,1,0
0.5,0.7198322040141176,0.6028422589140578,0.5,0.5,0,1,1,0,0,1
0.0,0.0,0.40997781530914784,0.5,0.0,1,1,1,0,1,0
0.5,0.9178731242095202,0.5,0.5,0.5,0,1,0,0,0,1
0.5,0.6736851791750746,1.0,0.6924857612753115,0.5,0,1,1,1,0,1
0.8652346370954584,0.5,0.8799642912387415,0.5,0.5,1,0,1,0,0,1
0.5,0.5,0.21453112692276416,0.592733738816914,0.5,0,0,1,1,0,0
0.0,0.0,0.5,0.5,0.12901805128236848,1,1,0,0,1,0
0.5,0.0,0.5,0.5,0.0,0,1,0,0,1,0
0.5,0.032026475436004724,0.5,0.5,0.5,0,1,0,0,0,0
0.20657251514782635,0.5,0.5,0.9105742247314169,0.5,1,0,0,1,0,0
0.0,0.5,0.5,0.4758270951007972,0.12403680966037742,1,0,0,1,1,0
0.5,0.6336134326401355,0.5279302151144349,0.5,0.9536525167043158,0,1,1,0,1,1
0.5,0.8788546413715199,0.5,0.5,0.5,0,1,0,0,0,1
0.07474498728066478,0.5,0.5,0.6493679408764056,0.5,1,0,0,1,0,0
0.5,0.023433043769835755,0.5,0.34132890746434197,0.07893766829098124,0,1,0,1,1,0
0.5,1.0,0.7850671353758036,0.614017803081136,0.5,0,1,1,1,0,1
0.5,0.08245357246102084,0.6632398665711075,0.5,0.33441255515867885,0,1,1,0,1,0
0.0010418315782118326,0.5,0.5,0.5,0.11390333577807418,1,0,0,0,1,0
0.5,0.5,0.4824983444176976,0.5,0.5,0,0,1,0,0,0
0.5,0.5,0.5,0.5,0.0,0,0,0,0,1,0
0.8332205865762596,0.5,0.5,0.8735542659835753,0.5,1,0,0,1,0,1
1.0,0.5,0.9366798471046262,1.0,0.8111599867351775,1,0,1,1,1,1
0.5,1.0,0.6464162350934415,0.5,1.0,0,1,1,0,1,1
0.055761992591000384,0.0,0.5,0.5,0.0,1,1,0,0,1,0
0.5,0.6842869302194925,0.5,0.6437350217850603,0.5,0,1,0,1,0,1
0.013314290008135055,0.5,0.5,0.5,0.18603627860478136,1,0,0,0,1,0
0.0,0.015140678169431918,0.5,0.5,0.5,1,1,0,0,0,0
0.5,0.5,0.5,0.5,0.18325982545846384,0,0,0,0,1,0
0.05112964478252091,0.5,0.044741543262434125,0.8589988624809323,0.5,1,0,1,1,0,0
1.0,0.5,0.9075186343081729,0.8640180170905344,0.5,1,0,1,1,0,1
0.9732722084389892,0.5,0.5,0.5,0.5,1,0,0,0,0,1
0.8978054261938524,0.5,0.945216056431587,0.5,0.9954813604400568,1,0,1,0,1,1
0.5,0.5,0.41142580569109255,0.5836431610961597,0.5,0,0,1,1,0,0
0.5,1.0,0.5,1.0,0.9091829056876956,0,1,0,1,1,1
0.041105254052948924,0.5,0.5,0.4941904839710657,0.2633128770900214,1,0,0,1,1,0
0.5,0.9623947122568544,0.5,0.5,0.5,0,1,0,0,0,1
0.07523481707953536,0.5,0.5,0.5,0.13014654270699055,1,0,0,0,1,0
0.0,0.5,0.5,0.6311889313101403,0.0,1,0,0,1,1,0
0.5,0.5,0.5,0.5,0.0,0,0,0,0,1,0
0.5,0.5,0.20377964350431957,0.5,0.31331562597286294,0,0,1,0,1,0
0.04173602722864099,0.08544773739929912,0.5,0.6754239724985598,0.5,1,1,0,1,0,0
0.09315015910196062,0.5,0.5,0.5,0.07493073477833513,1,0,0,0,1,0
0.0,0.0,0.5,0.5,0.5,1,1,0,0,0,0
0.5,0.8975459417981954,0.5,0.8648822174317927,1.0,0,1,0,1,1,1
0.5,0.5,0.17542342582953474,0.5,0.5,0,0,1,0,0,0
0.0,0.5,0.5,0.33518077006517644,0.0,1,0,0,1,1,0
0.062903230117663,0.11651277075648503,0.5,0.5,0.0,1,1,0,0,1,0
0.5,1.0,0.5,0.5,0.9156147864730374,0,1,0,0,1,1
0.025673439688388762,0.5,0.5,0.5,0.5,1,0,0,0,0,0
1.0,0.5,0.5,0.5,0.5,1,0,0,0,0,1
0.5,0.025186709325138168,0.5,0.6714497304833543,0.5,0,1,0,1,0,0
0.5,0.8866422204937991,0.7057952986302061,0.5,0.5,0,1,1,0,0,1
0.5,0.6962802841416762,0.5,0.5,0.5,0,1,0,0,0,1
0.5,0.8198647724935284,0.5,0.8006055708538465,0.5,0,1,0,1,0,1
0.0309557728241112,0.5,0.16105727759128996,0.5,0.5,1,0,1,0,0,0
1.0,0.5,1.0,0.5,0.5,1,0,1,0,0,1
0.5,0.5,0.5,0.5,0.815424730951771,0,0,0,0,1,1
0.02417728458216335,0.5,0.5014822768626385,0.5,0.1165899783524772,1,0,1,0,1,0
0.0,0.5,0.5,0.5,0.5,1,0,0,0,0,0
0.5,0.5,0.5,0.8391852905217755,0.5,0,0,0,1,0,1
0.5,0.5,0.5,0.5,1.0,0,0,0,0,1,1
0.5,0.5,0.7089055232249841,0.5,0.8327065400543743,0,0,1,0,1,1
0.5,0.0,0.5,0.5,0.5,0,1,0,0,0,0
0.5,0.5,0.5,0.5,0.10731929410415678,0,0,0,0,1,0
0.5,0.5,0.5,0.5493021110975529,0.5,0,0,0,1,0,0
0.9995694101735628,1.0,0.5,0.5,0.5,1,1,0,0,0,1
0.019430331721843004,0.016350831088986145,0.0,0.29006783511536705,0.2563872642199137,1,1,1,1,1,0
0.5,0.5,0.5,0.5,0.0,0,0,0,0,1,0
0.04565417945133683,0.00838263285554412,0.5,0.5,0.5,1,1,0,0,0,0
0.0,0.04403377680759603,0.2712170351828624,0.5,0.04548591265538887,1,1,1,0,1,0
0.057672483652407076,0.5,0.5,0.7835253966097008,0.24087840629819507,1,0,0,1,1,0
0.5,0.8668404355531223,0.5,0.5,0.5,0,1,0,0,0,1
0.0,0.0,0.007015354842706711,0.5,0.001083153212364081,1,1,1,0,1,0
1.0,0.5,0.5,0.9311071286375545,0.5,1,0,0,1,0,1
0.5,0.5,0.5,0.5,0.0,0,0,0,0,1,0
0.0,0.5,0.5,0.5900965655517951,0.5,1,0,0,1,0,0
0.10050660707814607,0.5,0.5,0.5,0.0,1,0,0,0,1,0
0.8869814625857645,0.5,0.5,0.5,0.5,1,0,0,0,0,1
0.5,0.5,0.5,0.5120259010204862,0.03997489307466826,0,0,0,1,1,0
0.5,0.5,0.6363004699960806,0.5,0.5,0,0,1,0,0,0
0.0,0.5,0.5,0.5024372242658038,0.20429084320498445,1,0,0,1,1,0
0.0,0.04539818028012752,0.5,0.5,0.5,1,1,0,0,0,0
0.5,0.5,0.5,0.8060660695666557,0.21945995790542241,0,0,0,1,1,0
0.5,0.5,0.5,0.5,0.061894004275898154,0,0,0,0,1,0
0.03003036074449491,0.0,0.5,0.5,0.1351505657155517,1,1,0,0,1,0
0.5,0.5,0.6101709362621344,0.5,0.14622683588702923,0,0,1,0,1,0
0.5,1.0,0.5,0.5,1.0,0,1,0,0,1,1
0.012929547540495415,0.0,0.5,0.5,0.5,1,1,0,0,0,0
0.7924503678329046,0.5,0.8504687482804444,0.8564878215851892,0.5,1,0,1,1,0,1
0.5,1.0,0.5,0.8682435236668302,0.5,0,1,0,1,0,1
0.0,0.5,0.5,0.5,0.0,1,0,0,0,1,0
0.5,0.0,0.5,0.5,0.5,0,1,0,0,0,0
0.5,0.0,0.5,0.5,0.30556798872811786,0,1,0,0,1,0
0.07498256268891185,0.5,0.5,0.5,0.0,1,0,0,0,1,0
0.9082088919456499,0.5,0.5,0.5,0.5,1,0,0,0,0,1
0.06544563855009133,0.010425628018996895,0.14219226509613853,0.5,0.5,1,1,1,0,0,0
0.0675056203089468,0.04279500411586413,0.5,0.5,0.0010088430990451008,1,1,0,0,1,0
0.5,0.03845081661080148,0.5,0.5,0.5,0,1,0,0,0,0
0.0,0.5,0.5,0.5,0.5,1,0,0,0,0,0
0.0,0.0,0.5,0.6070286018038198,0.1554650111987721,1,1,0,1,1,0
1.0,0.5,0.5,0.5,0.97676640022565,1,0,0,0,1,1
0.5,0.5,0.5,0.8947225279979509,0.5,0,0,0,1,0,1
0.5,0.5,0.5887959561593514,0.5,1.0,0,0,1,0,1,1
0.5,0.5,0.8958700349876916,0.5,0.5,0,0,1,0,0,1
0.5,0.5,0.5,0.5,0.17626723530720112,0,0,0,0,1,0
1.0,0.5,0.5,0.5,0.5,1,0,0,0,0,1
0.0,0.04748736757548574,0.5,0.5,0.0,1,1,0,0,1,0
0.9813455611757216,0.5,0.5,0.7928083330773315,0.5,1,0,0,1,0,1
0.00919668151031651,0.06728574297553198,0.5,0.5,0.5,1,1,0,0,0,0
0.04025069563984686,0.5,0.5,0.622534712930186,0.0,1,0,0,1,1,0
0.5,0.0,0.0,0.5,0.5,0,1,1,0,0,0
0.8390512581784608,1.0,1.0,0.5,0.5,1,1,1,0,0,1
0.12535596254567327,0.5,0.0,0.5,0.0,1,0,1,0,1,0
0.7722312538164935,0.5,0.5,0.5,0.5,1,0,0,0,0,1
0.5,0.5,0.6170756605670438,0.5,0.5,0,0,1,0,0,0
0.8928770275551918,0.5,0.5,0.5,0.5,1,0,0,0,0,1
0.5,0.5,0.5078829240652113,0.9363856485367622,1.0,0,0,1,1,1,1
0.9030794231189939,0.8720267698456808,0.5,0.5,0.5,1,1,0,0,0,1
0.5,0.5,0.42153368923955353,0.5,0.5,0,0,1,0,0,0
0.026563763692852453,0.0,0.5,0.5,0.5,1,1,0,0,0,0
0.5,0.0,0.5,0.5,0.0,0,1,0,0,1,0
0.5,0.5,0.5,0.6512825356826693,0.5,0,0,0,1,0,0
0.5,0.0,0.5,0.5,0.5,0,1,0,0,0,0
0.5,0.8629067482980574,0.5,0.8654058175629973,0.5,0,1,0,1,0,1
0.5,0.030820497600696002,0.30861128730336507,0.5655485668463676,0.31201660766075595,0,1,1,1,1,0
0.5,0.5,0.5,0.5,0.9903193813394277,0,0,0,0,1,1
0.5,0.5,0.6328414783020253,0.771677853981789,0.9606070100572206,0,0,1,1,1,1
0.5,0.5,0.15812325633782545,0.5,0.08102069183277906,0,0,1,0,1,0
0.5,0.5,0.5,0.6683951462188819,0.5,0,0,0,1,0,0
0.5,0.5,0.5,0.5917498209172027,1.0,0,0,0,1,1,1
0.07593781441674397,0.0,0.0,0.5,0.13925953835961336,1,1,1,0,1,0
0.0019640540587280743,0.5,0.5,0.5,0.5,1,0,0,0,0,0
0.0,0.5,0.7226011236525197,0.9639878104384143,0.5,1,0,1,1,0,0
0.5,0.5,0.5,0.9940291728224251,0.5,0,0,0,1,0,0
0.0,0.0,0.5,0.41920460272900595,0.5,1,1,0,1,0,0
1.0,0.5,0.5,0.5,0.5,1,0,0,0,0,1
0.5,0.5,0.5,0.5,1.0,0,0,0,0,1,1
0.5,0.0,0.5,0.5,0.5,0,1,0,0,0,0
0.5,0.5,0.5,0.5,0.0,0,0,0,0,1,0
0.5,0.5,0.5,0.5,1.0,0,0,0,0,1,1
0.017961612777581504,0.0,0.5,0.4586147299010876,0.10851319529386283,1,1,0,1,1,0
0.21773317257157399,0.5,0.10420593726119314,0.5,0.16710746141461286,1,0,1,0,1,0
0.0205798890319618,0.5,0.1777495767253738,0.5,0.5,1,0,1,0,0,0
0.5,0.5,0.5,0.5,0.0,0,0,0,0,1,0
0.5,0.5,0.17074925670938962,0.5,0.11814031437450187,0,0,1,0,1,0
0.5,0.8806692663089748,0.5,0.5,0.5,0,1,0,0,0,1
1.0,1.0,0.5,1.0,0.5,1,1,0,1,0,1
0.0,0.5,0.36619828251894987,0.5,0.5,1,0,1,0,0,0
0.051649046093834576,0.5,0.5,1.0,0.5,1,0,0,1,0,0
0.0,0.5,0.29184208312554644,0.3049470132581795,0.5,1,0,1,1,0,0
0.0,0.5,0.5,0.5,0.5,1,0,0,0,0,0
0.5,0.0,0.5,0.5,0.5,0,1,0,0,0,0
0.9507540354949096,0.5,0.5,0.5,1.0,1,0,0,0,1,1
1.0,0.5,0.5,0.8782929436670098,0.8947727709448414,1,0,0,1,1,1
1.0,0.5,0.5,0.8849391584294366,0.5,1,0,0,1,0,1
0.5,0.8481965974145772,0.5,0.5,0.5,0,1,0,0,0,1
0.9527057935791049,0.5,0.5,0.5,0.5,1,0,0,0,0,1
0.5,0.5,0.5,0.5,0.0,0,0,0,0,1,0
0.5,0.15758451338816798,0.5,0.95476832348906,0.031623657544020745,0,1,0,1,1,0
0.5,0.9512686823845171,0.5,0.722870716048136,0.5,0,1,0,1,0,1
0.5,0.5,0.5,0.5,0.0,0,0,0,0,1,0
0.5,0.5,0.5,0.5,1.0,0,0,0,0,1,1
0.0053552735620186545,0.5,0.5,0.9036877201691863,0.5,1,0,0,1,0,0
1.0,1.0,0.6866653482425609,0.5,1.0,1,1,1,0,1,1
0.9136337402643594,0.8128200139570456,0.5,0.5,0.5,1,1,0,0,0,1
0.5,0.0,0.49456471109398165,0.5,0.12728411649089633,0,1,1,0,1,0
0.8892744686376847,0.8508703662993783,1.0,0.5,1.0,1,1,1,0,1,1
0.5,0.5,0.5,0.8726933505279879,0.5,0,0,0,1,0,1
0.08388854480672661,0.13328365497197692,0.5,0.5,0.5,1,1,0,0,0,0
0.5,0.15948300260811066,0.0,0.5,0.1426481822403023,0,1,1,0,1,0
0.5,0.0257726421845158,0.2541206291695244,0.5,0.3708424183449774,0,1,1,0,1,0
0.5,0.8761323279415197,0.5,0.5,1.0,0,1,0,0,1,1
0.011961888990601948,0.5,0.5,0.5,0.5,1,0,0,0,0,0
1.0,0.5,0.5,0.5,1.0,1,0,0,0,1,1
0.5,0.8995269800984949,0.5,0.8134927357134731,0.5,0,1,0,1,0,1
0.5,0.5,0.5,0.7868175466065604,0.5,0,0,0,1,0,1
1.0,0.5,0.5,0.5,0.5,1,0,0,0,0,1
0.5,1.0,1.0,0.8530010315172176,0.5,0,1,1,1,0,1
0.5,0.5,0.5,0.5,0.9614839106576769,0,0,0,0,1,1
0.5,0.5,0.5,0.5,0.27259917952816914,0,0,0,0,1,0
0.5,0.5,0.24231795148476187,0.5,0.5,0,0,1,0,0,0
0.5,0.5,0.5,0.7551026430982637,0.5,0,0,0,1,0,0
1.0,0.5,0.5,0.5,1.0,1,0,0,0,1,1
1.0,0.9256022855211579,0.5,0.5,0.947568592853036,1,1,0,0,1,1
0.9442239430050084,0.9475811775786217,0.5,0.5,1.0,1,1,0,0,1,1
0.8443854249164058,0.5,0.5,0.5,0.5,1,0,0,0,0,1
0.0,0.5,0.5,0.5,0.5,1,0,0,0,0,0
0.9896284108740692,0.5,0.7088193739767689,0.5,0.8934266597910471,1,0,1,0,1,1
0.0,0.5,0.5,0.5,0.017464568800600745,1,0,0,0,1,0
0.5,0.5,0.5,0.5,0.3432631753801099,0,0,0,0,1,0
0.5,0.5,0.36760756982573317,0.8790629839121893,0.5,0,0,1,1,0,0
0.5,0.5,0.5,0.6305982565828637,0.07652308253204196,0,0,0,1,1,0
0.5,0.5,0.5,0.7161052078445771,0.5,0,0,0,1,0,1
0.9967574823521466,0.9260036751908298,0.5,0.806020737302509,0.5,1,1,0,1,0,1
0.19662116626236836,0.5,0.6822090950871187,0.5,0.5,1,0,1,0,0,0
0.5,0.03515068431519819,0.5,0.5,0.5,0,1,0,0,0,0
0.5,0.5,0.5765975655472744,0.5,0.5,0,0,1,0,0,1
0.5,0.5,0.601540862513589,0.5,0.8714606134494663,0,0,1,0,1,1
0.912998584337883,0.5,0.9759444328771186,0.5,1.0,1,0,1,0,1,1
0.9009912032736805,0.5,0.6839531786355918,0.5,0.5,1,0,1,0,0,1
1.0,0.5,0.5,0.5,0.5,1,0,0,0,0,1
1.0,1.0,0.5,0.5,1.0,1,1,0,0,1,1
0.012804223149395335,0.5,0.5,0.6659492943717477,0.0,1,0,0,1,1,0
1.0,1.0,0.720035503346123,0.5,0.9812881187888787,1,1,1,0,1,1
0.0,0.5,0.48382293236257357,0.8199148559800753,0.5,1,0,1,1,0,0
0.5,0.5,0.5,0.4456076549512458,0.5,0,0,0,1,0,0
0.9693012163144352,0.7625880071939053,0.5,1.0,0.5,1,1,0,1,0,1
0.5,1.0,0.5,0.5,0.5,0,1,0,0,0,1
0.5,0.5,0.5,0.3924005071887787,0.5,0,0,0,1,0,0
0.5,0.009471426785629686,0.5,0.5,0.5,0,1,0,0,0,0
0.0,0.5,0.5,0.5,0.5,1,0,0,0,0,0
0.5,0.9713497170417512,0.5,0.5,0.5,0,1,0,0,0,1
0.06691632889634709,0.5,0.5,0.5,0.5,1,0,0,0,0,0
0.5,0.0,0.5,0.5,0.5,0,1,0,0,0,0
0.5,1.0,0.5,0.969061603661164,0.5,0,1,0,1,0,1
0.5,1.0,1.0,0.8777604209773674,0.9448859795200644,0,1,1,1,1,1
0.9728401976163683,1.0,0.5471270240178756,1.0,0.9786880399303562,1,1,1,1,1,1
0.5,0.5,0.5,0.5,1.0,0,0,0,0,1,1
0.038436834471260534,0.0,0.5,0.9391646588194388,0.5,1,1,0,1,0,0
0.0,0.5,0.12067253272015883,0.7848284277267686,0.0,1,0,1,1,1,0
0.9407047813639933,0.5,0.5,0.5,0.5,1,0,0,0,0,1
0.5,0.024299603247986634,0.5,0.5,0.5,0,1,0,0,0,0
0.06860363854624628,0.5,0.5,0.5067538167460085,0.0,1,0,0,1,1,0
0.5,0.8747605609871318,0.5,0.5,0.8745489682141016,0,1,0,0,1,1
0.5,0.8410907039356759,0.5,0.5,0.9457915595324412,0,1,0,0,1,1
0.923388049738183,0.5,0.5,0.5,1.0,1,0,0,0,1,1
0.5,0.5,0.5316105829050564,0.5,0.0,0,0,1,0,1,0
0.5,1.0,0.5,0.5,0.5,0,1,0,0,0,1
0.0,0.08212454836260313,0.5,0.8707894330876669,0.5,1,1,0,1,0,0
0.047606740334453904,0.04677828152580779,0.5,0.4293348238752707,0.0,1,1,0,1,1,0
1.0,0.5,0.9288393857009016,0.5,1.0,1,0,1,0,1,1
0.5,0.0045756036860453726,0.5,0.5802779610531653,0.0,0,1,0,1,1,0
0.5,0.10309054927440343,0.0,0.5,0.1664478823466719,0,1,1,0,1,0
0.01934087893732277,0.04079162395053609,0.5,0.5,0.2305728621884505,1,1,0,0,1,0
0.03806617266551825,0.5,0.5,0.5,0.5,1,0,0,0,0,0
0.5,0.5,0.5,0.5,0.06753194118868043,0,0,0,0,1,0
1.0,0.5,0.5,0.825334958014591,0.5,1,0,0,1,0,1
0.12954343164883206,0.5,0.5,0.5,0.09102273022106108,1,0,0,0,1,0
0.0,0.07780776138529505,0.5,0.5,0.0,1,1,0,0,1,0
0.5,0.0813951182980372,0.5,0.6819987177767338,0.5,0,1,0,1,0,0
0.9114684648796132,1.0,0.5,0.5,0.5,1,1,0,0,0,1
0.016123502923276203,0.07662612504362974,0.41074143819088527,0.9174438013961389,0.5,1,1,1,1,0,0
0.04563970567392259,0.5,0.5,0.8778337674488464,0.5,1,0,0,1,0,0
0.5,0.0,0.5,0.5661048622846523,0.5,0,1,0,1,0,0
0.09939124089516407,0.5,0.5,0.5,0.0,1,0,0,0,1,0
0.5,0.0,0.0,0.6935814298836646,0.5,0,1,1,1,0,0
0.5,1.0,0.8957639511973289,0.5,0.5,0,1,1,0,0,1
0.036250312378969723,0.5,0.5,0.6103006180166826,0.5,1,0,0,1,0,0
0.0,0.5,0.5,0.5,0.5,1,0,0,0,0,0
0.5,0.0,0.5,0.5,0.5,0,1,0,0,0,0
0.0,0.5,0.5,0.5,0.5,1,0,0,0,0,0
0.8860266283535165,0.5,1.0,0.5,0.5,1,0,1,0,0,1
0.5,0.5,0.5,0.9835343954290652,0.08853499409003043,0,0,0,1,1,0
0.11944366569679052,0.0,0.5,0.9970036758876105,0.5,1,1,0,1,0,0
0.02219852389831589,0.5,0.5,0.651085389376727,0.0,1,0,0,1,1,0
1.0,0.5,0.5,0.6449709854933643,1.0,1,0,0,1,1,1
1.0,0.5,0.8514893359631523,0.5,0.8536675544714513,1,0,1,0,1,1
0.01692251298444313,0.0,0.5,0.9067002239043827,0.5,1,1,0,1,0,0
1.0,0.5,0.5,0.9785987446652493,0.5,1,0,0,1,0,1
0.5,0.5,0.5,0.5,0.06519420153545522,0,0,0,0,1,0
0.5,0.5,0.5,0.6592485671965251,0.0,0,0,0,1,1,0
1.0,1.0,0.5,0.8056750350088638,0.5,1,1,0,1,0,1
0.5,0.5,0.5,0.24999131466103108,0.5,0,0,0,1,0,0
0.5,0.0,0.5,0.5,0.5,0,1,0,0,0,0
0.5,0.5,0.09993732695473251,0.6706468847114839,0.5,0,0,1,1,0,0
0.10464889026083762,0.0,0.5,0.8164414235181537,0.5,1,1,0,1,0,0
0.5,0.9503938247926129,0.6556474995948551,0.5,1.0,0,1,1,0,1,1
0.9799653816857181,0.5,0.5,0.5,0.5,1,0,0,0,0,1
0.013702252232302157,0.5,0.5,0.9446527855894192,0.5,1,0,0,1,0,0
0.5,0.0529400725899195,0.0,0.5,0.3656896696266622,0,1,1,0,1,0
0.9200645562033202,0.5,0.5,0.5,0.5,1,0,0,0,0,1
0.5,0.5,0.0,1.0,0.5,0,0,1,1,0,0
1.0,0.8784685965350068,0.5,0.5,0.5,1,1,0,0,0,1
0.8670482603454975,0.5,0.5,0.5,0.5,1,0,0,0,0,1
1.0,0.5,0.5,0.5,1.0,1,0,0,0,1,1
1.0,0.9848832337082684,0.5,0.8394437152423818,0.9976547211166461,1,1,0,1,1,1
0.9719343185464526,0.5,0.5,0.5,0.5,1,0,0,0,0,1
0.0,0.5,0.5,0.6624358010412648,0.5,1,0,0,1,0,0
0.5,0.5,0.4847453707814736,0.5,1.0,0,0,1,0,1,1
0.5,0.5,0.5,0.8406780320481823,0.0,0,0,0,1,1,0
0.10491363747061397,0.5,0.5,0.5,0.374590194473136,1,0,0,0,1,0
0.5,0.13055475639170264,0.0,0.9709891445116572,0.5,0,1,1,1,0,0
0.5,0.5,0.5,0.8381766945325844,0.5,0,0,0,1,0,1
0.9632666712022887,0.5,0.5,0.5,0.846688391513263,1,0,0,0,1,1
0.5,1.0,0.5,0.5,0.9764450421252461,0,1,0,0,1,1
0.5,0.5,0.5,0.5,0.0,0,0,0,0,1,0
0.0,0.0,0.0,0.5,0.5,1,1,1,0,0,0
0.5,0.5,0.5,0.6991237111134275,0.5,0,0,0,1,0,1
0.5,1.0,0.5,0.5,1.0,0,1,0,0,1,1
0.5,0.8812804012784579,0.5,0.814220493213176,0.5,0,1,0,1,0,1
0.5,0.5,0.5,0.6309474382696626,0.16489906120862963,0,0,0,1,1,0
0.5,0.5,0.5582145350848965,0.5,0.03665483600547737,0,0,1,0,1,0
0.5,0.5,0.5,0.677855595823,0.8372341924861529,0,0,0,1,1,1
0.8879671497600461,0.5,0.5,0.5,0.9376074659126433,1,0,0,0,1,1
1.0,0.5,0.5,0.9124309117249895,0.5,1,0,0,1,0,1
0.0,0.07259314923025123,0.5,0.550157636316029,0.5,1,1,0,1,0,0
0.5,0.5,0.5,0.9182286462568837,0.5,0,0,0,1,0,0
0.5,1.0,0.8764004487920999,0.5,0.5,0,1,1,0,0,1
0.5,0.9428431861626994,0.5,0.8916142445193262,0.8540577130770696,0,1,0,1,1,1
0.5,0.0,0.5,0.8435189430338839,0.0,0,1,0,1,1,0
1.0,0.5,0.5,0.5,0.5,1,0,0,0,0,1
0.5,0.0,0.0,0.5,0.23313028401045932,0,1,1,0,1,0
0.5,0.5,0.5,0.671006875976071,0.5,0,0,0,1,0,0
0.5,0.8767858780422962,1.0,1.0,0.5,0,1,1,1,0,1
0.5,0.7999398161059792,0.5,0.5,0.5,0,1,0,0,0,1
0.5,0.94356367539333,0.5,0.5,0.9035451946153377,0,1,0,0,1,1
0.0,0.5,0.5,0.5,0.0,1,0,0,0,1,0
0.0,0.12685726714511752,0.5,0.5,0.5,1,1,0,0,0,0
0.5,0.5,0.5,0.6945871280379131,0.5,0,0,0,1,0,0
0.5,0.5,0.809781359135222,0.8086238733731757,0.18722656220178657,0,0,1,1,1,0
0.08825654025356813,0.5,0.5,0.7167616274705914,0.0032070714892239102,1,0,0,1,1,0
0.5,0.5,0.8749696271461335,0.5,0.5,0,0,1,0,0,1
0.5,0.5,0.5,0.5468990992415972,0.5,0,0,0,1,0,0
0.0,0.0,0.5,0.7620041849894148,0.5,1,1,0,1,0,0
1.0,0.621339107630408,0.5,0.5,1.0,1,1,0,0,1,1
0.5,0.9807791860318388,0.5,0.5,0.5,0,1,0,0,0,1
0.0,0.062176939816473445,0.5,0.6973186036099274,0.015512388305972326,1,1,0,1,1,0
0.5,0.013627731366387702,0.5,0.5,0.5,0,1,0,0,0,0
0.5,0.5,0.5,0.5,0.9027937040525726,0,0,0,0,1,1
0.9848224496497169,1.0,0.5,0.5,0.5,1,1,0,0,0,1
0.9459083532978285,0.5,0.5,0.5,0.9198340689128378,1,0,0,0,1,1
0.5,1.0,1.0,0.5,0.5,0,1,1,0,0,1
0.5,0.5,0.5,1.0,0.5,0,0,0,1,0,1
1.0,0.9676687961798979,1.0,0.9593445777743652,0.904429366826545,1,1,1,1,1,1
0.5,0.5,0.5,0.5281513204271499,0.9555195477448807,0,0,0,1,1,1
1.0,0.5,0.5,1.0,0.5,1,0,0,1,0,1
0.912599276180528,0.5,0.5,0.5,0.5,1,0,0,0,0,1
0.5,0.5,0.5,0.732249076522287,0.2204055871585944,0,0,0,1,1,0
0.5,0.03238598811025982,0.6504301716091527,0.49933468821834914,0.5,0,1,1,1,0,0
0.048495765918124135,0.15391598130483164,0.0,0.6009405377347302,0.5,1,1,1,1,0,0
0.0,0.5,0.21407444826920857,0.5,0.5,1,0,1,0,0,0
0.5,0.5,0.5,0.7780134395680492,0.5,0,0,0,1,0,0
0.024182454876616404,0.5,0.5,0.5,0.5,1,0,0,0,0,0
0.5,1.0,0.5,1.0,0.8689588798373425,0,1,0,1,1,1
0.010558086791292044,0.5,0.5,0.5,0.5,1,0,0,0,0,0
1.0,0.5,0.5388493138176003,0.5,0.5,1,0,1,0,0,1
0.10979534949484995,0.0,0.523154125460883,0.5,0.07092960135100615,1,1,1,0,1,0
0.06511165769864077,0.5,0.7101561740989315,0.5,0.0,1,0,1,0,1,0
0.0,0.5,0.0,0.9124403031303079,0.0,1,0,1,1,1,0
0.003251836317368001,0.5,0.5,0.5,0.0,1,0,0,0,1,0
0.06519786698387806,0.0009879642126767625,0.0693003808707146,0.5,0.2937709672820839,1,1,1,0,1,0
0.9622504342980881,0.5,0.5,0.5,0.5,1,0,0,0,0,1
0.066795957081733,0.5,0.5,0.5,0.5,1,0,0,0,0,0
0.0,0.5,0.5,0.5,0.10604952474851395,1,0,0,0,1,0
0.004283534511913392,0.5,0.16070232696802064,0.5,0.5,1,0,1,0,0,0
1.0,0.5,0.5,0.5,0.5,1,0,0,0,0,1
0.5,0.5,1.0,0.5,0.5,0,0,1,0,0,1
0.5,1.0,0.5,0.5,0.5,0,1,0,0,0,1
0.9839953342504631,0.7911859435240911,0.5,0.5,0.9774924385544503,1,1,0,0,1,1
0.037850693945440377,0.0,0.5,0.5,0.05021809866659812,1,1,0,0,1,0
1.0,1.0,0.5,0.5,0.5,1,1,0,0,0,1
1.0,0.6140051956445658,0.5,0.5,1.0,1,1,0,0,1,1
0.9257750609977793,0.6569837158665128,0.5,0.5,0.5,1,1,0,0,0,1
0.0,0.041468634027533965,0.5,0.5,0.5,1,1,0,0,0,0
0.5,0.5,0.5,0.9129371197403533,0.9899394536213278,0,0,0,1,1,1
0.0,0.5,0.5,0.5,0.5,1,0,0,0,0,0
0.5,0.1353696679285053,0.057172990982010286,0.5,0.5,0,1,1,0,0,0
0.01863638224426961,0.0,0.46418007900057423,0.5867870207797138,0.2188222371527142,1,1,1,1,1,0
0.0,0.5,0.5,0.5,0.0,1,0,0,0,1,0
0.0,0.5,0.5,0.7424602658306508,0.0,1,0,0,1,1,0
0.9895254105122148,0.8559472096211083,0.5,0.5,0.5,1,1,0,0,0,1
0.5,1.0,1.0,1.0,0.5,0,1,1,1,0,1
0.9563434920413546,0.5,1.0,0.5,0.5,1,0,1,0,0,1
0.5,0.10658323934752352,0.5,0.5,0.5,0,1,0,0,0,0
0.5,0.5,0.5,0.5,0.0,0,0,0,0,1,0
0.9963653788547506,0.5,0.5976038043881071,0.8684401996040907,0.5,1,0,1,1,0,1
0.04087374790723036,0.06666135911058638,0.5,0.5,0.5,1,1,0,0,0,0
0.0,0.0,0.5663271396980563,0.7776386491576857,0.5,1,1,1,1,0,0
0.5,0.5,0.0,0.5,0.027709180198676474,0,0,1,0,1,0
1.0,1.0,0.9850107269366738,0.5,0.9626244839890202,1,1,1,0,1,1
0.5,0.7694463993508776,0.9003357533769691,0.5,0.9627746204047211,0,1,1,0,1,1
0.0,0.5,0.0,0.5,0.0,1,0,1,0,1,0
1.0,0.9368481360493678,0.5357659554457188,0.5,1.0,1,1,1,0,1,1
1.0,0.5,0.8938848132461462,0.5,0.5,1,0,1,0,0,1
0.0,0.12263192717406182,0.1660975021130087,0.5,0.1508493607423268,1,1,1,0,1,0
0.026642554849727676,0.5,0.5,0.5,0.5,1,0,0,0,0,0
0.09335329594393821,0.055581388330408925,0.5,0.5,0.25083566636415094,1,1,0,0,1,0
1.0,0.8958482710986395,0.7255543205018382,0.5,0.8537057476277952,1,1,1,0,1,1
0.9610098110084694,0.9563729792283236,0.5,0.5,0.5,1,1,0,0,0,1
0.5,0.12510565235978457,0.5,0.5,0.5,0,1,0,0,0,0
0.9338513250018647,0.9788863496784426,1.0,0.9142455819274349,1.0,1,1,1,1,1,1
0.0,0.0,0.5,0.5,0.0,1,1,0,0,1,0
0.09181824435629019,0.5,0.5,1.0,0.5,1,0,0,1,0,0
0.5,0.8392549483829107,1.0,0.5,1.0,0,1,1,0,1,1
0.5,0.03304600186385874,0.5,0.5,0.0,0,1,0,0,1,0
0.023311773232721055,0.0,0.5,0.5,0.5,1,1,0,0,0,0
0.8785928929733376,0.5,0.5,0.5,1.0,1,0,0,0,1,1
0.9070939508853425,0.5,0.21079408451696524,0.5,0.5,1,0,1,0,0,1
1.0,0.7262163267566871,0.5,0.5,0.9590951194797361,1,1,0,0,1,1
0.9134820653260639,0.8040589071293188,0.5,0.5,0.5,1,1,0,0,0,1
0.014864995251315901,0.16777811969389644,0.5626485238326919,0.5,0.09380728078024492,1,1,1,0,1,0
0.9737346945313599,0.5,0.5,0.5,1.0,1,0,0,0,1,1
0.9332564315050397,0.5,0.5,0.5,0.5,1,0,0,0,0,1
0.09727361238174495,0.5,0.5,0.5,0.5,1,0,0,0,0,0
0.5,0.7819044948054236,0.5,0.5,0.5,0,1,0,0,0,1
0.0,0.5,0.5,0.5,0.10661114657844745,1,0,0,0,1,0
0.5,0.5,0.5,1.0,0.5,0,0,0,1,0,0
0.5,1.0,0.8501001129721607,0.5,0.5,0,1,1,0,0,1
0.5,0.5,0.5,0.5,0.2717458537432969,0,0,0,0,1,0
0.045225796820203265,0.060599266788255696,0.5,0.5,0.0,1,1,0,0,1,0
0.5,0.0,0.5,0.5,0.5,0,1,0,0,0,0
0.8547226099122401,0.5,0.5,0.5,0.9986647084754194,1,0,0,0,1,1
0.5,0.0,0.5,0.5,0.5,0,1,0,0,0,0
0.5,0.5,0.5,0.5,0.0,0,0,0,0,1,0
0.0,0.5,0.5,0.5,0.09807195467930643,1,0,0,0,1,0
0.5,0.5,1.0,0.5,0.8720800972498497,0,0,1,0,1,1
0.0,0.0,0.5,0.5,0.007194156973150949,1,1,0,0,1,0
0.05153656812718928,0.06135627031009145,0.4380967093750048,0.6911262776656584,0.11406580211643144,1,1,1,1,1,0
0.9888347038078454,0.5,0.551213265256727,0.5,0.5,1,0,1,0,0,1
0.5,0.5,0.5,0.5,0.9689477223210571,0,0,0,0,1,1
0.5,0.5,0.5,0.5,0.01136065952384397,0,0,0,0,1,0
0.983657262394574,0.5,0.7456298416729668,0.8843757717024472,0.5,1,0,1,1,0,1
0.5,0.09636506246213618,0.5,0.5115890557174482,0.3914618798266327,0,1,0,1,1,0
0.5,0.5,0.5,0.5,0.06887083363284605,0,0,0,0,1,0
0.5,0.1316661566002013,0.0,0.5,0.5,0,1,1,0,0,0
0.037833808094835414,0.025096298812294724,0.5,0.5,0.05445910394649495,1,1,0,0,1,0
1.0,0.5,0.5,0.5,0.5,1,0,0,0,0,1
0.0,0.0,0.4392456966868064,0.5,0.0,1,1,1,0,1,0
0.5,0.5,0.0,0.5,0.5,0,0,1,0,0,0
0.5,0.5,0.5,0.5,0.155036726603085,0,0,0,0,1,0
0.5,0.5,0.5,0.5,0.11520729318069384,0,0,0,0,1,0
0.5,0.018202311187208334,0.5,0.5,0.5237701747924777,0,1,0,0,1,0
0.0,0.02701441884803833,0.07158466563043872,0.5,0.5,1,1,1,0,0,0
0.08681247006792556,0.06691048741340411,0.5,0.5,0.5,1,1,0,0,0,0
0.8446863774207961,0.5,0.5,0.9939049104523131,0.92408872258174,1,0,0,1,1,1
0.5,0.5,0.8057638027221318,0.7102865145190335,0.5,0,0,1,1,0,1
0.5,0.0,0.3759444008130516,0.5,0.5,0,1,1,0,0,0
0.5,0.09594216548928651,0.4749465327397683,0.7541636730313621,0.5,0,1,1,1,0,0
0.03693746244943511,0.5,0.5,0.5,0.0,1,0,0,0,1,0
1.0,0.5,0.6336581609578485,0.5,0.5,1,0,1,0,0,1
0.0,0.5,0.5,0.45558587929393723,0.0,1,0,0,1,1,0
0.9423420019218043,0.5,0.5,0.8200905843446965,0.5,1,0,0,1,0,1
0.04595426530458718,0.5,0.0,0.5,0.09671585875910788,1,0,1,0,1,0
0.5,0.9131324849734683,0.5,0.5,0.5,0,1,0,0,0,1
1.0,1.0,0.7330386612150533,0.5,1.0,1,1,1,0,1,1
0.5,0.5,0.7323391853093564,0.5,0.9045840622343031,0,0,1,0,1,1
0.082236915013188,0.5,0.3403059281846941,0.5,0.5,1,0,1,0,0,0
0.0,0.5,0.5,0.9172513907031834,0.5,1,0,0,1,0,0
0.5,0.5,0.5,0.5812957251273853,0.5,0,0,0,1,0,1
0.9331581259935267,0.5,0.5,0.5,0.9630564694108975,1,0,0,0,1,1
0.04620438054934008,0.13514006234076315,0.5,0.5,0.0,1,1,0,0,1,0
0.5,0.8494084729543785,0.5,0.5,0.9514845309575589,0,1,0,0,1,1
0.09126230747889705,0.0,0.5,0.5,0.0,1,1,0,0,1,0
0.10943222608856684,0.5,0.5,0.5,0.3379510530377012,1,0,0,0,1,0
0.10886162157247789,0.5,0.5,0.5,0.5,1,0,0,0,0,0
0.5,0.5,0.5,0.5,0.22690484449492157,0,0,0,0,1,0
0.5,0.0,0.7325714155809502,0.5,0.17205034324368315,0,1,1,0,1,0
1.0,0.656449382656644,0.5,0.5,0.5,1,1,0,0,0,1
0.5,1.0,0.5,0.5,1.0,0,1,0,0,1,1
0.5,0.5,0.9614240708908455,0.744957535759552,0.7973739915971183,0,0,1,1,1,1
0.5,0.5,0.6075138206593804,0.5,0.8628494737387767,0,0,1,0,1,1
0.027414611342641754,0.5,0.5,0.5,0.5,1,0,0,0,0,0
0.13799138394324992,0.5,0.5,0.5,0.014780514424491707,1,0,0,0,1,0
1.0,0.8262157740550187,0.5,0.8254402124535102,1.0,1,1,0,1,1,1
0.5,0.5,0.5,0.6688238728998768,0.5,0,0,0,1,0,0
1.0,1.0,0.5,0.9396644116825605,0.5,1,1,0,1,0,1
0.7562777003964634,0.5,0.5,0.5,0.5,1,0,0,0,0,1
0.0,0.5,0.5,0.38176685741477323,0.5,1,0,0,1,0,0
0.5,0.5,0.5,0.9223253452921913,0.968518726327706,0,0,0,1,1,1
0.11462417171256012,0.5,0.0,0.5,0.5,1,0,1,0,0,0
1.0,0.5,0.5,0.7179067922976367,0.5,1,0,0,1,0,1
0.0,0.5,0.5,0.6765522138599708,0.5,1,0,0,1,0,0
0.035716901680478336,0.0,0.5277974925225337,0.7088378053688643,0.11282092702253899,1,1,1,1,1,0
0.5,0.5,0.5,0.5,1.0,0,0,0,0,1,1
0.17181169770667978,0.5,0.5,0.6545803586239629,0.0,1,0,0,1,1,0
0.08011547918371018,0.01320164094458052,0.5,0.5,0.5,1,1,0,0,0,0
1.0,0.9631818763958733,0.5,0.8621392404001754,0.5,1,1,0,1,0,1
0.5,0.943349415295188,0.9421460609974966,0.5,0.9330854883671185,0,1,1,0,1,1
1.0,1.0,0.5,0.5,1.0,1,1,0,0,1,1
0.5,0.0,0.33965782451744664,0.6475870221997799,0.5,0,1,1,1,0,0
0.0,0.5,0.5,0.5,0.1730365873127311,1,0,0,0,1,0
0.5,0.5,0.5,0.5,0.0,0,0,0,0,1,0
0.1136824796052355,0.0497738125910296,0.5,0.5,0.5,1,1,0,0,0,0
0.5,1.0,0.5,0.5,0.9018527926586248,0,1,0,0,1,1
0.5,0.5,0.5,0.6927611154031196,1.0,0,0,0,1,1,1
0.5,0.5,0.5,0.5,1.0,0,0,0,0,1,1
0.07242446333886968,0.018314923497331735,0.5,0.8786309531375457,0.5,1,1,0,1,0,0
0.5,0.5,0.5,0.9097075137500438,0.5,0,0,0,1,0,1
0.6380495656518163,1.0,0.5,0.9188414114099682,0.5,1,1,0,1,0,1
0.0,0.0,0.5,0.5,0.5,1,1,0,0,0,0
0.5,0.8350193879827412,0.5,0.8394606048800267,0.5,0,1,0,1,0,1
0.5,0.5,0.5,0.6909551997593195,0.5,0,0,0,1,0,0
0.030044420305585656,0.5,0.5,0.7908330210079545,0.0,1,0,0,1,1,0
0.865357517187124,0.5,0.5,0.5,0.5,1,0,0,0,0,1
0.04681804717389498,0.028233881153043157,0.20772609083623123,0.5,0.5,1,1,1,0,0,0
0.5,0.5,0.5,0.5,0.08321428624884374,0,0,0,0,1,0
0.5,0.5,0.6310774083297601,0.6715125538229639,1.0,0,0,1,1,1,1
0.5,0.5,0.6558050137184779,0.5,0.9170933566521026,0,0,1,0,1,1
0.0,0.5,0.5320083938249935,0.5,0.1963842818764059,1,0,1,0,1,0
0.09196961979537566,0.5,0.5,0.5,0.0361993693421033,1,0,0,0,1,0
0.9282232586725071,0.9297400995237407,0.5,0.5,0.866238950043279,1,1,0,0,1,1
0.8924261278589235,0.8328609258822808,0.5,0.8935828286103122,0.9728165541098114,1,1,0,1,1,1
1.0,0.9697972217088044,0.8588491985323535,0.7836970871639155,0.5,1,1,1,1,0,1
0.5,0.5,0.5,0.5,0.2903981515836391,0,0,0,0,1,0
0.5,0.5,1.0,0.5,0.5,0,0,1,0,0,1
0.5,0.058580874831251815,0.5,0.5,0.1174664027167559,0,1,0,0,1,0
1.0,0.5,0.5,1.0,0.5,1,0,0,1,0,1
0.062181490232234286,0.5,0.5,0.6405994943208405,0.0,1,0,0,1,1,0
0.05704005088699547,0.007220108546333167,0.06839507110935394,0.5146136369262164,0.5,1,1,1,1,0,0
1.0,1.0,0.5,0.9042133822385058,0.5,1,1,0,1,0,1
1.0,1.0,0.5,0.5,0.5,1,1,0,0,0,1
0.5,0.5,0.5,0.5,0.11701840269486316,0,0,0,0,1,0
0.5,0.1760765410186138,0.3095994923091331,0.5,0.5,0,1,1,0,0,0
0.5,0.0,0.29797440585965995,0.5,0.12145593425048881,0,1,1,0,1,0
0.0016104055189571625,0.5,0.26490331393174377,0.5,0.5,1,0,1,0,0,0
1.0,1.0,0.6245872885489976,0.5,0.9623341992369846,1,1,1,0,1,1
0.5,0.5,0.5,0.4237370602451893,0.5,0,0,0,1,0,0
0.5,0.5,0.5,0.5,0.0,0,0,0,0,1,0
0.5,0.04364315636257391,0.19085938137731207,0.6554089726845086,0.5,0,1,1,1,0,0
0.5,0.5,0.5,0.9438071200627012,0.5,0,0,0,1,0,0
0.5,0.5,0.15250901174504752,0.5636035488577054,0.5,0,0,1,1,0,0
0.5,0.5,0.5,0.5,1.0,0,0,0,0,1,1
0.0035967796873811186,0.5,0.31949410950502743,0.5,0.5,1,0,1,0,0,0
1.0,0.5,0.7518989470774213,0.5,0.5,1,0,1,0,0,1
0.5,0.7495836897151256,0.5,0.5,1.0,0,1,0,0,1,1
0.008791117524843763,0.5,0.3253513044091463,0.5,0.17025087127127925,1,0,1,0,1,0
0.0,0.5,0.5,0.5,0.0,1,0,0,0,1,0
0.5,1.0,0.9214516887661857,0.5,0.5,0,1,1,0,0,1
1.0,1.0,0.5,0.8103778337651517,0.5,1,1,0,1,0,1
0.5,0.8698532684071844,0.5,0.9595148269645177,0.9944638324434468,0,1,0,1,1,1
0.5,0.5,0.6575198646887419,0.5,1.0,0,0,1,0,1,1
0.0,0.0,0.4321301644596005,0.5,0.5,1,1,1,0,0,0
0.5,0.5,0.5,0.5,0.14451888341036292,0,0,0,0,1,0
0.5,0.5,0.5,0.5,0.8172019810249406,0,0,0,0,1,1
0.5,0.13419062067063425,0.5,0.5,0.5,0,1,0,0,0,0
0.5,0.5,0.5,0.8601932986882513,0.9537438521330832,0,0,0,1,1,1
0.0,0.5,0.5984734500347112,0.5,0.5,1,0,1,0,0,0
0.5,0.05639633253001419,0.5,0.5,0.5,0,1,0,0,0,0
0.7815491941988304,0.5,0.5,0.5,0.8402899712422933,1,0,0,0,1,1
0.5,0.5,0.5406204708361848,0.5,0.5,0,0,1,0,0,1
1.0,0.5,0.5,0.8412203045350074,0.9692497423270479,1,0,0,1,1,1
0.00011057142137223253,0.5,0.08208866740552392,1.0,0.0,1,0,1,1,1,0
1.0,1.0,0.5,0.5,0.5,1,1,0,0,0,1
0.8770233690067774,1.0,0.5,0.805061846952512,0.9553354848368869,1,1,0,1,1,1
0.9616597711683831,0.5,0.5,0.8699527555474905,0.5,1,0,0,1,0,1
0.5,0.5,0.5,0.5,0.0,0,0,0,0,1,0
0.1401049338491121,0.5,0.5,0.5,0.0,1,0,0,0,1,0
0.016183010581636344,0.5,0.5,0.5,0.5,1,0,0,0,0,0
0.8234054398820724,0.9110997384121607,0.5,0.9058693349589635,0.9704090885095777,1,1,0,1,1,1
0.12513598484899244,0.04901929351360262,0.0,0.5,0.5,1,1,1,0,0,0
0.5,0.5,0.5445079333796984,0.5,0.5,0,0,1,0,0,0
0.5,0.5,0.143676340889866,0.5,0.5,0,0,1,0,0,0
0.058816006826325415,0.5,0.5,0.5,0.0,1,0,0,0,1,0
0.10578838581185004,0.5,0.5,0.5,0.5,1,0,0,0,0,0
0.0,0.5,0.5,0.5,0.5,1,0,0,0,0,0
1.0,0.874105220232154,0.5,0.5,1.0,1,1,0,0,1,1
0.986649087363662,0.5,0.5,0.5,0.8936176090893637,1,0,0,0,1,1
0.1302585087775711,0.5,0.5,0.5,0.2655210007616453,1,0,0,0,1,0
0.5,0.5,0.0,0.6149428370530482,0.5,0,0,1,1,0,0
0.16788717105244208,0.5,0.5,0.748124535354686,0.5,1,0,0,1,0,0
0.2026535197485671,0.5,0.5,0.6410558912563303,0.5,1,0,0,1,0,0
1.0,0.5,0.5,0.5,0.5,1,0,0,0,0,1
0.5,0.042502671553446746,0.5,0.8809669778388253,0.08448781458056837,0,1,0,1,1,0
0.05368646456254337,0.0851981600923653,0.0,0.671328012393186,0.0,1,1,1,1,1,0
0.5,0.5,0.8552724755755541,0.5,0.5,0,0,1,0,0,1
0.5,0.0,0.5,0.5,0.5,0,1,0,0,0,0
0.0,0.5,0.5,0.5,0.5,1,0,0,0,0,0
0.021776830814920236,0.0053112633673097825,0.5,0.5,0.0,1,1,0,0,1,0
0.9966340553246629,0.9801253371097816,0.7174055117956417,0.5,0.5,1,1,1,0,0,1
1.0,1.0,0.5,1.0,0.8812414899987406,1,1,0,1,1,1
0.15499069338236784,0.0,0.0,0.35353572826202645,0.07490260944472217,1,1,1,1,1,0
1.0,0.5,0.5,0.7495556332540732,0.5,1,0,0,1,0,1
1.0,0.8717531049780907,0.5,0.7772043209478284,0.9756435566673262,1,1,0,1,1,1
0.5,0.0,0.5,1.0,0.5,0,1,0,1,0,0
0.5,0.0,0.04567197012604621,0.9916031057974595,0.20512238516639805,0,1,1,1,1,0
0.5,0.5,0.5,0.5,0.9968946518928592,0,0,0,0,1,1
0.5,0.5,0.5,0.7774998737502985,0.5,0,0,0,1,0,0
0.9115913654478054,1.0,0.5,0.5,0.5,1,1,0,0,0,1
0.5,0.5,0.29689407286119224,0.5,0.5,0,0,1,0,0,0
0.5,0.0,0.08110054742339912,0.5,0.0,0,1,1,0,1,0
0.005420733279835527,0.5,0.5,0.485952217234155,0.0,1,0,0,1,1,0
0.0,0.014477753519989787,0.35975637190307064,0.5,0.062281082119747914,1,1,1,0,1,0
0.5,0.5,0.9510013493713514,0.5,1.0,0,0,1,0,1,1
1.0,0.5,0.8732349291314161,0.5763931753875513,0.5,1,0,1,1,0,1
0.5,0.0,0.0,0.5,0.0,0,1,1,0,1,0
0.5,0.5,0.5,0.8437566205586102,0.0,0,0,0,1,1,0
0.5,1.0,0.5,0.5,1.0,0,1,0,0,1,1
0.5,0.5,0.5,0.5,0.0,0,0,0,0,1,0
0.5,1.0,0.5,0.8227662372979219,0.9589036806003516,0,1,0,1,1,1
0.01991930255669294,0.0,0.6680087659279081,0.39816981590977,0.5,1,1,1,1,0,0
0.11836085490877857,0.5,0.5,0.5,0.5,1,0,0,0,0,0
0.5,0.10766961751564387,0.5,0.5,0.04644679958577725,0,1,0,0,1,0
0.9335500619093067,0.5,0.5,0.5,0.8199048287954601,1,0,0,0,1,1
1.0,0.5,0.5803335839559982,0.7206426634781369,0.5,1,0,1,1,0,1
0.5,0.5,0.5,0.5,0.9665316119684559,0,0,0,0,1,1
0.5,1.0,0.5,0.6017032848981074,0.5,0,1,0,1,0,1
1.0,0.775330169392173,0.5,0.5,0.8824100848215242,1,1,0,0,1,1
0.5,0.049973751100103624,0.5,0.5,0.12228745957433448,0,1,0,0,1,0
0.5,0.0,0.5,0.2714108719391345,0.0,0,1,0,1,1,0
0.5,0.13791471736929667,0.5,0.8004687320456798,0.11430693169850556,0,1,0,1,1,0
0.5,0.8968357371026556,0.5,0.5,0.9072501893734476,0,1,0,0,1,1
0.5,0.5,0.0,0.4880491919084178,0.01372256319789407,0,0,1,1,1,0
0.06943558028229731,0.5,0.5,0.875432063611145,0.19351974876042494,1,0,0,1,1,0
0.0,0.5,0.5,0.5,0.5,1,0,0,0,0,0
1.0,1.0,0.5,0.5,1.0,1,1,0,0,1,1
0.5,0.06837024008196661,0.07780216588389757,0.5,0.0,0,1,1,0,1,0
0.004761081151558563,0.5,0.5,0.5,0.24139769564799396,1,0,0,0,1,0
0.09111744184272838,0.5,0.5,0.5,0.5,1,0,0,0,0,0
0.0,0.5,0.015557851439383347,0.5511605594194597,0.5,1,0,1,1,0,0
0.01094712506743853,0.5,0.3079359426213111,0.5,0.07795428512777515,1,0,1,0,1,0
0.5,0.5,0.5,0.6524254614881709,0.5,0,0,0,1,0,0
0.9516649240755802,1.0,0.5,0.5,0.8587413101552803,1,1,0,0,1,1
1.0,0.5,0.5,0.5,0.5,1,0,0,0,0,1
0.5,0.5,0.0,0.5,0.29288466299061555,0,0,1,0,1,0
0.04012661931043831,0.5,0.17865886243671025,0.5,0.027831754597371344,1,0,1,0,1,0
0.0,0.5,0.6300293338407719,0.5,0.5,1,0,1,0,0,0
0.5,0.0498527270438071,0.5,0.5,0.5,0,1,0,0,0,0
0.5,0.5,0.5,0.5,0.9792901413773324,0,0,0,0,1,1
0.5,0.5,0.5,0.9127318284153539,0.1760107239814655,0,0,0,1,1,0
1.0,1.0,0.9762115674282039,1.0,0.5,1,1,1,1,0,1
0.12872821204390794,0.0,0.5,0.5,0.5,1,1,0,0,0,0
0.5,0.5,0.5,0.5,0.16559435888438212,0,0,0,0,1,0
0.5,0.5,0.5,0.9706929281343386,0.5,0,0,0,1,0,1
0.5,0.11727925768905632,0.5,0.5,0.32007410726761076,0,1,0,0,1,0
0.5,0.5,0.5,0.7499534940356265,0.5,0,0,0,1,0,1
0.5,0.026989097246932565,0.5,0.5,0.5,0,1,0,0,0,0
0.5,1.0,0.8436409665370246,0.5,1.0,0,1,1,0,1,1
0.9303331236396493,0.6011628705751648,0.5450744685798341,0.9641221857951112,1.0,1,1,1,1,1,1
0.9586430062323849,1.0,0.5,0.7609899597269542,1.0,1,1,0,1,1,1
0.5,0.5,0.5,0.5,0.013321737849928024,0,0,0,0,1,0
0.07654700784327442,0.0,0.5,0.5,0.5,1,1,0,0,0,0
0.5,0.8581952330895118,0.5,0.5,0.8392146216923,0,1,0,0,1,1
0.5,0.5,0.864558700407306,0.5,0.5,0,0,1,0,0,1
0.5,0.5,0.36602984852408893,0.20219056243861888,0.5,0,0,1,1,0,0
1.0,0.5,0.6340708279137174,0.7542687550708531,0.5,1,0,1,1,0,1
0.5,0.5,0.041716578071037735,0.5,0.5,0,0,1,0,0,0
0.8525430503427842,0.5,0.5,0.5,1.0,1,0,0,0,1,1
0.5,0.5,0.24387015839196402,0.5,0.5,0,0,1,0,0,0
0.0266428140773392,0.5,0.5,0.5,0.5,1,0,0,0,0,0
0.5,0.0,0.06912240891284885,0.5,0.5,0,1,1,0,0,0
0.5,0.5,0.5,0.5,0.9593817308553237,0,0,0,0,1,1
1.0,0.5,0.5,0.5,0.9349287532834487,1,0,0,0,1,1
0.0029854046245173793,0.5,0.5,0.5,0.0,1,0,0,0,1,0
0.5,0.5,0.4628982317277936,0.7756264553712404,0.14214656662421413,0,0,1,1,1,0
0.0,0.5,0.5,0.6730891773332107,0.0,1,0,0,1,1,0
0.5,0.5,0.0,0.8520168173010014,0.5,0,0,1,1,0,0
0.0,0.11418272262591891,0.5,0.5,0.5,1,1,0,0,0,0
0.755246337247555,0.9247019044387692,0.5,0.5,1.0,1,1,0,0,1,1
1.0,1.0,0.5,0.7913241001993903,0.5,1,1,0,1,0,1
0.5,0.5,0.5,0.5,1.0,0,0,0,0,1,1
0.5,0.07506308960569714,0.0,0.5096714875217193,0.16100121169079715,0,1,1,1,1,0
1.0,1.0,0.5,0.7442067080066654,0.5,1,1,0,1,0,1
0.5,0.0,0.5,0.36900222488205064,0.24630775534985502,0,1,0,1,1,0
0.98923604116716,0.8454065893694575,0.5,0.5,0.5,1,1,0,0,0,1
0.5,0.5,0.5,0.5400890980127377,0.5,0,0,0,1,0,0
0.15582005022359047,0.5,0.5,0.781543017618536,0.5,1,0,0,1,0,0
0.9692154176544872,0.5,0.5,0.5,0.929435014448339,1,0,0,0,1,1
0.0,0.0,0.5,0.8034429073651006,0.5,1,1,0,1,0,0
1.0,1.0,0.5,0.5,0.5,1,1,0,0,0,1
0.7068627010297746,0.5,0.5,0.5,0.5,1,0,0,0,0,1
0.5,0.07632421989857759,0.5,0.5,0.294530089569513,0,1,0,0,1,0
0.049088745455938276,0.0057061737057795174,0.5,0.3941546856214199,0.1983357161172062,1,1,0,1,1,0
1.0,1.0,0.7938952406186814,0.5,0.8750843845951112,1,1,1,0,1,1
0.5,0.5,0.6250374842250256,0.5,0.5,0,0,1,0,0,1
0.5,0.04052621222323641,0.5,0.5,0.5,0,1,0,0,0,0
0.5,0.5,0.16695807254623465,0.4628482614530363,0.5,0,0,1,1,0,0
0.6724039641599513,0.830638343235387,0.5,0.8929073418704078,0.9641948424329634,1,1,0,1,1,1
0.5,1.0,0.5,0.5,1.0,0,1,0,0,1,1
1.0,0.5,0.5,0.5,1.0,1,0,0,0,1,1
0.5,0.5,0.5,0.6985185121228973,0.5,0,0,0,1,0,0
0.06580263403866018,0.0,0.5,0.5,0.20122550405148695,1,1,0,0,1,0
0.5,0.5,0.5,0.5,0.08842013186479505,0,0,0,0,1,0
0.0,0.026374873686108215,0.5,0.5477739985976725,0.0,1,1,0,1,1,0
0.5,0.5,0.5,0.621108080815591,0.3207117024195007,0,0,0,1,1,0
0.5,0.8252705357145177,0.871046407862009,0.5,0.8672443068986362,0,1,1,0,1,1
0.9582716584042072,0.5,0.5,0.884852662505456,0.9394199181024647,1,0,0,1,1,1
0.5,0.5,0.5,0.5,0.0,0,0,0,0,1,0
0.5,0.0,0.5,0.5,0.0003118556085804705,0,1,0,0,1,0
0.5,0.13650221411757718,0.5,0.6519092554466578,0.5,0,1,0,1,0,0
1.0,0.5,0.5,0.6829016251764128,0.9179310064672913,1,0,0,1,1,1
0.5,0.5,0.5440724723909508,0.7660810966478795,0.038806479451543,0,0,1,1,1,0
0.5,0.5,0.5,0.5826590811845451,0.0,0,0,0,1,1,0
0.0,0.0,0.5,0.5,0.19811363764229908,1,1,0,0,1,0
0.5,0.5,1.0,0.5,0.5,0,0,1,0,0,1
0.9725420758540115,1.0,0.5,0.5,0.5,1,1,0,0,0,1
0.5,0.5,0.5,0.5,0.0,0,0,0,0,1,0
0.12301752318990747,0.0,0.5,0.5,0.0,1,1,0,0,1,0
0.05863588874604199,0.5,0.5,0.5,0.5,1,0,0,0,0,0
0.5,0.5,0.6297068000689923,0.5,1.0,0,0,1,0,1,1
0.0,0.0,0.5278784687694644,0.5,0.5,1,1,1,0,0,0
0.006676362500880238,0.5,0.0,0.5574679478605271,0.0,1,0,1,1,1,0
0.10680471689662399,0.5,0.13807008823068706,0.6881090011039774,0.0,1,0,1,1,1,0
1.0,0.9334219508091487,0.5,0.5,0.5,1,1,0,0,0,1
0.5,0.5,0.5,0.7685334068253805,0.5,0,0,0,1,0,1
0.0,0.5,0.5,0.5,0.5,1,0,0,0,0,0
1.0,0.920212442827454,0.5,0.9596435615068278,0.5,1,1,0,1,0,1
0.1026878328039553,0.5,0.5,0.5,0.11532753944287374,1,0,0,0,1,0
0.5,0.5,0.5,0.5,0.0,0,0,0,0,1,0
0.14546463745712473,0.5,0.506368340466081,0.5,0.17444486243843915,1,0,1,0,1,0
0.5,0.5,0.0,0.5,0.5,0,0,1,0,0,0
0.12873282057420993,0.5,0.5,0.5,0.0,1,0,0,0,1,0
0.5,0.5,0.5,0.5,0.9310220995415538,0,0,0,0,1,1
0.5,1.0,0.5,0.5,0.8750163972557532,0,1,0,0,1,1
0.5,0.5,0.5,0.8074116576159898,0.24515596310280294,0,0,0,1,1,0
0.0,0.5,0.650538692594663,0.5,0.5,1,0,1,0,0,0
0.5,0.5,0.5,0.5360510700804386,0.5,0,0,0,1,0,0
0.5,0.5,1.0,0.5,0.5,0,0,1,0,0,1
0.9786518051676578,0.5,0.5,0.9938679569828142,1.0,1,0,0,1,1,1
0.9510587296267464,0.818491938702382,0.5,0.5,1.0,1,1,0,0,1,1
0.9107671616123396,0.5,0.5,0.5,0.5,1,0,0,0,0,1
1.0,0.5,0.7516802691048662,0.973896802737946,0.9552156683650037,1,0,1,1,1,1
0.0,0.5,0.7989424494443774,0.7658262219736438,0.5,1,0,1,1,0,0
0.9423520330914111,0.5,0.5,0.8806793021123029,0.9626578690762555,1,0,0,1,1,1
0.5,0.5,0.5,1.0,0.5,0,0,0,1,0,1
0.8946671738680492,0.5,0.5,0.8557699864338261,0.5,1,0,0,1,0,1
0.8451322106230054,0.5,0.5065624654718244,0.5,0.900482034758487,1,0,1,0,1,1
0.5,1.0,0.5,1.0,1.0,0,1,0,1,1,1
0.0,0.5,0.8189764286247416,0.5,0.5,1,0,1,0,0,0
0.07013126480168046,0.08037405072334125,0.5,0.5,0.17658833172436583,1,1,0,0,1,0
0.0056727869114969135,0.0,0.5,0.7345854595094337,0.5,1,1,0,1,0,0
0.5,0.5,0.5,0.5,0.0,0,0,0,0,1,0
0.0,0.5,0.5,0.5,0.5,1,0,0,0,0,0
0.5,0.028617830230290305,0.5,0.5,0.5,0,1,0,0,0,0
0.004357735277884422,0.5,0.5,0.5,0.015442681871310933,1,0,0,0,1,0
0.07523079011878772,0.04779161941830518,0.5,0.5076435457731465,0.09718743542920952,1,1,0,1,1,0
0.5,1.0,0.5,0.5,0.5,0,1,0,0,0,1
0.5,0.5,0.0,0.5,0.5,0,0,1,0,0,0
1.0,0.5,0.38709058230493626,0.5,0.925792099156626,1,0,1,0,1,1
0.5,0.5,0.5,0.5,0.151111093183535,0,0,0,0,1,0
0.04100612168345209,0.5,0.5,0.5,0.5,1,0,0,0,0,0
0.5,0.5,0.5,0.6463254367522165,0.01509399368703538,0,0,0,1,1,0
1.0,0.7529770219223,0.5,0.754849687506463,1.0,1,1,0,1,1,1
0.0,0.5,0.5,0.5,0.5,1,0,0,0,0,0
0.6865546072774176,0.5,0.5,0.9684745308685503,1.0,1,0,0,1,1,1
0.07945012797411383,0.1442273297469262,0.5,0.5,0.2873155477971658,1,1,0,0,1,0
0.0,0.5,0.5,0.5171780201398798,0.5,1,0,0,1,0,0
0.5,0.5,0.0,0.5,0.10851359868445219,0,0,1,0,1,0
0.5,0.5,0.8247503314187141,0.5,1.0,0,0,1,0,1,1
0.5,0.5,0.5,0.5,1.0,0,0,0,0,1,1
0.5,0.7544535645325886,0.5,0.5,0.5,0,1,0,0,0,1
1.0,1.0,0.5,0.5,1.0,1,1,0,0,1,1
0.5,0.0013132152921701348,0.5,0.5,0.5,0,1,0,0,0,0
0.0,0.5,0.5,0.5,0.5,1,0,0,0,0,0
0.016721683235319813,0.5,0.5,0.5,0.0,1,0,0,0,1,0
0.5,0.09195836613658889,0.5,0.9183333923868713,0.5,0,1,0,1,0,0
0.898675190494924,0.5,0.5,0.8476430282077416,0.8504040824917121,1,0,0,1,1,1
0.5,0.5,1.0,0.5,0.5,0,0,1,0,0,1
0.5,0.5,0.5,0.6972398102528218,0.5,0,0,0,1,0,0
0.9226842160447619,0.724461636872417,0.5,0.8730202234983766,0.8850246477714447,1,1,0,1,1,1
1.0,0.6821077949054535,0.5,1.0,1.0,1,1,0,1,1,1
0.0461455377813757,0.0,0.5,0.5,0.5,1,1,0,0,0,0
0.5,0.11944253506698109,0.38428618718896645,0.9606435898232284,0.5,0,1,1,1,0,0
0.5,0.6706450917348756,0.9988319048672158,0.5,0.5,0,1,1,0,0,1
0.9290671615874807,1.0,0.5,0.5,1.0,1,1,0,0,1,1
0.0,0.5,0.5,0.5,0.5,1,0,0,0,0,0
0.0,0.009418372615962387,0.060836279993896375,0.5053703886027548,0.057996052002233456,1,1,1,1,1,0
0.8206742674662971,0.5,0.5,0.5,0.5,1,0,0,0,0,1
1.0,0.8552725600594606,0.5,0.5,1.0,1,1,0,0,1,1
0.03618726652469972,0.5,0.02896592619454985,0.4085886589884611,0.0,1,0,1,1,1,0
0.5,0.5,0.0,0.5224333456741357,0.5,0,0,1,1,0,0
0.9500940780033588,0.5,0.5,0.7903495564620965,1.0,1,0,0,1,1,1
0.5,0.12456989686749505,0.5,0.47721772702355203,0.0,0,1,0,1,1,0
0.0,0.0,0.5,0.5,0.5,1,1,0,0,0,0
0.7688714901249962,0.5,0.8987266241962046,1.0,1.0,1,0,1,1,1,1
0.5,0.02059270362547846,0.5,0.8531398332848836,0.5,0,1,0,1,0,0
0.5,0.5,0.8292309852372469,0.7575917976711862,0.5,0,0,1,1,0,1
0.5,0.1740707961829973,0.0,0.5,0.5,0,1,1,0,0,0
0.5,0.5,0.5,0.9269445197756065,0.5,0,0,0,1,0,1
0.014764493410040973,0.5,0.5,0.5,0.23033982701427144,1,0,0,0,1,0
0.5,0.5,0.5,0.5,0.0,0,0,0,0,1,0
0.9364589371519444,0.5,0.8042725878261099,0.8536207039476256,1.0,1,0,1,1,1,1
1.0,0.9826477192461286,0.4326018647352224,0.5,0.5,1,1,1,0,0,1
1.0,0.5,0.5,0.5,1.0,1,0,0,0,1,1
0.5,1.0,0.5,0.8202118735253343,0.5,0,1,0,1,0,1
0.5,0.5,0.3417553639937483,0.5,0.4484802529108715,0,0,1,0,1,0
0.0,0.5,0.5,0.6376960923224372,0.5,1,0,0,1,0,0
0.5,0.5,0.5,0.9842233104387932,0.9507922655331686,0,0,0,1,1,1
0.5,0.12423736556702854,0.5,0.5,0.5,0,1,0,0,0,0
0.018953862116171814,0.5,0.5,0.5,0.2500311756886575,1,0,0,0,1,0
0.5,0.5,0.5,0.5,1.0,0,0,0,0,1,1
0.5,0.5,0.5,0.5,0.45223277828050207,0,0,0,0,1,0
0.8390445108076308,0.5,0.5,0.5,0.9810446073195049,1,0,0,0,1,1
0.5,0.5,0.5,0.5,0.0,0,0,0,0,1,0
0.1663125551969809,0.5,0.5,0.6257897854773904,0.07957975421333198,1,0,0,1,1,0
0.5,1.0,0.5,0.70032698291542,1.0,0,1,0,1,1,1
0.0,0.165140899451228,0.5,0.5,0.5,1,1,0,0,0,0
0.5,0.5,0.17989311151717752,0.47005229236955026,0.0,0,0,1,1,1,0
0.5,0.5,0.11030108559210558,0.5,0.0,0,0,1,0,1,0
0.5,1.0,0.5,1.0,0.5,0,1,0,1,0,1
0.5,0.5,0.5,0.6810891927738105,0.5,0,0,0,1,0,1
0.5,0.5,0.5,0.5,0.04082017720508754,0,0,0,0,1,0
0.5,0.060878003445994436,0.0,0.5,0.18017720181400226,0,1,1,0,1,0
0.9852923797819787,0.5,0.5,0.6693470505190258,1.0,1,0,0,1,1,1
0.5,0.5,0.5,0.810712568150026,0.18326924263502112,0,0,0,1,1,0
0.0,0.5,0.5,0.6809716625294654,0.5,1,0,0,1,0,0
0.0,0.5,0.5,0.5,0.5,1,0,0,0,0,0
0.5,1.0,0.5,0.7583532056653236,0.9689842308176034,0,1,0,1,1,1
0.05830947519924392,0.5,0.5,0.5,0.164116369481281,1,0,0,0,1,0
0.0,0.5,0.5,0.5,0.5,1,0,0,0,0,0
0.5,0.5,0.8611367272598964,0.8775842996089268,0.5,0,0,1,1,0,1
0.5,0.004524964353111723,0.5,0.5,0.03174036759702358,0,1,0,0,1,0
1.0,1.0,0.5,0.5,0.5,1,1,0,0,0,1
0.5,0.908366393812237,0.5,0.966188353785667,0.5,0,1,0,1,0,1
0.5,0.0,0.5,0.5,0.013210030856751306,0,1,0,0,1,0
0.5,1.0,0.5,0.6550647312823554,1.0,0,1,0,1,1,1
0.5,1.0,0.5,0.5,1.0,0,1,0,0,1,1
0.5,0.5,0.5,0.5,0.057425088042063935,0,0,0,0,1,0
1.0,0.5,0.5,0.5,0.7947027182123152,1,0,0,0,1,1
0.0,0.048040452209405504,0.364129691578889,0.5,0.31055528668613047,1,1,1,0,1,0
0.5,0.03034028252482242,0.5,0.5,0.5,0,1,0,0,0,0
0.9066087638136339,0.5,0.5,0.5,1.0,1,0,0,0,1,1
0.07782201996484542,0.07517323088643597,0.5,0.8219628683862519,0.5,1,1,0,1,0,0
0.0,0.5,0.5,0.4609473230455913,0.5,1,0,0,1,0,0
0.5,1.0,0.5,1.0,1.0,0,1,0,1,1,1
0.5,0.5,0.5,0.7514045771625766,0.5,0,0,0,1,0,0
1.0,0.5,0.5,0.8782774705192782,0.5,1,0,0,1,0,1
0.5,0.5,0.5563434635535514,0.7699700301451755,0.5,0,0,1,1,0,1
0.5,0.5,0.28335161571505324,0.5,0.45475765231245946,0,0,1,0,1,0
0.5,0.5,0.720982735260033,0.5,0.0,0,0,1,0,1,0
1.0,0.5,0.5,0.5,1.0,1,0,0,0,1,1
0.5,1.0,0.5,0.5,0.5,0,1,0,0,0,1
0.5,0.0,0.5,0.6536103037469073,0.5,0,1,0,1,0,0
0.5,0.7540657058593085,0.5,0.5,1.0,0,1,0,0,1,1
0.5,0.5,0.5,0.5,0.0,0,0,0,0,1,0
0.0,0.07728286686344213,0.5,0.5,0.5,1,1,0,0,0,0
0.0,0.5,0.5,0.5,0.04415810829570726,1,0,0,0,1,0
0.5,0.5,0.5,0.5,0.9685376536230623,0,0,0,0,1,1
0.90412384380073,0.5,0.5,0.5,0.5,1,0,0,0,0,1
0.5,0.5,0.5,1.0,0.5,0,0,0,1,0,1
0.5,0.5,0.5,0.6794119168765883,0.2755596829145744,0,0,0,1,1,0
1.0,0.5,1.0,0.5,1.0,1,0,1,0,1,1
0.8376883204069138,0.5,0.5,0.6976967974235677,0.5,1,0,0,1,0,1
0.5,0.5,0.5,0.7116255108101165,0.5,0,0,0,1,0,1
0.5,0.5,0.8136260121747462,0.7416975332294482,0.5,0,0,1,1,0,1
1.0,0.5,0.858444252328026,0.5,0.5,1,0,1,0,0,1
0.5,0.9744967557264561,0.5,0.5,0.5,0,1,0,0,0,1
0.887235458426157,1.0,0.22246112741722635,1.0,0.5,1,1,1,1,0,1
0.5,0.0,0.14817299509684767,0.5,0.0,0,1,1,0,1,0
0.5,1.0,0.5,0.5,0.5,0,1,0,0,0,1
1.0,0.5,0.5,0.5,0.5,1,0,0,0,0,1
0.5,0.11825133432520879,0.218897534156963,0.5,0.04374797686184069,0,1,1,0,1,0
0.5,1.0,0.5,0.5,0.5,0,1,0,0,0,1
0.5,0.5,0.5,1.0,0.37890215953108447,0,0,0,1,1,0
1.0,0.8166314389699977,0.8529813580139969,1.0,0.5,1,1,1,1,0,1
0.07589902836041218,0.04135230279807145,0.5,0.7912620604099504,0.04671200023357997,1,1,0,1,1,0
0.8899674874735389,0.5,1.0,0.5,0.5,1,0,1,0,0,1
0.5,0.07843590503417038,0.5,0.5,0.5,0,1,0,0,0,0
1.0,0.5,0.5,0.5,1.0,1,0,0,0,1,1
0.0,0.5,0.1585663482047669,0.5,0.0,1,0,1,0,1,0
0.5,0.5,0.5,0.5,0.9980761510539189,0,0,0,0,1,1
1.0,0.5,0.9875735011666587,0.5,0.5,1,0,1,0,0,1
0.5,0.5,0.5,0.7511639103844373,0.5,0,0,0,1,0,0
0.5,0.5,0.22175734812862793,0.6263513354629928,0.5,0,0,1,1,0,0
0.9604513766684417,0.5,0.5,0.5,0.9540208464326695,1,0,0,0,1,1
0.7063881432415973,1.0,0.5,0.8971633029498833,1.0,1,1,0,1,1,1
0.886946359016327,0.7298828220032916,0.5,0.5,0.5,1,1,0,0,0,1
0.5,0.5,0.5,0.874129785987158,0.5,0,0,0,1,0,0
0.5,0.9131058627055219,0.5,0.5,1.0,0,1,0,0,1,1
0.5,0.5,0.5,0.5,0.18153705737791154,0,0,0,0,1,0
0.8623821418878305,0.5,0.5,0.5,1.0,1,0,0,0,1,1
0.5,0.9265447703765698,0.5,0.9976463897320043,0.5,0,1,0,1,0,1
0.9550263758193849,0.5,1.0,0.9215701184971786,0.5,1,0,1,1,0,1
0.5,0.020864392534712457,1.0,0.6032651224625292,0.5,0,1,1,1,0,0
0.5,0.5,0.5,0.5,1.0,0,0,0,0,1,1
1.0,0.5,0.5,0.698601087109868,0.9100157697359812,1,0,0,1,1,1
0.9637718616830856,1.0,0.5,0.5,1.0,1,1,0,0,1,1
0.5,0.5,0.5807407315516597,0.5,0.5,0,0,1,0,0,1
0.5,0.027005418393420015,0.5,0.5,0.5,0,1,0,0,0,0
0.0,0.5,0.5,0.7772476831470897,0.5,1,0,0,1,0,0
0.5,0.0,0.5,0.5,0.5,0,1,0,0,0,0
0.0,0.5,0.5,0.5,0.21607541652510842,1,0,0,0,1,0
1.0,0.925685679515888,0.5,0.9319903086618606,0.8859887214539026,1,1,0,1,1,1
1.0,0.8470846366213713,0.5,0.5,0.5,1,1,0,0,0,1
0.016549437629107787,0.5,0.5,0.5,0.5,1,0,0,0,0,0
0.09718419291712968,0.5,0.5,0.4186979765678332,0.0,1,0,0,1,1,0
0.9734227040300826,1.0,1.0,0.5,0.5,1,1,1,0,0,1
0.5,0.5,0.5,0.38709479586665774,0.16651961647775254,0,0,0,1,1,0
0.0,0.5,0.5,0.5,0.0,1,0,0,0,1,0
0.9039748470795614,0.5,0.5,0.5,0.5,1,0,0,0,0,1
0.08205797538934767,0.5,0.5,0.5,0.0,1,0,0,0,1,0
0.5,0.5,0.5,0.5,0.34813061287324243,0,0,0,0,1,0
0.10921523228363683,0.21187186972357075,0.5,0.8476540414672895,0.5,1,1,0,1,0,0
1.0,0.5,0.7314243384088115,0.5,1.0,1,0,1,0,1,1
0.5,0.0,0.5,0.5,0.5,0,1,0,0,0,0
0.7909498263773533,0.5,0.5,0.5,0.5,1,0,0,0,0,1
0.9396197036866253,0.5,0.5,0.5,1.0,1,0,0,0,1,1
0.0,0.5,0.5,0.5,0.5,1,0,0,0,0,0
0.0,0.5,0.5,0.5,0.11091615893875001,1,0,0,0,1,0
0.031130088563666856,0.0,0.5,0.5,0.0,1,1,0,0,1,0
0.8049015600531095,0.5,0.5,0.5,0.5,1,0,0,0,0,1
0.0662390543418239,0.5,0.5,0.9123401005701179,0.5,1,0,0,1,0,0
0.0,0.5,0.5,0.4191530757808833,0.005643415997272187,1,0,0,1,1,0
0.5,0.5,0.5,0.5,1.0,0,0,0,0,1,1
0.0,0.5,0.5,0.630651276036456,0.050600258840567944,1,0,0,1,1,0
0.06337509775624808,0.5,0.5,0.5156265954900882,0.05656230176145412,1,0,0,1,1,0
0.5,0.5,0.45853098488112687,0.5,0.5,0,0,1,0,0,0
0.5,0.023769766357695968,0.5,0.5,0.5,0,1,0,0,0,0
0.5,0.9536236208049751,0.5,0.5,0.5,0,1,0,0,0,1
0.8688145463086325,0.5,0.39496928156445293,0.5,0.9236194783081366,1,0,1,0,1,1
0.0,0.5,0.5,0.5,0.0,1,0,0,0,1,0
0.0,0.08925565133334794,0.5,0.5,0.5,1,1,0,0,0,0
0.02870890039314817,0.0,0.5,0.5,0.0,1,1,0,0,1,0
0.5,0.8902629614409302,0.9820643361114876,0.7779532539614238,0.94084576257454,0,1,1,1,1,1
0.5,0.0,0.45401424341835056,0.7446179379353388,0.5,0,1,1,1,0,0
0.021662732200756766,0.0,0.5,0.5,0.5,1,1,0,0,0,0
0.056527688483589245,0.1367840767785003,0.0,0.9029020925971514,0.20457435241881652,1,1,1,1,1,0
1.0,0.5,0.5,0.6630295565131534,1.0,1,0,0,1,1,1
0.5,0.5,0.08347840705681792,0.5,0.06554955082862576,0,0,1,0,1,0
0.09704981716398386,0.5,0.5,0.5,0.5,1,0,0,0,0,0
0.7996250233470398,0.5,0.5,0.5,0.9863323816340388,1,0,0,0,1,1
1.0,0.5,0.6147102907584129,0.5,0.8882679824603215,1,0,1,0,1,1
0.5,0.9388252421294697,0.5,0.5,0.5,0,1,0,0,0,1
0.5,0.9572406946628468,1.0,0.5,0.5,0,1,1,0,0,1
0.5,0.5,0.5,0.5,1.0,0,0,0,0,1,1
0.5,0.5,0.5,0.5,0.46282239636581324,0,0,0,0,1,0
0.01598219999807951,0.5,0.5,0.5,0.5,1,0,0,0,0,0
0.0,0.5,0.0,0.49926927990853565,0.5,1,0,1,1,0,0
0.5,1.0,0.5,0.8013546425149559,0.5,0,1,0,1,0,1
0.04862515779774403,0.5,0.5,0.5,0.0,1,0,0,0,1,0
0.0,0.5,0.5,0.5,0.5,1,0,0,0,0,0
0.014085471820398834,0.5,0.5,0.5,0.5,1,0,0,0,0,0
0.5,0.5,1.0,0.5,0.9797392950545919,0,0,1,0,1,1
0.5,1.0,0.5,0.5,0.5,0,1,0,0,0,1
1.0,0.5,0.5,0.5,0.5,1,0,0,0,0,1
0.8375225037833343,0.5,0.5,0.5,0.5,1,0,0,0,0,1
0.5,0.7939809716684835,0.5,0.5,0.9311028848435668,0,1,0,0,1,1
0.10853658331916158,0.5,0.5,0.5,0.5,1,0,0,0,0,0
0.5,0.5,0.5,0.7373408645198631,0.5,0,0,0,1,0,0
0.5,0.5,0.9196469521967366,0.5,0.5,0,0,1,0,0,1
0.024657969200930822,0.5,0.5,0.5,0.5,1,0,0,0,0,0
0.7466986827830009,1.0,0.5,0.5,0.9458923220686524,1,1,0,0,1,1
0.0,0.5,0.5,0.5,0.5,1,0,0,0,0,0
0.0,0.0,0.01086778281780676,0.5,0.5,1,1,1,0,0,0
1.0,0.9144821471768905,0.658476591487911,0.5,0.5,1,1,1,0,0,1
0.5,0.0,0.5,0.7345453923707919,0.5,0,1,0,1,0,0
0.0,0.5,0.5,0.7320323221864543,0.5,1,0,0,1,0,0
0.0,0.0,0.48141848951039895,0.6423753544762494,0.5,1,1,1,1,0,0
0.5,0.7260103883232372,0.5,0.5,1.0,0,1,0,0,1,1
0.5,0.8754719697911345,1.0,0.5,0.9893995272152193,0,1,1,0,1,1
0.0,0.014248026922261136,0.5,0.5,0.005407843361242726,1,1,0,0,1,0
0.5,0.8946900655208978,0.5,0.5,0.5,0,1,0,0,0,1
0.5,0.99148668740729,0.8526810398999823,0.5,0.5,0,1,1,0,0,1
0.5,0.06982192756506136,0.5,0.3573710351544657,0.0,0,1,0,1,1,0
1.0,1.0,0.8066080995552625,0.8083416905135417,0.8892963414506802,1,1,1,1,1,1
0.0,0.5,0.13466810090568865,0.5,0.1857012319573901,1,0,1,0,1,0
0.025379158484137024,0.5,0.0,0.5,0.22697245990281523,1,0,1,0,1,0
0.5,0.5,0.5,0.5,0.2658280832801422,0,0,0,0,1,0
0.5,0.5,0.5,0.8455005912825814,1.0,0,0,0,1,1,1
0.0,0.08329918982561561,0.5,0.5,0.04148727414681733,1,1,0,0,1,0
0.5,0.5,0.7581105461165581,0.5,0.5,0,0,1,0,0,1
0.9641351121111305,1.0,0.5,0.5,1.0,1,1,0,0,1,1
0.9909994230912997,1.0,0.5,0.5,0.7525156469252775,1,1,0,0,1,1
0.5,1.0,0.5,0.8444119299863617,1.0,0,1,0,1,1,1
0.06763281706203718,0.5,0.6200705823068544,0.5,0.5,1,0,1,0,0,0
1.0,0.5,0.5633512617917777,1.0,0.5,1,0,1,1,0,1
0.5,1.0,0.5,0.7247770893538933,0.9139128296866169,0,1,0,1,1,1
0.5,1.0,0.6587909578072657,0.5,0.5,0,1,1,0,0,1
0.0026924401748640043,0.5,0.09159276662563018,0.5,0.5,1,0,1,0,0,0
0.0,0.0,0.0,0.5,0.5,1,1,1,0,0,0
0.859942458484123,1.0,0.5,0.5,0.5,1,1,0,0,0,1
0.5,0.9173737327299568,0.5,0.5,0.5,0,1,0,0,0,1
0.5,0.05211953527503999,0.5,0.5,0.5,0,1,0,0,0,0
0.5,0.9889537129292785,0.5,0.5,0.5,0,1,0,0,0,1
0.018959473367702897,0.5,0.196706201236511,0.5,0.5,1,0,1,0,0,0
0.013369833756742229,0.5,0.44453052723155195,0.5,0.15559754790263286,1,0,1,0,1,0
0.5,0.5,0.5,1.0,0.20646055146819153,0,0,0,1,1,0
0.0,0.0,0.5,0.5,0.15875989536537383,1,1,0,0,1,0
0.5,0.5,0.5,0.7400814241312949,0.1308789144506779,0,0,0,1,1,0
0.08486806524193924,0.5,0.3195058779055028,0.5,0.5,1,0,1,0,0,0
0.5,0.5,0.5,0.5177634213288622,0.19773586459211526,0,0,0,1,1,0
0.5,0.05017416170195959,0.5,0.5,0.028419895290271096,0,1,0,0,1,0
1.0,0.9255128702609607,0.5,0.8785868856026127,0.5,1,1,0,1,0,1
1.0,0.5,0.5,0.5,1.0,1,0,0,0,1,1
0.0,0.5,0.5,0.5,0.5,1,0,0,0,0,0
0.5,0.5,0.6740785403970171,0.5,0.0,0,0,1,0,1,0
0.5,0.0,0.5,0.5,0.09580670108838829,0,1,0,0,1,0
0.011631949102814293,0.0,0.11669843532185395,0.5,0.2444851358148487,1,1,1,0,1,0
0.06275755741953981,0.5,0.5,0.5,0.41373192610715953,1,0,0,0,1,0
0.5,0.5,0.5,1.0,0.5,0,0,0,1,0,0
0.0,0.5,0.0,0.8569024967092238,0.5,1,0,1,1,0,0
0.5,0.5,0.46171445030950553,0.5,0.989871363007044,0,0,1,0,1,1
0.0,0.5,0.5,0.7015248438417487,0.17170205504399416,1,0,0,1,1,0
0.0,0.5,0.4046164421853432,0.5,0.5,1,0,1,0,0,0
0.5,1.0,0.5,0.5,0.9282960998915065,0,1,0,0,1,1
0.0149073336339288,0.0,0.5,0.5,0.5,1,1,0,0,0,0
0.5,0.0403468061960081,0.5,0.5,0.5,0,1,0,0,0,0
1.0,0.5,0.5,0.5,0.5,1,0,0,0,0,1
0.0,0.5,0.5,0.5,0.5,1,0,0,0,0,0
0.11795534031390947,0.5,0.5,0.6112153830124277,0.0,1,0,0,1,1,0
1.0,0.9111057885671174,0.9206412987895767,0.5921991878344459,0.5,1,1,1,1,0,1
0.5,0.008970180506857967,0.4563444289102667,0.5,0.10343527581058459,0,1,1,0,1,0
0.0067350530129663445,0.0,0.5,0.5,0.5,1,1,0,0,0,0
0.5,0.037668339350094934,0.5,0.8927596179281747,0.5,0,1,0,1,0,0
0.5,0.11454255846366093,0.5,0.5,0.5,0,1,0,0,0,0
0.8806011256934504,0.5,0.7395910440187846,0.5,0.5,1,0,1,0,0,1
1.0,0.5,0.5,0.5,0.9958253203923586,1,0,0,0,1,1
0.8561166930561422,0.5,0.5,0.5,0.5,1,0,0,0,0,1
0.0,0.5,0.0,0.6284165479755824,0.5,1,0,1,1,0,0
0.8460007004757966,0.5,0.5,0.5,0.8411832350216957,1,0,0,0,1,1
0.0,0.012331111580370114,0.5,0.5,0.09419966166980503,1,1,0,0,1,0
0.035506290991302425,0.0,0.2871661168868867,0.5,0.5,1,1,1,0,0,0
0.0,0.0,0.5,0.5,0.00021045272975746265,1,1,0,0,1,0
0.048889977847686984,0.5,0.2039867131048338,0.46747387387980555,0.0,1,0,1,1,1,0
0.5,0.5,0.5290136897230755,0.5199171434924234,0.5,0,0,1,1,0,0
0.08365789094755322,0.064967803617312,0.5139740484260529,0.17877570696417078,0.3156475182208957,1,1,1,1,1,0
0.5,0.5,0.5,0.8200301143693587,0.5,0,0,0,1,0,1
0.5,0.5,0.41684524289095826,0.5,0.5,0,0,1,0,0,0
0.5,0.04949514801333779,0.20010893679719405,0.5,0.12513310019443427,0,1,1,0,1,0
0.0,0.0,0.5,0.5,0.0,1,1,0,0,1,0
0.08801533727726876,0.5,0.5,0.7013952816691372,0.0,1,0,0,1,1,0
1.0,0.5,0.9795611221590868,0.8248324086234966,0.5,1,0,1,1,0,1
0.5,0.5,0.2770771579455239,0.5,0.5,0,0,1,0,0,0
1.0,0.5,0.5,0.5,0.8571885929551927,1,0,0,0,1,1
0.0,0.5,0.5,0.5,0.5,1,0,0,0,0,0
0.0578016641517035,0.5,0.5,0.5,0.024560834193885113,1,0,0,0,1,0
0.5,0.9075213474905985,0.6944925416698888,0.5,1.0,0,1,1,0,1,1
0.5,0.12494613427157435,0.5,0.6900412636771454,0.23305656713979106,0,1,0,1,1,0
0.06110105212738733,0.5,0.5,0.5,0.5,1,0,0,0,0,0
0.0,0.5,0.5,0.5,0.5,1,0,0,0,0,0
0.5,0.03726309582669818,0.0,0.5,0.5,0,1,1,0,0,0
0.5,0.5,0.7820238000163641,1.0,0.5,0,0,1,1,0,0
0.0241380584278136,0.5,0.5041349881335662,0.5,0.5,1,0,1,0,0,0
0.5,1.0,0.5,0.8167327379873723,0.5,0,1,0,1,0,1
0.9152825760251571,0.9073593547338257,0.9937638434139795,0.5,1.0,1,1,1,0,1,1
1.0,0.5,0.5,0.5,0.5,1,0,0,0,0,1
0.5,0.5,0.5,0.5,0.0583383211995434,0,0,0,0,1,0
1.0,0.5,0.5,1.0,0.9524155674523408,1,0,0,1,1,1
1.0,0.5,0.5,0.5,1.0,1,0,0,0,1,1
0.6967718918598479,0.5,0.5,0.5,0.5,1,0,0,0,0,1
0.09125428874848154,0.5,0.5,0.3855765256962147,0.5,1,0,0,1,0,0
0.5,0.5,0.5,0.7104428313511022,0.5,0,0,0,1,0,1
0.5,0.0,0.5,0.5,0.11493188480180808,0,1,0,0,1,0
0.5,0.5,0.5,0.8624276655711647,0.9764094329539079,0,0,0,1,1,1
0.9977536617822745,0.9414225463215588,0.5,0.5,1.0,1,1,0,0,1,1
0.0,0.006238955954958254,0.5,0.5,0.02762275004490607,1,1,0,0,1,0
0.5,0.5,0.17361526073794856,0.5,0.20272285693775519,0,0,1,0,1,0
1.0,0.5,0.775809436478906,0.885260138777423,0.5,1,0,1,1,0,1
0.5,0.5,0.5,0.5,0.0,0,0,0,0,1,0
0.08909939067093575,0.0,0.5,0.5406072593165584,0.13879465907485058,1,1,0,1,1,0
0.5,0.2444620704067102,0.5,0.6468354725478027,0.5,0,1,0,1,0,0
0.04671006406040308,0.5,0.1623676296872244,0.5,0.0,1,0,1,0,1,0
0.5,0.5,0.4083719533229506,0.9960882385367635,1.0,0,0,1,1,1,1
0.5,0.0,0.0,0.9536469249408053,0.15975589637237886,0,1,1,1,1,0
0.00779131850101082,0.5,0.5,0.5826999499485747,0.0,1,0,0,1,1,0
0.8465363050015171,1.0,0.5,0.5,0.5,1,1,0,0,0,1
0.03075947103478524,0.5,0.5,0.9878180080740897,0.27996754953866604,1,0,0,1,1,0
0.0,0.045686728641527674,0.8926057750894919,0.5,0.5,1,1,1,0,0,0
0.5,0.5,0.5,0.5,1.0,0,0,0,0,1,1
0.9344638996059055,0.5,0.5,0.5,0.5,1,0,0,0,0,1
0.9697429823896052,0.536829340090746,0.5,0.8276555536500901,0.8591871457046654,1,1,0,1,1,1
0.866879571347548,1.0,0.5,0.9108714584515071,0.5,1,1,0,1,0,1
0.9660851329490292,0.9596184393801305,0.7133374527075893,0.5,1.0,1,1,1,0,1,1
0.8741871907748853,0.5,0.5,0.5,1.0,1,0,0,0,1,1
0.5,0.5,0.361877051124301,0.5,0.0,0,0,1,0,1,0
1.0,1.0,0.5,0.5,0.5,1,1,0,0,0,1
0.5,0.06701573120483931,0.5,0.5,0.0,0,1,0,0,1,0
0.5,0.0,0.5,0.5,0.001584929165999019,0,1,0,0,1,0
0.5,0.10163795842397982,0.5,0.5,0.14215525637041118,0,1,0,0,1,0
0.5,0.5,0.5,0.5,0.1634399526012592,0,0,0,0,1,0
0.9052421266417928,0.9266467655066672,0.5,0.5,0.5,1,1,0,0,0,1
0.8664970798796136,1.0,0.5,1.0,0.5,1,1,0,1,0,1
0.041777037819400654,0.5,0.48454178294087874,0.5,0.2664813148455161,1,0,1,0,1,0
0.0,0.5,0.5,1.0,0.13141340577146077,1,0,0,1,1,0
0.5,0.9574095004248704,0.5,0.7798103166715543,1.0,0,1,0,1,1,1
0.5,0.5,0.5,0.7113787771967337,0.894252679088904,0,0,0,1,1,1
1.0,0.5,0.5,0.5,0.5,1,0,0,0,0,1
0.05017595560227061,0.0,0.5,0.7199157630326704,0.5,1,1,0,1,0,0
1.0,0.5,0.5,0.8368571348278121,1.0,1,0,0,1,1,1
0.897240442761879,1.0,0.5,0.5,0.5,1,1,0,0,0,1
0.5,1.0,0.5,0.8397799506888072,0.5,0,1,0,1,0,1
1.0,0.9311907717939646,0.5,0.9602080714421676,1.0,1,1,0,1,1,1
0.5,0.9157383027211115,0.5,0.5,0.5,0,1,0,0,0,1
0.0,0.5,0.02135547183118011,0.5,0.5,1,0,1,0,0,0
0.11282183539320378,0.13449138786072204,0.5,0.5,0.5,1,1,0,0,0,0
0.5,0.5,0.5,0.5,0.1395439929478103,0,0,0,0,1,0
1.0,0.5,0.5,0.5,0.5,1,0,0,0,0,1
0.04035403833808105,0.5,0.5,0.886046276066897,0.0,1,0,0,1,1,0
0.0,0.5,0.13500074714357407,0.5,0.5,1,0,1,0,0,0
0.08129036451943403,0.0,0.5,1.0,0.08729291957443572,1,1,0,1,1,0
0.5,0.5,0.0,0.5837492540656414,0.5,0,0,1,1,0,0
0.5,0.030842859774220566,0.3228333814496241,0.5,0.5,0,1,1,0,0,0
0.5,0.5,0.5,0.8844448693514064,0.5,0,0,0,1,0,0
0.5,0.5,0.2374740285696948,0.5,0.9858949171423749,0,0,1,0,1,1
0.08227821203435287,0.5,0.5,0.5,0.5,1,0,0,0,0,0
1.0,0.8107381614213048,0.48743269860552485,0.5,1.0,1,1,1,0,1,1
0.5,0.5,0.5,0.6027867864663753,0.5,0,0,0,1,0,0
0.5,0.061246961263276875,0.5,0.7062720272353733,0.5,0,1,0,1,0,0
0.07214837709667407,0.5,0.5,0.9120855573438245,0.06304301269519004,1,0,0,1,1,0
1.0,0.5,0.6415259851070624,0.9880521140113725,0.5,1,0,1,1,0,1
0.0731533111852408,0.0,0.5,0.5,0.5,1,1,0,0,0,0
0.035153540969055444,0.5,0.0,0.5,0.5,1,0,1,0,0,0
0.5,0.5,0.5,0.8908783995717071,0.946540840783621,0,0,0,1,1,1
0.0,0.5,0.5,0.5,0.14554470941741207,1,0,0,0,1,0
0.5,0.5,0.2960209729245676,0.5,0.5,0,0,1,0,0,0
0.8989241529332036,0.5,0.5,0.6060752638952367,0.5,1,0,0,1,0,1
0.5,0.5,0.2943753121244257,0.5,0.5,0,0,1,0,0,0
0.06485429247260069,0.0,0.5,0.670885760200347,0.11187266618776232,1,1,0,1,1,0
0.0,0.15837235752891515,0.0,0.5,0.04682116089718027,1,1,1,0,1,0
0.0,0.5,0.11965744343470615,0.7347319731881008,0.08916955089861306,1,0,1,1,1,0
0.011143423649760509,0.5,0.5,0.62596787361471,0.12400618767548546,1,0,0,1,1,0
0.5,0.5,0.5,0.5,1.0,0,0,0,0,1,1
0.18077640203045467,0.5,0.5,0.5,0.1299423573583545,1,0,0,0,1,0
0.5,0.5,0.05967876441925876,0.5,0.5,0,0,1,0,0,0
0.0,0.5,0.5,0.8583309802873953,0.5,1,0,0,1,0,0
0.029976948011307847,0.5,0.5,0.5,0.5,1,0,0,0,0,0
0.5,0.957676704974156,0.5,0.5,0.8282952440035035,0,1,0,0,1,1
0.9569045920617287,0.9177965129263589,0.5,0.5,1.0,1,1,0,0,1,1
0.030773302623227854,0.0,0.5,0.5,0.5,1,1,0,0,0,0
0.5,0.8824743826214786,0.5,0.5,0.8157267422487705,0,1,0,0,1,1
0.8869528273456175,0.5,0.8012613925688375,1.0,0.5,1,0,1,1,0,1
0.5,0.0,0.5,0.5,0.5,0,1,0,0,0,0
0.5,0.5,0.5,0.5994923876264867,0.5,0,0,0,1,0,0
0.9830111028654834,0.5,0.5,0.5,0.9192239011416685,1,0,0,0,1,1
0.5,0.0,0.5,0.4828181140881189,0.5,0,1,0,1,0,0
0.5,0.0,0.5,0.5,0.5,0,1,0,0,0,0
0.07134998157924693,0.5,0.2579179126138521,0.5,0.0,1,0,1,0,1,0
0.5,0.5,0.0,0.5,0.5,0,0,1,0,0,0
0.5,0.5,0.5867312864382536,0.5,1.0,0,0,1,0,1,1
0.5,0.5,0.5,0.8493918499143736,0.5,0,0,0,1,0,0
1.0,0.7745093911684735,1.0,0.8124666950468549,1.0,1,1,1,1,1,1
0.9819983619643681,0.5,0.5698272626438805,0.6847831823339536,0.9682865227165377,1,0,1,1,1,1
0.5,0.5,0.5,0.5,0.7593987260327827,0,0,0,0,1,1
0.5,0.9645434290833567,0.5,0.5,0.5,0,1,0,0,0,1
0.8267279870429816,0.5,0.5,0.5,0.5,1,0,0,0,0,1
0.901062485650944,0.5,0.5,0.5,0.8856993718876486,1,0,0,0,1,1
0.8914639390601725,0.5,1.0,1.0,1.0,1,0,1,1,1,1
1.0,0.8753161336545346,0.5,0.5,1.0,1,1,0,0,1,1
0.5,0.5,0.1285524919351949,0.5,0.03211095112151509,0,0,1,0,1,0
0.5,1.0,0.5,0.7857773240561935,0.5,0,1,0,1,0,1
0.13115740651878763,0.018904263037332628,0.44939784112385883,0.5,0.5,1,1,1,0,0,0
0.5,0.5,0.5232781141922487,0.5,0.14094408076715023,0,0,1,0,1,0
0.5,0.5,0.20884746488538417,0.5,0.0,0,0,1,0,1,0
0.017704375179571397,0.0,0.5,0.5,0.0,1,1,0,0,1,0
0.1071666681644711,0.5,0.5,0.5,0.5,1,0,0,0,0,0
0.0,0.0,0.5,0.5,0.0,1,1,0,0,1,0
0.5,1.0,0.5,0.5,0.5,0,1,0,0,0,1
0.0,0.5,0.5,0.5,0.16113212462895596,1,0,0,0,1,0
1.0,1.0,0.5,0.5,0.5,1,1,0,0,0,1
0.03508831575424744,0.16116182119131306,0.5,0.7016287567371529,0.0,1,1,0,1,1,0
0.0010018713254227145,0.5,0.5242792317279654,0.5,0.0,1,0,1,0,1,0
1.0,0.7027086123485777,0.5,0.5,0.5,1,1,0,0,0,1
0.5,0.0,0.5,0.5,0.5,0,1,0,0,0,0
0.5,0.5,0.6979337539722265,0.5,0.5,0,0,1,0,0,0
0.5,0.5,0.5,0.9577564782222943,0.5,0,0,0,1,0,1
0.0,0.5,0.5,0.7690440129198672,0.16097836561757808,1,0,0,1,1,0
1.0,0.5,0.9695497473225257,0.5,0.5,1,0,1,0,0,1
0.5,0.5,0.5,0.5,0.0,0,0,0,0,1,0
0.9788715842176996,0.8393039394078686,0.5,0.9890612306841379,0.5,1,1,0,1,0,1
0.5,0.019393168299239465,0.5,0.5,0.5,0,1,0,0,0,0
0.5,0.5,0.0,0.5,0.5,0,0,1,0,0,0
0.09511655738807018,0.09950313938269215,0.5,0.5,0.0,1,1,0,0,1,0
1.0,0.8908395412107748,0.8194066175220198,0.5,0.9947785744840372,1,1,1,0,1,1
0.9568418204756081,1.0,0.9727780817289744,0.9165197336429166,0.890855489998901,1,1,1,1,1,1
0.5,0.06949960717708367,0.28469342073028814,0.5,0.5,0,1,1,0,0,0
0.5,0.028717374927196712,0.5,0.7405502233751413,0.19607048494652848,0,1,0,1,1,0
0.5,0.5,0.5,0.6757518795549238,0.5,0,0,0,1,0,0
0.11105418530445291,0.5,0.5,0.5,0.16776367971095066,1,0,0,0,1,0
0.5,0.890086441463572,0.9868786618361285,0.9393498467932347,0.9526521282674707,0,1,1,1,1,1
0.5,0.5,0.5,0.42512458504134265,0.5,0,0,0,1,0,0
0.5,0.0,0.5,0.5,0.5,0,1,0,0,0,0
0.9925588279854971,0.8425184531364681,0.5,0.5,0.9481679201400525,1,1,0,0,1,1
0.5,0.9969713655331155,0.5,0.5,0.9029025139967211,0,1,0,0,1,1
0.5,0.5,0.5,0.5,0.993821499891805,0,0,0,0,1,1
0.8615294893633665,0.9476738773960194,0.5,0.5,0.9805378755956123,1,1,0,0,1,1
0.5,0.9868643172594803,0.5,0.5,0.8286510361119555,0,1,0,0,1,1
0.5,0.5,0.5,0.9193506115663919,0.5,0,0,0,1,0,1
0.5,0.0,0.5,0.7649320761935907,0.5,0,1,0,1,0,0
0.0,0.5,0.5,0.5,0.0,1,0,0,0,1,0
0.07276404458119191,0.5,0.5,0.5482834503711251,0.2575346424788628,1,0,0,1,1,0
0.0,0.09211376419552063,0.1073089279805291,0.5,0.16839216868294726,1,1,1,0,1,0
0.5,0.49759565858526406,0.5,0.5,0.5,0,1,0,0,0,1
0.5,0.5,0.5,0.8741747437926749,0.5,0,0,0,1,0,1
0.5,0.5,0.14603080969140037,0.5,0.13749046542474383,0,0,1,0,1,0
0.5,0.5,0.5,0.5,0.41759586554759315,0,0,0,0,1,0
0.5,0.5,0.0,0.5,0.16795608499314152,0,0,1,0,1,0
0.911208868968815,0.5,0.5,0.5,0.9557971220493816,1,0,0,0,1,1
0.907458291098818,0.8054413289852772,0.5,0.5,1.0,1,1,0,0,1,1
0.5,0.5,0.0,0.5,0.0,0,0,1,0,1,0
1.0,0.967012687223168,0.5,0.5343814253452197,1.0,1,1,0,1,1,1
0.07552806847788193,0.045021633169600714,0.5,0.5,0.06436692374880464,1,1,0,0,1,0
0.5,1.0,0.5,0.5,0.5,0,1,0,0,0,1
0.07089936603940047,0.0,0.439692538329282,0.5,0.5,1,1,1,0,0,0
0.9034566160264464,0.5,0.5,0.5,1.0,1,0,0,0,1,1
0.5,0.5,0.06633586227277247,0.5,0.027998719757825634,0,0,1,0,1,0
0.9461554743151692,0.5,0.5,0.86117211338978,1.0,1,0,0,1,1,1
1.0,0.5,0.5,0.5,0.5,1,0,0,0,0,1
0.5,0.5,0.06465871019977393,0.7756505568555825,0.5,0,0,1,1,0,0
0.5,0.5,0.5,0.5,0.9256178558696389,0,0,0,0,1,1
0.0,0.0,0.5,0.7581333710691318,0.5,1,1,0,1,0,0
1.0,0.5,0.5,0.5,0.5,1,0,0,0,0,1
0.0,0.5,0.5,0.7909178764141124,0.020851715094054542,1,0,0,1,1,0
0.0422598910291414,0.0,0.5,0.7053303570723559,0.5,1,1,0,1,0,0
0.5,0.944834971320526,0.8802463631403068,0.5,0.5,0,1,1,0,0,1
1.0,0.5,0.5,0.5,0.5,1,0,0,0,0,1
0.5,0.0,0.5,0.5,0.5,0,1,0,0,0,0
0.11871441915937778,0.5,0.0,0.5,0.3956805752802041,1,0,1,0,1,0
0.0,0.5,0.5,0.5,0.0,1,0,0,0,1,0
0.11267623635179963,0.025967623984668255,0.5,0.7631096777520328,0.5,1,1,0,1,0,0
0.5,0.5,0.5,0.9393723510562291,0.5,0,0,0,1,0,1
0.5,0.0,0.0,0.45022952719518783,0.0,0,1,1,1,1,0
0.12127855790902162,0.0,0.5,0.5,0.32267854661559775,1,1,0,0,1,0
0.08929904722584286,0.0,0.19604476979780344,0.5,0.5,1,1,1,0,0,0
0.5,0.8473334609961356,0.5,0.5,1.0,0,1,0,0,1,1
0.9571358802625918,0.5,0.8408210556360131,0.681044212404009,0.5,1,0,1,1,0,1
0.9180439610825175,0.5,0.8809495616386156,0.5,0.5,1,0,1,0,0,1
0.5,0.8462084161224197,0.5,0.5,0.5,0,1,0,0,0,1
0.5,0.04377690957191571,0.5,0.9874012037450581,0.5,0,1,0,1,0,0
0.008524415141369897,0.0,0.2468162288720108,0.5,0.05169546076728121,1,1,1,0,1,0
0.5,0.5,0.9400873106224158,0.5,0.5,0,0,1,0,0,1
0.03699559533256871,0.0,0.5,0.5,0.0,1,1,0,0,1,0
0.9819422574672901,0.5,0.5,0.5,0.8888784102299816,1,0,0,0,1,1
0.5,0.9926262450953253,0.5,0.5,0.9825364572891737,0,1,0,0,1,1
0.9454703911170359,0.5,0.5,0.5,1.0,1,0,0,0,1,1
0.00620429015566527,0.5,0.5,0.5,0.5,1,0,0,0,0,0
0.5,0.5,0.5,0.5,0.04142739569483457,0,0,0,0,1,0
0.9934237990784257,0.5,0.9227174114232692,0.5,0.9858468271914852,1,0,1,0,1,1
0.046068582880066794,0.0,0.39078685874959274,0.5,0.018154269221039743,1,1,1,0,1,0
0.07045079739583857,0.0,0.5,0.5,0.5,1,1,0,0,0,0
0.19636684058610238,0.09945024770613659,0.5,0.3860532937418012,0.0,1,1,0,1,1,0
0.5,0.876500988322744,0.5,0.5,0.5,0,1,0,0,0,1
0.0,0.5,0.5936455586353983,0.5,0.31575236236037124,1,0,1,0,1,0
0.5,0.0013674755978812323,0.6016949904050253,0.5,0.5,0,1,1,0,0,0
0.8104531370713137,1.0,0.5,0.9671152801218839,0.5,1,1,0,1,0,1
0.06334334836644112,0.5,0.5,0.758314298348768,0.5,1,0,0,1,0,0
0.0,0.058402362069695624,0.0,0.7064238112475371,0.036875518232766635,1,1,1,1,1,0
0.5,0.5,0.5,0.5,0.041502526449047325,0,0,0,0,1,0
0.028419272519564616,0.0,0.8320399923674957,1.0,0.1333428379183333,1,1,1,1,1,0
1.0,0.5,0.5,0.5,0.8579798054839807,1,0,0,0,1,1
0.5,0.04712974154458123,0.5,0.5,0.5,0,1,0,0,0,0
0.5,0.5,0.5,0.7786952106060394,0.5,0,0,0,1,0,1
0.5,0.0800074399619361,0.5,0.5,0.03791382465587512,0,1,0,0,1,0
0.824405013835281,0.5,0.5,0.5,1.0,1,0,0,0,1,1
0.5,0.9630446035496428,1.0,0.5,1.0,0,1,1,0,1,1
0.5,0.5,0.5,0.5,0.7991758742308742,0,0,0,0,1,1
0.12060115239466929,0.10403650407504145,0.5,0.6860088637048475,0.0,1,1,0,1,1,0
0.5,1.0,0.5,0.5,0.5,0,1,0,0,0,1
0.5,0.08190369773189937,0.5,0.5,0.5,0,1,0,0,0,0
0.5,0.5,0.4957270955736822,0.5,0.0,0,0,1,0,1,0
0.5,0.5,0.5142918999218576,0.5,0.5,0,0,1,0,0,0
0.029708781446433144,0.5,0.5,0.5,0.0,1,0,0,0,1,0
0.038735538802785296,0.5,0.24429847062855153,0.4847796562406873,0.31111236662874703,1,0,1,1,1,0
1.0,0.5,0.8680911635104556,0.5,0.5,1,0,1,0,0,1
0.5,0.13126126878144512,0.5,0.5,0.0,0,1,0,0,1,0
0.8547372695812189,0.5,0.5,0.5,0.5,1,0,0,0,0,1
0.08240135137495896,0.5,0.5,0.5,0.5,1,0,0,0,0,0
0.9264478534410365,0.5,0.5,0.5,0.5,1,0,0,0,0,1
1.0,0.5,0.5,0.5,0.5,1,0,0,0,0,1
0.9679186943445595,1.0,0.5,0.8198805483059555,0.5,1,1,0,1,0,1
0.0,0.5,0.5,0.5,0.5,1,0,0,0,0,0
0.5,0.5,0.6683297708277959,0.5,0.5,0,0,1,0,0,1
0.5,0.8828703612006351,0.962590525848675,0.5,0.9138276152557595,0,1,1,0,1,1
0.0,0.5,0.5,0.7197207130922821,0.004662848666669661,1,0,0,1,1,0
0.052358573082706285,0.5,0.5,0.5,0.5,1,0,0,0,0,0
0.06681651186350432,0.06722199944524587,0.2950574596892952,0.6362102732931187,0.0,1,1,1,1,1,0
1.0,1.0,0.5,0.5,1.0,1,1,0,0,1,1
1.0,0.8131030644771523,0.5,0.5,1.0,1,1,0,0,1,1
0.5,0.05959953298054628,0.42609760973183186,0.5,0.5,0,1,1,0,0,0
1.0,0.5,0.5,0.7328985939871724,0.9146204610871812,1,0,0,1,1,1
0.8370013027218506,0.970528093674227,1.0,0.9014050253594591,0.5,1,1,1,1,0,1
0.5,1.0,0.5,0.5,0.5,0,1,0,0,0,1
0.5,0.9207193842424761,0.5,1.0,1.0,0,1,0,1,1,1
1.0,0.5,0.9377657132754388,0.5,0.5,1,0,1,0,0,1
0.039303944657948134,0.09515864516831485,0.5,0.6620853592183993,0.5,1,1,0,1,0,0
0.5,1.0,0.5,0.5,0.5,0,1,0,0,0,1
1.0,0.5,0.5,0.5,1.0,1,0,0,0,1,1
1.0,0.9238047724368434,0.6555672442647225,0.5,0.9850512693576303,1,1,1,0,1,1
0.0,0.5,0.5,0.7615472987612789,0.5,1,0,0,1,0,0
0.9592872504025108,1.0,0.5,1.0,1.0,1,1,0,1,1,1
0.5,0.056308193768246986,0.5,0.5,0.5,0,1,0,0,0,0
0.5,0.014014712429911352,0.8515345349674601,0.5,0.5,0,1,1,0,0,0
1.0,0.5,0.5,0.5,0.5,1,0,0,0,0,1
1.0,1.0,0.5,0.5,0.5,1,1,0,0,0,1
0.9589568103999434,1.0,0.5,0.5,0.5,1,1,0,0,0,1
0.026330942402423847,0.0,0.0,0.7047880710104677,0.17695665770025862,1,1,1,1,1,0
0.5,0.5,0.5,0.5,0.8948080997797601,0,0,0,0,1,1
0.0,0.01076994291702518,0.3509747149665433,0.5,0.0,1,1,1,0,1,0
0.021661959249861903,0.5,0.5,0.5,0.5,1,0,0,0,0,0
0.1266358499490942,0.5,0.5,0.8097932100806937,0.5,1,0,0,1,0,0
0.10792411596263385,0.023771523277538675,0.5,0.924841264499033,0.0,1,1,0,1,1,0
0.8468007044856202,0.5,0.5,0.7346771638456303,0.9683266653204106,1,0,0,1,1,1
0.8202396376282157,0.5,0.5,0.5,0.5,1,0,0,0,0,1
0.5,0.08239195884125584,0.5,0.43860546280178025,0.5,0,1,0,1,0,0
0.5,0.7764434716197872,1.0,0.5,0.8927942978942005,0,1,1,0,1,1
0.0,0.5,0.08386828396091289,0.5,0.5,1,0,1,0,0,0
0.5,0.5,0.46844029095707146,0.5,0.5,0,0,1,0,0,0
0.5,0.5,0.9372179061076552,0.841087224046806,1.0,0,0,1,1,1,1
0.5,0.5,0.5,0.5,1.0,0,0,0,0,1,1
0.5,0.16190570315357938,0.16782258310118303,0.4428510343126266,0.5,0,1,1,1,0,0
0.9780523971557953,1.0,0.5,0.5,0.9839643126237017,1,1,0,0,1,1
0.06491464602164623,0.16570335802605002,0.5110152647183126,0.5,0.5,1,1,1,0,0,0
0.08436054433553797,0.5,0.21258310559604715,0.5,0.04285217965402317,1,0,1,0,1,0
0.0,0.08794251944510838,0.5,0.8400318175440068,0.036200085871228645,1,1,0,1,1,0
0.05831990878337649,0.0,0.5,0.5,0.5,1,1,0,0,0,0
0.5,0.016682060083410857,0.0,0.5,0.0,0,1,1,0,1,0
0.0,0.5,0.5,0.5,0.040079883656128565,1,0,0,0,1,0
0.5,1.0,0.8582164444934219,0.9274857353137397,0.5,0,1,1,1,0,1
0.5,0.0,0.5,0.5,0.0,0,1,0,0,1,0
0.5,0.5,0.8799088582445411,0.5,0.5,0,0,1,0,0,1
1.0,0.5,0.9895846999316062,0.8546821622603934,0.5,1,0,1,1,0,1
0.005471292035245443,0.08672640093703031,0.27347714019090535,0.5,0.5,1,1,1,0,0,0
0.7883451311385947,0.5,0.8833017603421438,0.5,0.9381230004731502,1,0,1,0,1,1
0.17444304214343972,0.5,0.5,0.5,0.5,1,0,0,0,0,0
0.5,0.6109847732866417,0.5,0.7676922810520722,0.5,0,1,0,1,0,1
0.5,0.0,0.1742526902968476,0.5,0.0,0,1,1,0,1,0
1.0,1.0,0.5,0.9034151133350289,0.5,1,1,0,1,0,1
0.9119190418952511,0.5,0.901872546195592,0.5813539735330217,0.9747013356522679,1,0,1,1,1,1
0.5,0.0,0.5,0.6445627932845646,0.0,0,1,0,1,1,0
0.5,1.0,0.5,0.5,1.0,0,1,0,0,1,1
0.0,0.03412680201564906,0.5,0.5,0.27285558996374243,1,1,0,0,1,0
0.5,0.0,0.0,0.5,0.5,0,1,1,0,0,0
0.07054454903605607,0.0,0.5,0.8544616771103708,0.5,1,1,0,1,0,0
0.5,0.5,0.5,0.5,0.0,0,0,0,0,1,0
0.764404220870753,0.5,0.5,0.9580785585597823,1.0,1,0,0,1,1,1
0.5,0.9109568326716164,0.7044789786986355,0.9463059807930893,0.855445825967866,0,1,1,1,1,1
1.0,0.5,0.5,0.5,0.5,1,0,0,0,0,1
0.5,0.9231120415240308,0.7319520681209841,0.5,0.5,0,1,1,0,0,1
0.06930981695151558,0.0,0.5,0.5,0.5,1,1,0,0,0,0
0.680077375355436,0.5,0.5,0.5,0.5,1,0,0,0,0,1
0.9301914383239602,1.0,0.5,0.8153348390821042,1.0,1,1,0,1,1,1
1.0,0.9578633447987934,0.9668441321141348,0.9043599944683796,0.5,1,1,1,1,0,1
0.5,0.036398585207994216,0.5,0.5188221616994648,0.09344999121094974,0,1,0,1,1,0
0.5,0.5,0.08752481633129007,0.5,0.5,0,0,1,0,0,0
0.5,0.0,0.5,0.5250848606565601,0.0,0,1,0,1,1,0
0.5,0.8760667744708773,0.5,0.5,0.5,0,1,0,0,0,1
0.5,0.047524583182241106,0.5,0.5,0.0,0,1,0,0,1,0
0.5,0.002185276327106774,0.5,0.5,0.017854014848550634,0,1,0,0,1,0
1.0,0.5,0.5,0.5,0.5,1,0,0,0,0,1
0.5,0.5,0.5,0.902569508196723,0.5,0,0,0,1,0,1
0.05783171546641835,0.5,0.2422987175525822,0.6245347292071515,0.5,1,0,1,1,0,0
1.0,0.9708858302567289,0.5,0.9139245899550992,1.0,1,1,0,1,1,1
0.5,0.5,0.5,0.8846306426525178,0.9458937166218673,0,0,0,1,1,1
1.0,0.9724073727769464,0.8340411217319537,0.5,0.9880368054232994,1,1,1,0,1,1
0.5,0.09260771174868052,0.029757480904885086,0.5,0.22003870964571273,0,1,1,0,1,0
0.5,0.5,0.5,0.6711154662857811,0.5,0,0,0,1,0,0
0.0,0.5,0.5,0.5,0.5,1,0,0,0,0,0
0.05916775422180957,0.5,0.4393583711707667,0.5,0.5,1,0,1,0,0,0
0.8466580345134552,1.0,0.646669200758988,0.5,1.0,1,1,1,0,1,1
0.8969385572741845,0.5,0.5,0.5,0.5,1,0,0,0,0,1
0.5,0.5,0.5,0.8184882361714294,0.0,0,0,0,1,1,0
0.5,0.5,0.5,0.5,0.0,0,0,0,0,1,0
1.0,0.5,0.8702005015879228,0.5,1.0,1,0,1,0,1,1
0.5,0.5,0.5,0.8044317767412462,0.5,0,0,0,1,0,0
0.5,1.0,0.5563257317299443,0.7620020531745979,1.0,0,1,1,1,1,1
0.5,1.0,0.5,0.5,0.5,0,1,0,0,0,1
0.8072727006647051,0.6287863418535716,0.8211470825914964,0.5,0.5,1,1,1,0,0,1
0.5,0.0,0.5,0.5,0.5,0,1,0,0,0,0
0.5,0.13786168968146595,0.5,0.5,0.5,0,1,0,0,0,0
0.9689516398450159,0.5,0.5,0.5,1.0,1,0,0,0,1,1
0.5,0.5,0.5,0.7188755206618583,0.5,0,0,0,1,0,1
0.7729153259506177,0.5,0.5,0.5,1.0,1,0,0,0,1,1
0.5,0.5,0.09645791682679067,0.7470347553595392,0.5,0,0,1,1,0,0
0.5,0.8999398033672189,0.5,0.5,0.908754375765095,0,1,0,0,1,1
0.914396309744278,1.0,0.5,0.5,0.5,1,1,0,0,0,1
0.0,0.5,0.5,0.8343601837240531,0.5,1,0,0,1,0,0
0.9637964612891382,0.8075299965996114,0.4714168345405933,0.5,0.5,1,1,1,0,0,1
0.5,0.07055205307580165,0.5095902304380981,0.8912944588622644,0.0,0,1,1,1,1,0
0.5,0.5,0.5,0.5,0.13317846491339697,0,0,0,0,1,0
0.5,0.5,0.8268041710406164,0.9227450121056491,0.5,0,0,1,1,0,1
1.0,0.5,0.40255185160961665,0.8421386980091877,0.5,1,0,1,1,0,1
1.0,0.9745039326345738,0.582254656595085,0.8930103808271306,0.5,1,1,1,1,0,1
0.051817832173163714,0.5,0.5,0.5,0.5,1,0,0,0,0,0
0.9335338234313719,0.9642943563558011,0.5,0.8393669703708563,1.0,1,1,0,1,1,1
0.08586911176737458,0.5,0.5,0.5,0.5,1,0,0,0,0,0
1.0,0.5,0.5,0.5,0.5,1,0,0,0,0,1
1.0,0.5,0.5,0.7849164736571012,0.5,1,0,0,1,0,1
0.0,0.02236484910464878,0.5,0.5,0.5,1,1,0,0,0,0
0.906569015413256,0.5,1.0,0.5,0.5,1,0,1,0,0,1
0.0,0.5,0.5,0.3521031083877302,0.5,1,0,0,1,0,0
1.0,0.9993184179640892,0.5,1.0,0.5,1,1,0,1,0,1
1.0,1.0,0.5,0.5,1.0,1,1,0,0,1,1
0.5,1.0,0.5,0.5,0.5,0,1,0,0,0,1
0.233182857234331,0.013350816670535337,0.5,0.9716713687638083,0.0,1,1,0,1,1,0
0.5,0.0,0.5,0.5,0.15141666791054978,0,1,0,0,1,0
0.5,0.046020806008501614,0.5,0.5480589005646965,0.5,0,1,0,1,0,0
0.04295717667113733,0.5,0.0,0.5,0.5,1,0,1,0,0,0
0.5,0.024350088631309406,0.08517979332086706,0.5,0.10798616859253236,0,1,1,0,1,0
0.0,0.5,0.5,0.6357356146490287,0.0,1,0,0,1,1,0
0.0,0.0,0.08092884984786114,0.5,0.010643890686444911,1,1,1,0,1,0
0.09483895359583441,0.5,0.5,0.5,0.5,1,0,0,0,0,0
0.8900300498429208,0.5,0.5,0.5,0.5,1,0,0,0,0,1
0.5,0.0,0.5,0.8964720411132533,0.2542550333841334,0,1,0,1,1,0
0.8167738071257489,0.5,0.5,0.9457944793896245,0.8143880931745049,1,0,0,1,1,1
0.0,0.5,0.6698645782194488,0.5,0.34002481745671065,1,0,1,0,1,0
0.5,1.0,0.5,0.5,0.9362253995797205,0,1,0,0,1,1
0.03189297342476875,0.020841671517494054,0.5,0.8828135612440288,0.18942649387033142,1,1,0,1,1,0
1.0,0.8539265906379736,0.5,0.5,0.5,1,1,0,0,0,1
0.5,1.0,0.5,0.5,0.9584291634378478,0,1,0,0,1,1
0.5,0.005951071383712347,0.5,0.8598000282315166,0.5,0,1,0,1,0,0
0.03680989858093175,0.5,0.5,1.0,0.0,1,0,0,1,1,0
0.047199590184199405,0.5,0.5,0.917511689647909,0.04695373369773412,1,0,0,1,1,0
0.5,0.5,0.5,0.7783831038998515,0.5,0,0,0,1,0,0
0.9140694895061588,0.7303913001006478,0.5,0.5,0.5,1,1,0,0,0,1
0.5,0.5,0.5,0.9498153762078199,0.9509877092444861,0,0,0,1,1,1
0.5,1.0,0.5,0.9711367532182733,0.9442598253146586,0,1,0,1,1,1
0.08370471715274358,0.5,0.5,0.6811841921069655,0.0,1,0,0,1,1,0
0.030324354022091392,0.5,0.5,0.9132429327126825,0.5,1,0,0,1,0,0
0.09635491503964777,0.04675153296581814,0.5,0.5,0.5,1,1,0,0,0,0
0.0,0.5,0.5,0.3296398369684275,0.0,1,0,0,1,1,0
0.5,0.016082078253467226,0.2913379734738341,0.5,0.0,0,1,1,0,1,0
1.0,0.5,0.7716075475518277,0.9813881518260396,1.0,1,0,1,1,1,1
0.5,0.5,0.7635474975618002,0.5,0.9790929240666508,0,0,1,0,1,1
0.5,0.5,0.581122332130561,0.5,0.5,0,0,1,0,0,1
0.5,0.5,0.44330380000964176,0.5,0.5,0,0,1,0,0,0
0.8627951916613325,0.5,0.5,0.5,0.9982859891834933,1,0,0,0,1,1
0.5,0.8551502018000815,0.5,0.5,0.5,0,1,0,0,0,1
0.9532106432236925,0.5,1.0,0.5,0.5,1,0,1,0,0,1
0.5,1.0,0.5510149479320555,0.5,0.5,0,1,1,0,0,1
0.5,0.5,0.5,0.5619865800682029,0.5,0,0,0,1,0,0
0.5,0.04839019161410872,0.48643735851376724,0.5,0.1934932284738713,0,1,1,0,1,0
0.0,0.5,0.15524218061848627,0.28334602818002563,0.3020101799324265,1,0,1,1,1,0
0.0,0.00882256378935197,0.5,0.5,0.06422696487725232,1,1,0,0,1,0
0.5,1.0,0.5,0.7391410432589829,1.0,0,1,0,1,1,1
0.5,0.5,0.5,0.7464815562453239,0.5,0,0,0,1,0,1
0.7978080126235012,0.568791652646456,0.5,1.0,0.5,1,1,0,1,0,1
0.03685810641452064,0.036041168611261415,0.5,0.5,0.5,1,1,0,0,0,0
0.0,0.12904114312205117,0.5,0.6782034448763897,0.4507794369057796,1,1,0,1,1,0
0.7303416712141537,0.5,0.5,0.5,1.0,1,0,0,0,1,1
0.5,0.023097822475282515,0.5,0.5,0.5,0,1,0,0,0,0
0.0,0.04930271351442255,0.5,0.5,0.14754554334658307,1,1,0,0,1,0
0.5,0.5,0.31943722453191353,0.9574118884131062,0.18702308739681617,0,0,1,1,1,0
0.0,0.5,0.5,0.5,0.5,1,0,0,0,0,0
0.5,0.0,0.5,0.5,0.5,0,1,0,0,0,0
0.9949587058711524,0.5,0.5,0.6432312524646064,1.0,1,0,0,1,1,1
0.056534442592885065,0.019830253228454057,0.0,0.4849709604048754,0.5,1,1,1,1,0,0
0.0,0.5,0.5,0.7307810941565055,0.2920302696689331,1,0,0,1,1,0
0.034393447106053895,0.5,0.5,0.8382010185356709,0.0,1,0,0,1,1,0
1.0,0.5,0.5,0.9019538094406181,0.5,1,0,0,1,0,1
1.0,1.0,0.5,0.5,0.5,1,1,0,0,0,1
1.0,1.0,0.5,0.5,0.5,1,1,0,0,0,1
0.5,0.5,0.5,0.801386209663605,0.5,0,0,0,1,0,1
1.0,1.0,0.5,0.5,0.927319543260763,1,1,0,0,1,1
1.0,0.5,0.5,0.5,0.5,1,0,0,0,0,1
0.5,0.5,0.5,0.5,0.9750378161931488,0,0,0,0,1,1
0.060245835301834076,0.5,0.5,0.5,0.5,1,0,0,0,0,0
1.0,0.5,0.5,0.5,0.8713123498972223,1,0,0,0,1,1
0.5,0.021165759548518494,0.5,0.5696643644694219,0.14816473707904848,0,1,0,1,1,0
0.711881328527085,0.5,0.5,0.5,0.5,1,0,0,0,0,1
0.5,0.5,0.5,0.7621812891978792,0.5,0,0,0,1,0,0
0.5,0.8746035561897143,0.5,0.5,0.5,0,1,0,0,0,1
0.0,0.021183073463718553,0.5,0.5,0.5,1,1,0,0,0,0
0.5,0.5,0.5,0.5,0.1619448347399019,0,0,0,0,1,0
1.0,0.5,0.5,0.5,0.5,1,0,0,0,0,1
0.5,0.5,0.5641422328823114,0.5,0.5,0,0,1,0,0,1
0.045744023753888814,0.029258948642899022,0.5,0.5,0.0,1,1,0,0,1,0
0.5,0.5,0.09278135754854841,0.5,0.5,0,0,1,0,0,0
0.09837748556398715,0.5,0.5,0.5,0.5,1,0,0,0,0,0
0.5,0.0,0.5,0.5,0.0,0,1,0,0,1,0
0.8161937391860535,0.5,1.0,0.6381332524516968,0.5,1,0,1,1,0,1
0.5,0.6807239752752534,0.5,0.5,0.9910568807477466,0,1,0,0,1,1
0.5,0.5,0.8335796592267738,0.5,0.921946664805057,0,0,1,0,1,1
0.15870489583533082,0.5,0.5,0.5714747132195676,0.2637517862977364,1,0,0,1,1,0
0.5,0.5,0.688511413451605,0.5,0.5,0,0,1,0,0,1
0.5,0.6415342649899073,0.5,0.5,0.5,0,1,0,0,0,1
0.2116942578154787,0.5,0.5,0.5,0.07489015314309432,1,0,0,0,1,0
0.005995481010544888,0.5,0.5,0.5,0.5,1,0,0,0,0,0
0.5,0.5,0.5,0.5,0.0544334715034747,0,0,0,0,1,0
0.5,0.5,0.5,0.5,0.0,0,0,0,0,1,0
0.5,0.5,0.5,0.8833485777659076,1.0,0,0,0,1,1,1
1.0,0.5757948957499737,1.0,0.915958879779045,0.5,1,1,1,1,0,1
0.5,1.0,0.8007350526736033,0.5,1.0,0,1,1,0,1,1
0.9011485341048964,0.5,0.8160049253382312,0.9494074521020097,1.0,1,0,1,1,1,1
0.5,0.5,0.8679402015996226,0.5,0.9864549621163768,0,0,1,0,1,1
0.5,0.5,0.41687865835558785,0.5,0.5,0,0,1,0,0,1
0.6656055546042239,0.5,0.7602589853174033,0.8869326062239511,1.0,1,0,1,1,1,1
0.8713153884865016,1.0,0.3096891570343182,0.5,1.0,1,1,1,0,1,1
0.0,0.060612222208941274,0.0,0.8466938045214064,0.5,1,1,1,1,0,0
0.5,0.91076046872427,0.7780794118859894,0.5,0.5,0,1,1,0,0,1
0.017450879827364603,0.5,0.5,0.8817371555005629,0.08885911031084925,1,0,0,1,1,0
0.8535645174057067,0.5,0.5,0.5,0.9549879042790355,1,0,0,0,1,1
0.0,0.02931330635317297,0.16458887573584757,0.7604999941151878,0.12505539277238853,1,1,1,1,1,0
0.5,0.0,0.5,0.6027361566792357,0.0026233284184063663,0,1,0,1,1,0
0.0,0.5,0.2235702282881866,0.8403057317723057,0.5,1,0,1,1,0,0
0.5,0.04932235919452082,0.0,0.5,0.07792113734447567,0,1,1,0,1,0
0.018798685978142746,0.0,0.5018278514982104,0.7059232226449031,0.5,1,1,1,1,0,0
1.0,0.5,0.5,0.5,0.5,1,0,0,0,0,1
0.9248625154783334,0.5,0.6013318318172372,0.5,0.5,1,0,1,0,0,1
0.025142759682346437,0.5,0.4627635827017364,0.5448829085266108,0.5,1,0,1,1,0,0
0.0,0.5,0.5,0.5705922396880748,0.2435709921540785,1,0,0,1,1,0
0.16363409638023857,0.5,0.5,0.5,0.5,1,0,0,0,0,0
0.5,0.5,0.3850510505612751,0.7388929872587716,0.5,0,0,1,1,0,1
0.0,0.0,0.5,0.6633656213334879,0.5,1,1,0,1,0,0
0.5,0.5,0.5,0.5,0.0,0,0,0,0,1,0
0.5,0.0,0.5,0.5,0.5,0,1,0,0,0,0
0.964671701128518,0.8066721459357292,0.5,0.5,1.0,1,1,0,0,1,1
0.874521677151019,1.0,0.5,0.929938738471014,0.5,1,1,0,1,0,1
0.5,0.5,0.5,0.5,0.284191398894063,0,0,0,0,1,0
0.5,1.0,0.5,0.5,0.5,0,1,0,0,0,1
0.9476550317484093,1.0,0.5,0.5,1.0,1,1,0,0,1,1
1.0,0.5,0.5,0.5,0.5,1,0,0,0,0,1
0.5,0.5,0.5,0.5,0.055840713116076614,0,0,0,0,1,0
1.0,0.5,1.0,0.6054813279222984,0.9506732079270442,1,0,1,1,1,1
0.5,0.005027319356194272,0.5,0.5,0.12195319231284193,0,1,0,0,1,0
0.5,0.5,0.5,0.6370810549980896,0.11526792518319795,0,0,0,1,1,0
0.0,0.5,0.039569133197990686,0.349146779001754,0.20934987791931134,1,0,1,1,1,0
0.9422202611660877,0.7254839909877296,0.9255533008716591,0.5,1.0,1,1,1,0,1,1
0.0,0.0,0.5,0.5,0.5,1,1,0,0,0,0
0.011301018781392464,0.5,0.5,0.8493039714987958,0.12099802221963568,1,0,0,1,1,0
0.16092333634175157,0.5,0.0,0.5,0.5,1,0,1,0,0,0
0.5,0.5,0.0769849255286501,0.5,0.5,0,0,1,0,0,0
1.0,0.5,0.5,0.5,0.5,1,0,0,0,0,1
0.5,0.5,0.5,0.5,0.0,0,0,0,0,1,0
0.03990871442860932,0.5,0.5,0.5,0.5,1,0,0,0,0,0
0.5,0.5,0.3694884694483447,0.5,0.5,0,0,1,0,0,0
0.0,0.02448674814470391,0.5,0.5,0.08096556378760857,1,1,0,0,1,0
0.5,1.0,0.5,0.5,0.5,0,1,0,0,0,1
1.0,0.5,0.5,0.5,0.5,1,0,0,0,0,1
0.8628785395925881,0.5,0.5,0.5,0.5,1,0,0,0,0,1
0.5,0.5,0.5,0.9731366772558081,0.5,0,0,0,1,0,1
0.5,0.5,0.5,0.8433083455653366,0.9030402367830487,0,0,0,1,1,1
0.00531719499587773,0.5,0.0,0.3373664238214183,0.5,1,0,1,1,0,0
1.0,0.5,0.5,0.5,0.8713307415157067,1,0,0,0,1,1
1.0,0.5,0.5,0.571770165901842,0.5,1,0,0,1,0,1
0.5,0.0,0.0,0.5,0.5,0,1,1,0,0,0
0.08075275493894496,0.5,0.5,0.3139168687068035,0.5,1,0,0,1,0,0
0.0,0.5,0.7553777070330112,0.5,0.5,1,0,1,0,0,0
0.0,0.5,0.3063406146455651,0.7286300440999098,0.08890318147276527,1,0,1,1,1,0
0.06834252109824732,0.11794544288572716,0.5,0.5649708741549271,0.5,1,1,0,1,0,0
0.5,0.07352358486222056,0.28277535112619023,0.5,0.38977511339027443,0,1,1,0,1,0
0.8573912731285402,0.5,0.5,1.0,1.0,1,0,0,1,1,1
0.5,0.0754072961724114,0.08699819968850538,0.5,0.11792653987019475,0,1,1,0,1,0
1.0,0.5,0.5,0.9057379422943062,0.911406802099603,1,0,0,1,1,1
0.8140337983044345,0.744845411338951,0.5,0.5,0.9945797997699665,1,1,0,0,1,1
0.0,0.5,0.0,0.40304006275258675,0.0,1,0,1,1,1,0
0.5,0.08259564030420635,0.5,0.5,0.5,0,1,0,0,0,0
0.009226612473810045,0.5,0.5,0.7965850704709694,0.5,1,0,0,1,0,0
0.05290368956141996,0.0,0.5,0.33588735424918464,0.0,1,1,0,1,1,0
0.5,0.06652642992697624,0.5,0.732250961065923,0.5,0,1,0,1,0,0
0.5,0.5,0.5,0.5,0.8697408226168029,0,0,0,0,1,1
0.0,0.5,0.4392556544577783,0.6417879588617649,0.0803823841356733,1,0,1,1,1,0
1.0,0.5,0.8786274364257874,0.5,0.5,1,0,1,0,0,1
1.0,1.0,0.5,0.6662308976639693,0.9293794911952986,1,1,0,1,1,1
0.5,0.5,0.5,0.6050828256230285,1.0,0,0,0,1,1,1
0.0,0.5,0.0,0.5,0.09632459420719536,1,0,1,0,1,0
1.0,1.0,0.5,0.5,1.0,1,1,0,0,1,1
0.5,0.5,0.5,0.8139727265927015,0.9207883792435642,0,0,0,1,1,1
0.5,0.5,0.832970443177077,0.5,1.0,0,0,1,0,1,1
0.9818402571358636,1.0,0.5,0.5,1.0,1,1,0,0,1,1
0.5,1.0,0.5181208982506125,0.5,0.9859284108988924,0,1,1,0,1,1
1.0,0.5,0.8073335818240057,0.6371827526187303,0.5,1,0,1,1,0,1
0.5,0.7846788708255776,0.5,0.5,0.5,0,1,0,0,0,1
0.027638421486370274,0.5,0.010607378194570777,0.5,0.2087662400685196,1,0,1,0,1,0
0.5,0.5,0.5,0.8855335795874903,0.14698018260898063,0,0,0,1,1,0
0.0,0.1699893058212758,0.6532637040411768,0.5,0.0,1,1,1,0,1,0
0.06343382275494297,0.018004918826302133,0.3860817142061457,0.5,0.5,1,1,1,0,0,0
0.8754930709102885,0.898822648941193,0.5,0.8082377258387555,0.5,1,1,0,1,0,1
0.5,0.5,0.1490532952330435,0.5,0.5,0,0,1,0,0,0
0.008603667352332613,0.5,0.5,0.5,0.5,1,0,0,0,0,0
0.5,1.0,0.7308657975733073,0.842241557295453,0.5,0,1,1,1,0,1
0.5,0.5,0.0,0.5,0.02678215677505535,0,0,1,0,1,0
0.05801813558060357,0.5,0.0,0.5,0.15750963752309133,1,0,1,0,1,0
0.04015553513736579,0.5,0.5,0.5260714582337511,0.5,1,0,0,1,0,0
0.8796876873707713,0.5,0.5,0.5,0.5,1,0,0,0,0,1
1.0,0.5,0.47396272347062945,0.5,1.0,1,0,1,0,1,1
0.9167201258479131,0.5,0.6787427112905939,0.5,0.8836272534149352,1,0,1,0,1,1
0.5,0.5,0.5,0.5,0.0,0,0,0,0,1,0
0.0,0.01809987073007445,0.5,0.5173081707110229,0.0,1,1,0,1,1,0
0.5,0.5,0.5,0.5,1.0,0,0,0,0,1,1
0.5,0.5,0.5,0.5,0.9652314251908736,0,0,0,0,1,1
0.01808270586049768,0.5,0.5,0.5,0.5,1,0,0,0,0,0
0.0,0.5,0.11260534735714303,0.5,0.5,1,0,1,0,0,0
0.013378529542215096,0.5,0.22969188209655106,0.5,0.2619383485952764,1,0,1,0,1,0
0.5,0.0,0.22717257860732212,0.9345741526341519,0.0,0,1,1,1,1,0
0.5,0.5,0.5,0.5,0.22655777034809635,0,0,0,0,1,0
1.0,0.5,0.5,0.5,0.9287900020578724,1,0,0,0,1,1
0.0,0.19474860665820654,0.0,0.5,0.0,1,1,1,0,1,0
0.5,0.5,0.5,0.5,0.10171064138956334,0,0,0,0,1,0
0.02885953750021976,0.5,0.5,0.5,0.04218713745935973,1,0,0,0,1,0
0.0,0.09161895756142614,0.0,0.3955968518557759,0.0,1,1,1,1,1,0
0.0,0.5,0.5,0.5,0.18031916149705196,1,0,0,0,1,0
0.00196744503516158,0.5,0.5,0.6972351929885628,0.0,1,0,0,1,1,0
0.5,0.0,0.5,0.5,0.5,0,1,0,0,0,0
0.11451311742705009,0.0,0.5,0.5,0.5,1,1,0,0,0,0
0.5,0.5,0.5,0.5690290942274063,0.5,0,0,0,1,0,0
0.5,0.5,0.5,0.6635138639546669,0.5,0,0,0,1,0,0
0.5,0.0,0.5,0.5,0.5,0,1,0,0,0,0
0.5,0.5,0.5,0.5,0.9519872590513273,0,0,0,0,1,1
0.15419692418052047,0.0,0.5,0.5,0.06780363320632732,1,1,0,0,1,0
1.0,0.5,0.5,0.5,1.0,1,0,0,0,1,1
0.5,0.0,0.0,0.5,0.5,0,1,1,0,0,0
0.5,0.5,0.5,0.9457339207905072,0.5,0,0,0,1,0,1
1.0,0.9274337455688126,0.7344624087898936,0.5,0.5,1,1,1,0,0,1
0.019864569658959188,0.5,0.5,0.5,0.5,1,0,0,0,0,0
0.5,0.8638286216705258,0.5,0.8651579249299081,0.9359354352554434,0,1,0,1,1,1
0.5,0.5,0.5,0.19812391979714977,0.5,0,0,0,1,0,0
0.5,0.5,0.40773521554729497,0.7481714244681402,1.0,0,0,1,1,1,1
0.5,0.051851117554839295,0.5,0.5,0.5,0,1,0,0,0,0
0.0,0.0,0.5,0.5,0.5,1,1,0,0,0,0
0.5,0.5,0.0,0.5,0.5,0,0,1,0,0,0
0.5,0.8911123708010392,0.5,0.5,0.5,0,1,0,0,0,1
1.0,0.8719376691953322,0.5,0.5,0.7986610825384648,1,1,0,0,1,1
0.5,1.0,0.5,0.5,0.5,0,1,0,0,0,1
0.5,0.5,0.52244369612244,0.5,0.2321826956091781,0,0,1,0,1,0
0.5,0.5,0.5,0.5,1.0,0,0,0,0,1,1
0.0,0.5,0.5,0.5,0.5,1,0,0,0,0,0
0.8815369623270941,0.5,1.0,0.6615799671403064,0.5,1,0,1,1,0,1
0.7883632541280652,0.7469981483897111,0.5,0.5,0.9340088854127185,1,1,0,0,1,1
0.07429754856028173,0.0,0.23241276732862448,0.6708402400116219,0.5,1,1,1,1,0,0
0.05571282694981562,0.5,0.5,0.5,0.35877371450533846,1,0,0,0,1,0
0.5,0.5,0.5,0.5,0.1418162392772601,0,0,0,0,1,0
0.036975225416376524,0.5,0.5,0.7326609043460847,0.0,1,0,0,1,1,0
0.9458384128807013,0.5,0.5,0.5,0.5,1,0,0,0,0,1
0.5,0.5,0.25182222957511663,0.3894087308158352,0.07942557152452882,0,0,1,1,1,0
0.8853514521329011,0.5,0.5,0.6978129660764616,1.0,1,0,0,1,1,1
0.5,0.5,1.0,0.5,0.5,0,0,1,0,0,1
0.5,0.5,1.0,0.7313866885574252,1.0,0,0,1,1,1,1
0.5,0.5,0.5,0.5,0.019398787944000587,0,0,0,0,1,0
0.5,1.0,0.5,0.9375794642543653,0.5,0,1,0,1,0,1
0.012996819378428545,0.5,0.5,0.5,0.14446396308204804,1,0,0,0,1,0
0.5,0.5,1.0,0.5,1.0,0,0,1,0,1,1
0.5,0.0038608292191824505,0.5,0.6574214682659855,0.4247277630725494,0,1,0,1,1,0
0.0,0.5,0.2650562587573478,0.5,0.2590731988746437,1,0,1,0,1,0
0.0,0.5,0.5,0.5,0.5,1,0,0,0,0,0
0.014878419538932661,0.5,0.5,0.7300911212734016,0.5,1,0,0,1,0,0
0.5,0.03270132363403423,0.5,0.8474039768548325,0.22633282568061006,0,1,0,1,1,0
0.8515420080390032,0.5,0.5517590540421443,0.5,0.5,1,0,1,0,0,1
0.5,0.05200749466109447,0.5,0.5,0.09697601418707927,0,1,0,0,1,0
1.0,0.5,0.900461316541491,0.7984127008055691,0.5,1,0,1,1,0,1
0.5,0.9962328025590802,0.5,0.5,1.0,0,1,0,0,1,1
0.5,0.0,0.5,0.5,0.5,0,1,0,0,0,0
0.13584874272376624,0.043907132808402735,0.44764590627951667,0.7658651376666475,0.2111283938927088,1,1,1,1,1,0
0.8825430511896745,0.7760340562885093,0.5,0.5,0.5,1,1,0,0,0,1
0.9362736158594307,0.5,0.5,0.5,0.8382047466621847,1,0,0,0,1,1
0.9669862551303425,0.9970757342595353,0.5,0.5,1.0,1,1,0,0,1,1
1.0,0.9874616782703605,0.5,0.5,0.5,1,1,0,0,0,1
0.5,1.0,0.5,0.6953509800970314,1.0,0,1,0,1,1,1
0.5,0.5,0.3401162883302905,0.5,0.5,0,0,1,0,0,1
0.5,0.5,0.31775734416797,0.9131996677373677,0.3888454967020798,0,0,1,1,1,0
0.9297474072137096,1.0,0.5,0.5,0.5,1,1,0,0,0,1
0.5,1.0,0.5,0.5,0.9296325101518689,0,1,0,0,1,1
1.0,1.0,0.7963554660596515,0.5,0.5,1,1,1,0,0,1
0.5,0.5,0.5,0.5,0.1868312079743468,0,0,0,0,1,0
0.0,0.5,0.5,0.5,0.02686803030642465,1,0,0,0,1,0
0.9701561000566556,0.5,0.5,0.8025020022174838,0.5,1,0,0,1,0,1
0.5,0.04797317047558876,0.19458470450695597,0.7391667828308224,0.5,0,1,1,1,0,0
0.5,0.5,0.5,0.5,1.0,0,0,0,0,1,1
0.5,0.5,1.0,0.5,0.5,0,0,1,0,0,1
0.5,0.055171286996771596,0.5,0.5,0.2035205969193391,0,1,0,0,1,0
0.08069598789691818,0.5,0.5,0.5,0.30950198362282755,1,0,0,0,1,0
1.0,0.5,0.5,0.5,0.5,1,0,0,0,0,1
0.5,0.5,0.5,0.5,0.0,0,0,0,0,1,0
1.0,0.5,0.5,0.5,0.5,1,0,0,0,0,1
0.5,0.0,0.5,0.628341601451205,0.3213895939295259,0,1,0,1,1,0
0.0458556290448322,0.5,0.5,0.5,0.5,1,0,0,0,0,0
0.9955518191983599,0.7306856281003957,0.7036037186179341,0.5,0.5,1,1,1,0,0,1
0.955685882818219,0.5,0.5,0.5,0.5,1,0,0,0,0,1
1.0,0.5,0.7595646455192532,0.8638124207114538,0.5,1,0,1,1,0,1
0.5,0.5,0.3023384842008786,0.5,0.5,0,0,1,0,0,1
0.5,0.5,0.5,0.5,0.9074231149945104,0,0,0,0,1,1
1.0,0.5,0.5,0.5,0.5,1,0,0,0,0,1
1.0,0.5,0.5,0.5,0.5,1,0,0,0,0,1
0.0,0.5,0.5,0.5,0.5,1,0,0,0,0,0
0.011358425902645046,0.5,0.5,0.5,0.3192220523930163,1,0,0,0,1,0
0.0,0.5,0.5,0.4623674875219109,0.5,1,0,0,1,0,0
1.0,0.5,0.5,0.5,0.5,1,0,0,0,0,1
0.5,0.5,0.4770253210293085,0.5,0.954333443850969,0,0,1,0,1,1
0.5,0.5,0.5,0.5,1.0,0,0,0,0,1,1
0.05170195203107048,0.5,0.5,0.5,0.19223049264542574,1,0,0,0,1,0
0.5,0.5,1.0,0.5,0.5,0,0,1,0,0,0
1.0,0.9077237058597929,0.5,0.8735722028673893,0.9585487084979679,1,1,0,1,1,1
0.5,0.5,0.5,0.7290668078221642,0.25362026324280224,0,0,0,1,1,0
0.5,0.0,0.36777243422446637,0.5099053743071623,0.5,0,1,1,1,0,0
0.0,0.5,0.5,0.5,0.5,1,0,0,0,0,0
0.5,0.1487635739291337,0.0,0.5,0.5,0,1,1,0,0,0
0.5,0.15180177826448998,0.6519318365783104,0.5,0.5,0,1,1,0,0,0
0.5,1.0,0.5,0.5,0.5,0,1,0,0,0,1
0.9065882377159196,1.0,0.5,0.5,1.0,1,1,0,0,1,1
0.5,0.5,0.5,0.5,0.9222766028128659,0,0,0,0,1,1
0.1802420277224508,0.5,0.5,0.5,0.0,1,0,0,0,1,0
0.9642757842679801,0.7070596093404687,0.5,1.0,0.8681294114283686,1,1,0,1,1,1
0.06215865268300556,0.02607568103137383,0.5,0.6996793323921435,0.09115672105279389,1,1,0,1,1,0
0.5,0.020728188911958004,0.5,0.5,0.5,0,1,0,0,0,0
0.0,0.5,0.5,0.37547312599206817,0.18157117108576237,1,0,0,1,1,0
0.0423061206884773,0.5,0.5,0.5690479967861585,0.13483138039273637,1,0,0,1,1,0
0.5,0.5,1.0,0.5,0.8341357079128353,0,0,1,0,1,1
0.5,0.5,0.5,0.5,0.9324446926061224,0,0,0,0,1,1
0.5,0.0,0.09927876145554469,0.6342732348129274,0.3018709199030949,0,1,1,1,1,0
0.08167360313545716,0.5,0.5,1.0,0.5,1,0,0,1,0,0
1.0,1.0,0.5677420426287747,0.5,1.0,1,1,1,0,1,1
0.016146440990262974,0.5,0.5448613984213229,0.5,0.0,1,0,1,0,1,0
0.0,0.5,0.3003412293417311,0.5,0.12153687261973378,1,0,1,0,1,0
1.0,0.8497716560934576,0.5,0.9446877721075966,0.5,1,1,0,1,0,1
0.5,0.8716861758546153,0.5,0.5,0.9658558044200084,0,1,0,0,1,1
0.9686335259933465,0.5,0.947260333267854,0.5,0.9493388275354223,1,0,1,0,1,1
0.5,0.0,0.5,0.5,0.0,0,1,0,0,1,0
0.055979440554645175,0.5,0.5,0.8220154664079365,0.0197564438485723,1,0,0,1,1,0
0.5,0.5,0.0,0.5,0.5,0,0,1,0,0,0
0.5,0.5,0.5,0.9562348343733875,0.5,0,0,0,1,0,1
0.5,0.5,0.05240390196908995,0.5,0.5,0,0,1,0,0,0
0.0,0.5,0.5,0.5,0.3678002629202102,1,0,0,0,1,0
0.5,0.5,0.5,0.5,0.0,0,0,0,0,1,0
0.5,0.0117585934759761,0.11805043892923317,0.5,0.5,0,1,1,0,0,0
0.0,0.0,0.5,0.3349211038560954,0.5,1,1,0,1,0,0
0.5,0.5,0.5,0.6156794626623976,0.5,0,0,0,1,0,0
0.196192366974886,0.04134714706430898,0.5,0.5,0.5,1,1,0,0,0,0
0.5,0.5,0.0,0.5,0.0,0,0,1,0,1,0
0.0,0.09389229084029456,0.5,0.9029951433085431,0.0,1,1,0,1,1,0
0.0,0.5,0.5,0.8451980255612217,0.5,1,0,0,1,0,0
0.5,0.9058900917727776,0.7950681373004023,0.5,0.8846510609581467,0,1,1,0,1,1
1.0,0.9174548447314689,0.8952228387034207,0.5,0.7408404193537673,1,1,1,0,1,1
0.5,0.5,0.5,0.5,0.9943385287540079,0,0,0,0,1,1
0.5,1.0,0.5,0.5,0.8323104306938567,0,1,0,0,1,1
0.5,1.0,0.5,0.5,1.0,0,1,0,0,1,1
0.5,0.0,0.6974590038066115,0.5,0.5,0,1,1,0,0,0
0.09088433215774508,0.5,0.1963802760258152,0.5176146706381827,0.5,1,0,1,1,0,0
0.9381233634535104,0.5,0.918125148062836,1.0,0.5,1,0,1,1,0,1
1.0,0.9800943946970109,0.5,0.5,0.5,1,1,0,0,0,1
0.5,0.5,0.5,0.7544048484650684,0.5,0,0,0,1,0,1
0.937732012875995,0.7901440183721158,0.5,0.5,1.0,1,1,0,0,1,1
0.08448538232276051,0.5,0.5,0.5,0.5,1,0,0,0,0,0
0.04971810748214719,0.04104832220046698,0.5,0.5,0.5,1,1,0,0,0,0
0.839194200778827,0.5,0.5,0.5,0.5,1,0,0,0,0,1
0.9004468752410806,0.5,0.5,0.5,0.5,1,0,0,0,0,1
0.5,0.07431929913054994,0.5,0.7754777477510958,0.5,0,1,0,1,0,0
0.16006188594074575,0.0,0.5,0.34546470359264775,0.5,1,1,0,1,0,0
1.0,0.8501667283754375,0.5,0.9919960289353553,1.0,1,1,0,1,1,1
1.0,0.5,0.5,0.8446146459737301,0.9965802209235295,1,0,0,1,1,1
1.0,0.9219576339683737,0.5,0.7713527196624854,0.9705875492393132,1,1,0,1,1,1
0.5,0.5,0.5,0.5,0.9817615890020391,0,0,0,0,1,1
0.5,0.16125027660847474,0.5,0.5,0.0,0,1,0,0,1,0
0.5,0.5,0.6980251040763475,0.5,0.5,0,0,1,0,0,1
0.031811994323134696,0.5,0.5,0.43464088349151275,0.5,1,0,0,1,0,0
1.0,0.8225174054244002,0.5,0.9884020260942472,1.0,1,1,0,1,1,1
1.0,0.8342779015169078,0.5,0.5,0.5,1,1,0,0,0,1
0.1693678519590467,0.5,0.5,0.8882606018129587,0.0,1,0,0,1,1,0
0.5,0.5150258922093982,0.9841784639621103,0.5,0.5,0,1,1,0,0,1
0.5,0.5,0.0,0.5,0.5,0,0,1,0,0,0
0.5,0.5,0.5,0.5,0.9496897886211612,0,0,0,0,1,1
0.5,0.5,0.5,0.9865831114223746,0.5,0,0,0,1,0,1
0.5,0.5,0.5,0.5,0.956925991205187,0,0,0,0,1,1
0.0,0.5,0.40405352810750583,0.5,0.5,1,0,1,0,0,0
1.0,1.0,0.5,0.5,0.822512541142411,1,1,0,0,1,1
0.0,0.0,0.5,0.7687173367028434,0.5,1,1,0,1,0,0
0.5,0.5,0.5,0.882051787342205,0.5,0,0,0,1,0,1
1.0,0.5,0.5,0.9823123292112553,0.5,1,0,0,1,0,1
0.5,0.023290203663203866,0.5,0.5,0.5,0,1,0,0,0,0
0.5,0.5,0.0,0.45672505254618034,0.5,0,0,1,1,0,0
0.5,1.0,0.5,0.5,0.9346839111223628,0,1,0,0,1,1
0.5,0.2969357414666124,0.5,0.5,0.0,0,1,0,0,1,0
1.0,0.8798868625961953,0.8655903812557032,0.5,0.5,1,1,1,0,0,1
0.0,0.07526687632105711,0.5,0.5,0.5,1,1,0,0,0,0
0.5,0.5,0.5,0.8243065434804356,0.5,0,0,0,1,0,0
1.0,1.0,0.9879133278772966,1.0,1.0,1,1,1,1,1,1
0.5,1.0,0.5,0.9379575739608135,0.5,0,1,0,1,0,1
0.690047828195578,0.5,0.5,0.8684892915605602,0.5,1,0,0,1,0,1
0.0,0.5,0.5,0.5222344011581961,0.5,1,0,0,1,0,0
0.5,0.5,0.5,0.5,0.0,0,0,0,0,1,0
0.9604320509707596,0.5,0.5,0.8557500659433662,0.5,1,0,0,1,0,1
0.5,0.5,0.5,0.5,1.0,0,0,0,0,1,1
0.9491727406333228,0.802358734031138,0.5,0.5,0.5,1,1,0,0,0,1
0.8887213527812783,0.5,0.5,0.5,1.0,1,0,0,0,1,1
0.5,0.0,0.5,0.5,0.5,0,1,0,0,0,0
0.0,0.5,0.5,0.5332945781327587,0.5,1,0,0,1,0,0
0.5,1.0,0.5,0.5,0.9758747562274925,0,1,0,0,1,1
0.5,0.13809931787170543,0.5973148488613187,0.5,0.09193878771023406,0,1,1,0,1,0
0.5,0.912568253815207,0.5,0.5,0.957228124508496,0,1,0,0,1,1
0.5,0.5,0.0,0.6986828498450661,0.05852276225851179,0,0,1,1,1,0
0.5,0.5,0.5,0.7911932076866103,0.5,0,0,0,1,0,0
0.041265157180899015,0.5,0.5,0.5,0.0,1,0,0,0,1,0
0.9817451568341717,1.0,0.5,0.5,0.5,1,1,0,0,0,1
0.0,0.5,0.22956645406809523,0.9417732683532594,0.5,1,0,1,1,0,0
1.0,0.8210628647150202,0.5,0.5,0.5,1,1,0,0,0,1
0.5,1.0,1.0,0.5,1.0,0,1,1,0,1,1
0.8403220596186312,0.9743284717115669,0.5,0.5,0.9916348265035269,1,1,0,0,1,1
0.5,0.0,0.5,0.5259374116446079,0.1843175227105318,0,1,0,1,1,0
0.006499751331226461,0.14772740288887531,0.0,0.7830439274683626,0.08841884802588432,1,1,1,1,1,0
0.009508812306621409,0.5,0.5,0.5,0.5,1,0,0,0,0,0
0.0,0.5,0.5,0.5,0.011485670114975796,1,0,0,0,1,0
0.5,0.5,0.5,0.5,0.21208302284544076,0,0,0,0,1,0
0.5,0.09173036129501369,0.2076261206829789,0.7949640720137042,0.07951456852145741,0,1,1,1,1,0
0.5,0.5,0.5,0.5,0.13288639712946737,0,0,0,0,1,0
0.5,0.056525557426609946,0.5,0.5,0.5,0,1,0,0,0,0
0.5,0.5,0.5,0.6750756576172954,0.9891788219999851,0,0,0,1,1,1
0.0,0.5,0.5,0.5,0.0,1,0,0,0,1,0
0.9311436810545768,0.5,0.5,0.5,0.5,1,0,0,0,0,1
0.5,0.5,0.331980039704015,0.5,0.5,0,0,1,0,0,0
0.5,1.0,0.43566239912215776,0.733843214654077,0.5,0,1,1,1,0,1
0.5,0.055859905479348444,0.5,0.5,0.10509721239909231,0,1,0,0,1,0
0.0,0.5,0.5,0.5,0.5,1,0,0,0,0,0
0.0,0.5,0.5,0.5,0.0,1,0,0,0,1,0
0.5,0.5,0.5,0.5,1.0,0,0,0,0,1,1
0.0,0.5,0.5,0.5,0.0,1,0,0,0,1,0
0.05872040392253984,0.5,0.5,0.5,0.5,1,0,0,0,0,0
1.0,0.7777261049467077,0.5,0.8338741102739814,0.5,1,1,0,1,0,1
0.7454824246448073,1.0,0.9399288587454975,1.0,0.5,1,1,1,1,0,1
0.5,0.5,0.5,0.6020447192545582,0.5,0,0,0,1,0,1
0.5,0.9783436478506918,0.5,0.5,0.9751108627972761,0,1,0,0,1,1
0.0006960567682341191,0.05191398742143612,0.5,0.6411295337827537,0.4788455833019964,1,1,0,1,1,0
0.0,0.0,0.5,0.9046365730814434,0.0,1,1,0,1,1,0
1.0,0.7053459863722846,0.5,0.5,0.5,1,1,0,0,0,1
0.9431298971155836,0.9916326612438142,0.5,0.5,0.5,1,1,0,0,0,1
0.5,0.5,0.8774071081587969,0.5,0.5,0,0,1,0,0,1
0.5,0.8339311144931705,0.7167930686806068,0.5,1.0,0,1,1,0,1,1
0.5,0.0,0.5,0.4715652774185848,0.03639764205007209,0,1,0,1,1,0
0.0386661069634234,0.5,0.512399442098035,1.0,0.0,1,0,1,1,1,0
1.0,0.8410940049862002,0.7759815691179417,0.5,0.8824320243114431,1,1,1,0,1,1
0.5,0.5,0.639320737049138,0.5,0.5,0,0,1,0,0,1
0.9012643923361956,0.5,0.5,0.877831981007752,0.5,1,0,0,1,0,1
0.5,0.5,0.5,0.6577314145379533,0.0,0,0,0,1,1,0
0.5,0.5,0.8242333668105908,0.5,1.0,0,0,1,0,1,1
0.9579698716102569,0.5,0.5,0.5,1.0,1,0,0,0,1,1
0.5,1.0,0.5,0.97916063135292,0.5,0,1,0,1,0,1
0.5,0.5,0.5,0.7686392207220498,0.5,0,0,0,1,0,1
0.5,0.5,0.5,0.5,0.0,0,0,0,0,1,0
0.9160023693070267,0.7902884141706512,0.5,0.5,0.5,1,1,0,0,0,1
0.9201093674926261,0.5,0.5,0.5,0.5,1,0,0,0,0,1
0.5,0.05059554433992527,0.5,0.49449369946797816,0.3945287080164914,0,1,0,1,1,0
0.5,0.0,0.5,0.7129897987162391,0.5,0,1,0,1,0,0
0.061408046862780466,0.5,0.5,0.5764586742383326,0.019771437854189625,1,0,0,1,1,0
0.5,0.0029607650983662246,0.5,0.5,0.5,0,1,0,0,0,0
0.9761241459640851,0.5,0.5,0.5,0.5,1,0,0,0,0,1
0.11573915541547727,0.5,0.5,0.5,0.0,1,0,0,0,1,0
0.9266172739143738,1.0,0.5,0.5,0.9899634675504809,1,1,0,0,1,1
0.877904677432358,1.0,0.9812606851585718,0.5,0.5,1,1,1,0,0,1
0.5,1.0,0.5,0.5,0.5,0,1,0,0,0,1
0.5,0.0,0.5,0.5,0.0,0,1,0,0,1,0
0.9269702892142919,0.5,0.5,0.5,0.5,1,0,0,0,0,1
0.0,0.5,0.5,0.7757831630326271,0.5,1,0,0,1,0,0
0.5,0.5,0.0032266546937242957,0.5,0.5,0,0,1,0,0,0
0.0,0.5,0.5,0.5,0.11987562610683947,1,0,0,0,1,0
0.5,0.5,0.5,0.743253160579888,0.5,0,0,0,1,0,0
0.5,0.636980532008211,0.5,0.5,0.5,0,1,0,0,0,1
0.5,0.5,0.5189459115138162,0.5,0.5,0,0,1,0,0,1
0.9361197753799511,0.5,0.5,0.5,1.0,1,0,0,0,1,1
0.5,0.8892644397432853,0.5,0.5,0.5,0,1,0,0,0,1
0.0,0.08702360103780997,0.5,0.5,0.0,1,1,0,0,1,0
1.0,0.5,0.9199908522650995,0.5,1.0,1,0,1,0,1,1
0.0,0.04491153321428506,0.5,0.5,0.1374246100115287,1,1,0,0,1,0
0.07504394129565845,0.11828411540524615,0.5,0.5,0.1509194706640334,1,1,0,0,1,0
0.5,0.10663683727286007,0.2627958255420573,1.0,0.01707081554934583,0,1,1,1,1,0
0.9589559859481122,0.5,0.5188073952852504,1.0,0.5,1,0,1,1,0,1
0.5,0.5,0.5,0.5683555839186301,0.5,0,0,0,1,0,1
0.5,0.03624094108058015,0.5,0.8693978096505337,0.5,0,1,0,1,0,0
0.5,0.5,0.5,0.5553048019105136,0.5,0,0,0,1,0,0
1.0,1.0,0.5,0.8623832881311567,0.5,1,1,0,1,0,1
0.1064154316785931,0.5,0.5,0.5,0.0,1,0,0,0,1,0
1.0,0.8069376101213136,0.5,0.5,0.5,1,1,0,0,0,1
0.5,0.5,0.0,0.7574079584784007,0.5,0,0,1,1,0,0
0.5,0.5,0.5,0.5,0.9390588214324878,0,0,0,0,1,1
0.0,0.09330153789920202,0.5,0.5,0.5,1,1,0,0,0,0
0.05956662636920016,0.0,0.5,0.5,0.5,1,1,0,0,0,0
0.05000803710288429,0.5,0.5,0.4847398343170003,0.17249863879495309,1,0,0,1,1,0
0.5,0.5,0.5,0.5,1.0,0,0,0,0,1,1
0.5,0.9316111885131709,0.5,0.5,0.8885150210346278,0,1,0,0,1,1
0.0,0.08688969155647061,0.5,0.5,0.5,1,1,0,0,0,0
0.5,0.877445636005363,0.5,0.5,0.5,0,1,0,0,0,1
0.5,0.8422887575448923,0.5,0.7869954548713127,0.8677768067928167,0,1,0,1,1,1
0.5,0.9410807166370042,0.5,1.0,0.5,0,1,0,1,0,1
0.5,0.5,0.6685101820234285,0.5557692547975864,0.1517466804895852,0,0,1,1,1,0
0.0,0.0015492117113779773,0.5,0.5,0.0,1,1,0,0,1,0
1.0,0.5,0.7103177489813342,0.5,0.5,1,0,1,0,0,1
0.5,0.5,0.0,0.5,0.5,0,0,1,0,0,0
0.07798464538576565,0.0,0.13252551258044581,0.5,0.24743924894687694,1,1,1,0,1,0
0.5,1.0,0.5,0.5,0.9382371948748166,0,1,0,0,1,1
0.8920161739722738,0.5,0.4805784976101458,0.5,0.5,1,0,1,0,0,1
0.5,0.5,0.5,0.5,0.9856234999632871,0,0,0,0,1,1
0.5,0.8764510525551512,0.5,0.7965835140490924,0.5,0,1,0,1,0,1
0.5,0.9415731977697622,0.9271530863284361,0.5,0.5,0,1,1,0,0,1
0.5,0.5,0.5,0.5,1.0,0,0,0,0,1,1
0.0,0.5,0.09646521978367234,0.4293473205483889,0.5,1,0,1,1,0,0
1.0,0.5,0.5090416341763477,0.5,0.5,1,0,1,0,0,1
0.05037651096395229,0.0,0.12217288141635342,0.5,0.0,1,1,1,0,1,0
0.5,0.7269455884244327,0.5,0.5,0.5,0,1,0,0,0,1
0.9094539490480917,0.5,0.5,0.5,0.5,1,0,0,0,0,1
0.8919010429945271,1.0,0.5,0.5,1.0,1,1,0,0,1,1
0.0,0.5,0.5,1.0,0.5,1,0,0,1,0,0
0.01750420202713842,0.0,0.12066959471892261,0.8382885531743767,0.5,1,1,1,1,0,0
0.5,0.5,0.0,0.5,0.0,0,0,1,0,1,0
1.0,0.9721731380049816,0.5,0.7785387158178048,0.5,1,1,0,1,0,1
0.8875799511052461,1.0,0.7183951448660639,0.8147360708287456,0.5,1,1,1,1,0,1
0.10425053104328477,0.17946856146969642,0.5,0.5,0.5,1,1,0,0,0,0
0.22042583180815414,0.017863823691904257,0.5,0.5,0.20256145412554769,1,1,0,0,1,0
0.0,0.0,0.5,0.5,0.5,1,1,0,0,0,0
0.5,1.0,0.5,0.5,0.948981017815701,0,1,0,0,1,1
0.5,1.0,0.5,0.5,0.8897655162725359,0,1,0,0,1,1
0.7978836746799537,0.9661070974299544,0.5,0.5,0.5,1,1,0,0,0,1
0.980517453909131,0.5,0.5,0.5,0.9997468742217217,1,0,0,0,1,1
0.0,0.5,0.5,0.5,0.5,1,0,0,0,0,0
0.028715166358283625,0.5,0.5,0.6867572871054352,0.5,1,0,0,1,0,0
0.01919607664905864,0.0,0.5,0.5,0.0,1,1,0,0,1,0
0.5,0.5,0.5,0.5,0.0,0,0,0,0,1,0
0.016117560088250927,0.0,0.06982185990856099,0.6034641120633869,0.0,1,1,1,1,1,0
0.5,0.0,0.5,0.5,0.18253733256001287,0,1,0,0,1,0
0.5,0.5,0.0,0.8201644050077439,0.5,0,0,1,1,0,0
0.04931734654297065,0.0,0.5,0.6265254955150859,0.5,1,1,0,1,0,0
0.5,1.0,0.6944020179450381,0.5,0.5,0,1,1,0,0,1
0.8131446989834428,0.9594626227180898,0.6974732753785199,0.8785370549729514,0.5,1,1,1,1,0,1
0.5,0.5,0.5,0.5,0.9586165176225881,0,0,0,0,1,1
0.022054898480109317,0.5,0.5,0.5,0.16932728302992206,1,0,0,0,1,0
0.015908000304066736,0.0,0.7366716149796138,0.5,0.5,1,1,1,0,0,0
0.5,0.04307953873059479,0.37046000343257146,0.5,0.09195982692351137,0,1,1,0,1,0
1.0,0.7697195732298255,0.5,0.5,0.5,1,1,0,0,0,1
0.9207361464322693,0.5,0.5,0.5,0.5,1,0,0,0,0,1
0.5,0.0,0.5,0.5,0.5,0,1,0,0,0,0
0.5,0.0,0.5,0.5,0.5,0,1,0,0,0,0
0.14205762928741328,0.2266417486887241,0.5,0.5,0.031322448545442194,1,1,0,0,1,0
0.0,0.5,0.5,0.5,0.0,1,0,0,0,1,0
0.5,0.5,0.5,0.8184010959498219,0.5,0,0,0,1,0,0
0.5,0.5,0.34685444440409285,0.39767719981072847,0.0,0,0,1,1,1,0
0.09663590336127031,0.0985602665325545,0.12273010031156721,0.5,0.5184115753218481,1,1,1,0,1,0
0.5,0.5,0.7821221372743689,0.5,0.5,0,0,1,0,0,1
0.5,0.5,1.0,0.5,0.9881663746755209,0,0,1,0,1,1
0.0,0.5,0.10726119427203201,0.5,0.5,1,0,1,0,0,0
0.5,0.08164174663115126,0.0,0.7402537066376481,0.5,0,1,1,1,0,0
0.0,0.5,0.5458430091296047,0.5,0.5,1,0,1,0,0,0
1.0,1.0,0.7892837080805584,0.5,0.967498507840257,1,1,1,0,1,1
0.005573554386865588,0.5,0.5,0.40573265590601626,0.5,1,0,0,1,0,0
1.0,0.5,0.5,0.5,1.0,1,0,0,0,1,1
0.5,0.5,0.0,0.8684917682416484,0.5,0,0,1,1,0,0
0.5,0.5,0.5,0.7734520993498445,0.5,0,0,0,1,0,0
0.9983613862504837,0.5,0.5,0.9201797086060244,1.0,1,0,0,1,1,1
0.5,0.5,0.14287714052626893,0.5,0.5,0,0,1,0,0,0
0.8838824491974264,1.0,0.5,0.5,0.5,1,1,0,0,0,1
0.07824016418040089,0.5,0.18738891078040132,0.5950861764426518,0.5,1,0,1,1,0,0
0.03165149857047791,0.5,0.5,0.6169206335877915,0.0,1,0,0,1,1,0
1.0,0.5,0.5,0.5,0.5,1,0,0,0,0,1
0.5,0.5,0.9832468978029801,0.5,0.5,0,0,1,0,0,1
0.5,1.0,0.5,0.5,1.0,0,1,0,0,1,1
0.9006184498613674,0.5,0.5,1.0,0.5,1,0,0,1,0,1
0.1777341420093913,0.5,0.5,0.5,0.0,1,0,0,0,1,0
0.5,0.5,0.5,0.5370317827236505,0.1591644477081677,0,0,0,1,1,0
0.0,0.5,0.013030603994911072,0.5,0.06796782753562693,1,0,1,0,1,0
0.016687839139947973,0.5,0.0,1.0,0.13538380600422942,1,0,1,1,1,0
0.5,0.5,0.797731214269983,0.799515368248827,0.5,0,0,1,1,0,1
0.5,0.0,0.5,0.5,0.5,0,1,0,0,0,0
0.09839449577604206,0.5,0.3559346020302264,0.5,0.07187934127376916,1,0,1,0,1,0
0.8888843539371871,1.0,0.5,0.5,0.5,1,1,0,0,0,1
1.0,0.5,0.9340550607647808,0.5,1.0,1,0,1,0,1,1
0.5,0.5,0.7969885594716111,0.8274492425213464,0.5,0,0,1,1,0,1
0.5,0.0251598944128837,0.5,0.5672555350156897,0.5,0,1,0,1,0,0
0.5,1.0,0.5,0.5,0.5,0,1,0,0,0,1
0.5,0.06800377499368322,0.013149789819423413,0.5,0.004553501948896678,0,1,1,0,1,0
1.0,0.5,0.5,0.5,0.5,1,0,0,0,0,1
0.9679952023163115,1.0,0.9303976107969243,0.7800179648913865,0.5,1,1,1,1,0,1
0.0,0.0,0.187730496902249,0.5,0.12245712622552132,1,1,1,0,1,0
0.5,0.0,0.5,0.5,0.5,0,1,0,0,0,0
0.5,0.10017755085741167,0.5,0.6923573942359603,0.5,0,1,0,1,0,0
0.5,0.5,0.58289942336648,0.8391859582013094,0.1830770771943297,0,0,1,1,1,0
0.5,0.006644725446212587,0.5,0.5,0.5,0,1,0,0,0,0
0.006589402267423895,0.5,0.5,0.5,0.5,1,0,0,0,0,0
0.5,0.5,0.5,0.6250176254680874,0.0759018881573181,0,0,0,1,1,0
0.5,0.5,0.5,0.5,0.07772221090396898,0,0,0,0,1,0
0.5,0.5,0.5797459983826606,0.5,0.5,0,0,1,0,0,1
0.07349365399814742,0.5,0.1288896793597924,0.5,0.10086933182027796,1,0,1,0,1,0
0.5,0.5,0.1100762128337663,0.5302139963265328,0.048123510152309486,0,0,1,1,1,0
0.036802594551619175,0.5,0.5,0.5,0.0,1,0,0,0,1,0
0.8906989017568422,1.0,0.5,0.5,0.5,1,1,0,0,0,1
0.5,0.03898823782166359,0.5,0.9252260716223807,0.5,0,1,0,1,0,0
0.5,0.5,0.5,0.7837527499635383,0.5,0,0,0,1,0,1
0.5,0.5,0.0,0.5,0.0,0,0,1,0,1,0
0.11566526330322777,0.14880517901185225,0.12447348169388546,0.7748982192724987,0.5,1,1,1,1,0,0
0.5,0.5,0.5,0.5,0.28666316193418145,0,0,0,0,1,0
0.5,0.5,0.5,0.6337683762971988,1.0,0,0,0,1,1,1
0.5,0.5,0.5,0.5,0.07332939176408376,0,0,0,0,1,0
0.8992459602814321,0.5,0.5,1.0,0.933794630002182,1,0,0,1,1,1
0.033595856271267904,0.006179423303916076,0.5482339154101532,0.5,0.5,1,1,1,0,0,0
0.5,0.5,0.5055393677176514,0.5,0.5,0,0,1,0,0,0
0.8021635977119993,1.0,0.5,0.7578059303357059,0.5,1,1,0,1,0,1
0.032031687626320846,0.5,0.5,0.5,0.5,1,0,0,0,0,0
0.0,0.5,0.5,0.8647786899326291,0.12352163861096743,1,0,0,1,1,0
0.11581149904281934,0.5,0.5,0.5,0.5,1,0,0,0,0,0
1.0,0.5,0.5,0.5,0.5,1,0,0,0,0,1
0.0,0.0,0.5,0.5,0.5,1,1,0,0,0,0
0.8226173706778985,1.0,0.5,0.5,0.5,1,1,0,0,0,1
0.10434003631960997,0.5,0.5,0.5,0.0,1,0,0,0,1,0
0.5,0.5,0.5,0.753349052914044,0.5,0,0,0,1,0,1
0.9692865098705613,0.5,0.5,0.5,0.9664568158450582,1,0,0,0,1,1
1.0,0.9935624170701134,0.5,0.5,0.5,1,1,0,0,0,1
0.5,1.0,0.6361764558863283,0.8663046004527499,0.5,0,1,1,1,0,1
0.07760679218846261,0.5,0.5,0.8512597044250716,0.2200184055679948,1,0,0,1,1,0
0.8184897348988278,0.5,0.5,0.8676455615491935,1.0,1,0,0,1,1,1
0.5,0.5,0.5,0.7106440780745337,0.5,0,0,0,1,0,0
0.5,0.0,0.5,0.5,0.5,0,1,0,0,0,0
0.5,1.0,0.5,0.8656352059092529,1.0,0,1,0,1,1,1
0.5,0.5,0.5,0.5,0.08675667943898135,0,0,0,0,1,0
0.0,0.5,0.5,0.5,0.2910047160662453,1,0,0,0,1,0
0.9014196475833414,0.9837938140523222,0.7392708130183215,0.5,0.5,1,1,1,0,0,1
1.0,0.5990458522033477,0.5,0.96553852341918,0.5,1,1,0,1,0,1
0.14406731254019156,0.5,0.5,0.5,0.5,1,0,0,0,0,0
0.5,0.5,0.5,0.8502345534439765,0.5,0,0,0,1,0,1
0.8814894165182254,1.0,0.7425499999133698,0.5,0.5,1,1,1,0,0,1
1.0,0.9431551343692748,0.5,0.5,0.851386450242041,1,1,0,0,1,1
0.10509522715801917,0.0,0.5,0.8804317630635923,0.045061900651088393,1,1,0,1,1,0
0.1219748302425511,0.5,0.5,0.528831739707588,0.5,1,0,0,1,0,0
0.5,0.5,0.5,0.5,0.9810297122890351,0,0,0,0,1,1
0.5,0.006607135422962421,0.6377297046558974,0.5,0.1692635913280589,0,1,1,0,1,0
0.06290511985084911,0.11107457800078334,0.5,0.958229887013622,0.0,1,1,0,1,1,0
0.9096331030084802,0.8476258303792986,0.5,0.5,0.5,1,1,0,0,0,1
0.5,0.5,0.4419817545643331,0.5,0.2386404268172819,0,0,1,0,1,0
0.10143731500712352,0.5,0.5,0.5,0.1966170526290914,1,0,0,0,1,0
1.0,0.5,0.5,1.0,1.0,1,0,0,1,1,1
0.016371203102922376,0.5,0.5,0.6914465521648712,0.5,1,0,0,1,0,0
0.5,0.9580567318208182,0.5,0.5,0.5,0,1,0,0,0,1
0.9264021286296968,0.5,0.5,0.5,0.9005296022581721,1,0,0,0,1,1
0.5,0.8900276391121741,0.5,0.5,0.5,0,1,0,0,0,1
0.5,1.0,0.5,0.5,0.5,0,1,0,0,0,1
0.8909780571859497,1.0,1.0,0.7590979203747437,0.5,1,1,1,1,0,1
0.0,0.0,0.5,0.5,0.16460345345707547,1,1,0,0,1,0
0.5,1.0,0.5,0.5,0.5,0,1,0,0,0,1
0.5,0.5,0.5,0.5,0.15239964872401052,0,0,0,0,1,0
1.0,0.9415856489217277,0.5,0.5,0.7799967449053294,1,1,0,0,1,1
0.5,0.5,0.5,0.5,0.16820725200419487,0,0,0,0,1,0
0.5,0.5,0.5,0.5,0.0,0,0,0,0,1,0
0.06745639651232208,0.5,0.0,1.0,0.5,1,0,1,1,0,0
0.5,1.0,0.5,0.9290278356373557,0.5,0,1,0,1,0,1
0.5,0.5,0.5,0.5,0.04370680100417546,0,0,0,0,1,0
0.5,0.5,0.5808726891670917,0.5,0.5,0,0,1,0,0,0
0.08137248363690422,0.5,0.5,0.6402339444523384,0.2594956230198488,1,0,0,1,1,0
0.5,0.5,0.10987117764813684,0.8526293893188435,0.5,0,0,1,1,0,0
0.5,0.5,0.5,0.8331722245427462,0.5,0,0,0,1,0,1
1.0,0.8849924980961431,0.5301583674398569,0.5,0.5,1,1,1,0,0,1
0.7882396138947987,0.5,0.7164039004350211,0.5,0.9763975028826251,1,0,1,0,1,1
0.0,0.09045999778956779,0.5,0.5,0.2198843056266853,1,1,0,0,1,0
0.0,0.5,0.5,0.5,0.5,1,0,0,0,0,0
0.5,0.5,0.0,0.5663237542550501,0.100350951442613,0,0,1,1,1,0
0.5,0.704239452677324,0.5,0.5,1.0,0,1,0,0,1,1
0.5,0.044274324429105685,0.5409590154308452,0.5,0.5,0,1,1,0,0,0
0.5,1.0,0.5,0.5,0.5,0,1,0,0,0,1
0.5,0.5,0.5,0.5,0.0,0,0,0,0,1,0
1.0,0.861392136539436,0.5,0.5,0.5,1,1,0,0,0,1
0.5,1.0,0.5,0.9235128071093157,0.5,0,1,0,1,0,1
0.5,0.5,0.7948532079111433,0.5,0.5,0,0,1,0,0,0
0.9692885169422484,0.5,0.5,1.0,0.5,1,0,0,1,0,1
0.0,0.0,0.2753550913566437,0.5322560874216187,0.0,1,1,1,1,1,0
0.07513024520880801,0.05538769389509365,0.17718201053472124,0.5,0.5,1,1,1,0,0,0
0.13143023578026033,0.5,0.5,0.5,0.0,1,0,0,0,1,0
0.0,0.03783331087384614,0.21146640210588996,0.5,0.5,1,1,1,0,0,0
0.12502054519996053,0.10723667464917552,0.5,0.5,0.5,1,1,0,0,0,0
0.5,0.5,0.939938406034422,0.9901085461804392,0.9599969853421104,0,0,1,1,1,1
0.5,0.5,0.5,0.9269104276468149,0.0,0,0,0,1,1,0
0.5,0.17990366157115506,0.7808885663218564,0.5,0.5,0,1,1,0,0,0
1.0,0.5,0.5,0.5,1.0,1,0,0,0,1,1
0.5,0.5,0.5,0.5,0.20836366565148892,0,0,0,0,1,0
0.5,1.0,0.5,0.9467696879863775,0.8983405145569698,0,1,0,1,1,1
1.0,0.9302822537083016,0.5,0.6696460104227218,0.9626499943928624,1,1,0,1,1,1
0.023804041429329667,0.09769112389993316,0.04675315287574178,0.5,0.13908674634604515,1,1,1,0,1,0
0.5,0.05916929921405579,0.5,1.0,0.14666598479868737,0,1,0,1,1,0
0.5,0.5,0.7406684861313783,0.5,0.5,0,0,1,0,0,1
0.19477258637457914,0.5,0.5,0.5,0.0,1,0,0,0,1,0
0.11175506326661644,0.5,0.5,0.5,0.0,1,0,0,0,1,0
0.5,0.5,0.0,0.538943723262755,0.15929991104554825,0,0,1,1,1,0
0.5,0.5,0.5,0.5,0.0,0,0,0,0,1,0
0.5,0.0,0.5,0.5,0.26306904315238927,0,1,0,0,1,0
0.042004513879328784,0.03155180478748702,0.5953902429271405,0.5,0.5,1,1,1,0,0,0
0.049891890736626074,0.5,0.5,0.5,0.0,1,0,0,0,1,0
0.5,0.11717402730618559,0.5,0.5,0.0,0,1,0,0,1,0
1.0,0.6841865854831828,0.5,0.5,0.5,1,1,0,0,0,1
0.13132127938454186,0.5,0.18542490410190762,0.5,0.5,1,0,1,0,0,0
0.5,0.5,0.5,0.7875537997670193,0.7491305518558651,0,0,0,1,1,1
0.0,0.07675237354261982,0.0,0.5,0.5,1,1,1,0,0,0
0.0,0.5,0.28357074726446674,0.5,0.5,1,0,1,0,0,0
0.9574439137171736,0.5,0.5,0.864780753614076,0.9720695855182986,1,0,0,1,1,1
0.5,0.9916609571441919,0.5,0.5,0.5,0,1,0,0,0,1
0.0,0.054540300257776106,0.3218856746115828,0.8385756172504418,0.5,1,1,1,1,0,0
1.0,0.5,0.5,0.5,0.5,1,0,0,0,0,1
0.5,0.5,0.5,0.5,0.14064064909236088,0,0,0,0,1,0
0.5,0.5,0.5,0.671425162468853,1.0,0,0,0,1,1,1
0.923427457126201,0.5,0.9471894548568033,0.8295814433608804,1.0,1,0,1,1,1,1
0.5,0.015970907949254834,0.5,0.5,0.5,0,1,0,0,0,0
0.046799272173150684,0.0,0.5,0.8527134427550563,0.0,1,1,0,1,1,0
0.9058836648473811,0.5,0.5,0.5,0.5,1,0,0,0,0,1
0.10806610867280753,0.16737305957583504,0.33133790435510685,0.5,0.24210203106813447,1,1,1,0,1,0
1.0,0.5,1.0,0.5,0.9745688946731036,1,0,1,0,1,1
0.5,0.5,0.5844893343706873,0.5,0.8752351279127775,0,0,1,0,1,1
0.07221230906112922,0.5,0.021605879378765708,0.64808558596555,0.0,1,0,1,1,1,0
1.0,0.5,0.5,0.5,1.0,1,0,0,0,1,1
0.0,0.1189797893108861,0.5,0.5,0.0,1,1,0,0,1,0
0.0,0.5,0.5,0.5,0.0,1,0,0,0,1,0
0.006386951863326018,0.0110514495318037,0.5,0.5,0.5,1,1,0,0,0,0
0.05029582927549434,0.0,0.5,0.5,0.0,1,1,0,0,1,0
0.5,0.020627152447970233,0.3431861438972128,0.5824437560820683,0.5,0,1,1,1,0,0
0.006775233133539015,0.0,0.5,0.5,0.0,1,1,0,0,1,0
0.828610542237564,1.0,0.5,0.5,0.9909365357987031,1,1,0,0,1,1
0.0,0.5,0.5,0.5,0.5,1,0,0,0,0,0
0.15284380675671103,0.5,0.0,0.5680559726642387,0.0,1,0,1,1,1,0
0.0,0.5,0.5,0.5,0.5,1,0,0,0,0,0
0.0,0.5,0.22055432800029282,0.5,0.5,1,0,1,0,0,0
0.5,0.5,0.5,0.555798738946929,0.5,0,0,0,1,0,0
0.5,0.5,0.22224936743381402,0.864674879625123,0.0016784175466304369,0,0,1,1,1,0
0.07324323016500328,0.5,0.5,0.5,0.5,1,0,0,0,0,0
0.1440891293429682,0.5,0.5,0.5,0.5,1,0,0,0,0,0
0.9658281440719538,1.0,0.5563646568894549,0.8844612676463445,0.5,1,1,1,1,0,1
0.5,0.5,0.0,0.5,0.5,0,0,1,0,0,0
0.008630158051796129,0.017143375210792518,0.0,0.5,0.5,1,1,1,0,0,0
0.0,0.5,0.5,0.5759819006023212,0.5,1,0,0,1,0,0
0.9291325103756887,0.5,0.6657285932981972,0.5,1.0,1,0,1,0,1,1
0.5,0.051632915088174976,0.5,0.5,0.5,0,1,0,0,0,0
0.9503780145321996,0.9832150922915877,0.5,0.5,1.0,1,1,0,0,1,1
0.5,0.6897318922296212,0.8474434376389917,0.9480067399641485,0.7507502877812033,0,1,1,1,1,1
0.0,0.5,0.5,0.5,0.5,1,0,0,0,0,0
1.0,0.5,0.9932565576747676,1.0,0.5,1,0,1,1,0,1
0.1639107827022987,0.5,0.5,0.5,0.5,1,0,0,0,0,0
0.5,0.5,0.5,0.43485365145877075,0.5,0,0,0,1,0,0
0.7366430695251274,1.0,0.5,1.0,0.5,1,1,0,1,0,1
1.0,0.996806233703394,0.5,0.5,1.0,1,1,0,0,1,1
0.5,0.5,0.5,0.5,0.011177037516835103,0,0,0,0,1,0
0.5,0.0,0.0,1.0,0.5,0,1,1,1,0,0
0.08070922405072631,0.0,0.2753011928536248,0.7542528932927732,0.5,1,1,1,1,0,0
0.0,0.0,0.3553063339657061,0.5,0.3726802514793195,1,1,1,0,1,0
0.5,0.5,1.0,0.9339822234462021,0.5,0,0,1,1,0,1
0.1495830075761486,0.050840977576376456,0.5,0.5,0.5,1,1,0,0,0,0
0.9069584276930194,0.9702350119134092,0.5,0.5,0.8392938379394707,1,1,0,0,1,1
0.5,1.0,0.5,0.8649565026405304,1.0,0,1,0,1,1,1
1.0,0.5,0.5,0.5,0.9757423855927327,1,0,0,0,1,1
0.9927725397548721,1.0,0.5,0.5,1.0,1,1,0,0,1,1
0.12935716853772602,0.5,0.5,0.7610260283965494,0.0,1,0,0,1,1,0
0.0389633476830713,0.5,0.0,0.5,0.5,1,0,1,0,0,0
0.0,0.5,0.5,0.5,0.0,1,0,0,0,1,0
0.5,0.0,0.5,0.6885232762820425,0.17637238390755708,0,1,0,1,1,0
0.5,0.5,0.5,0.43752302697278567,0.09845200738934476,0,0,0,1,1,0
0.5,0.5,0.5,1.0,0.5,0,0,0,1,0,0
0.5,0.5,0.5,0.42251546499897213,0.5,0,0,0,1,0,0
0.5,0.5,0.0,0.5,0.08041134672845691,0,0,1,0,1,0
0.04990977088032052,0.093349960144215,0.5,0.5,0.5,1,1,0,0,0,0
0.5,0.5,0.5,0.8968645690208981,0.5,0,0,0,1,0,1
0.066251627219164,0.1258409202690784,0.23288267806853163,0.5,0.5,1,1,1,0,0,0
1.0,0.5,0.5,0.5,1.0,1,0,0,0,1,1
0.0,0.5,0.024324917221083098,0.863317629105487,0.330590100049866,1,0,1,1,1,0
0.5,1.0,0.5,0.5,0.5,0,1,0,0,0,1
1.0,0.8468478472215393,0.5,0.913898074881888,0.9704130554283347,1,1,0,1,1,1
0.5,0.5,0.5,0.6522761431563915,0.0,0,0,0,1,1,0
0.9257428840018522,0.5,0.6584995865322674,0.5,0.5,1,0,1,0,0,1
0.002247263621243995,0.0,0.44764483611073236,0.5,0.18993082753700413,1,1,1,0,1,0
0.5,0.025967817929965942,0.5,0.5,0.5,0,1,0,0,0,0
0.5,0.5,0.5,0.9422656346451925,0.5,0,0,0,1,0,1
0.5,0.13241385763992697,0.5,0.5,0.5,0,1,0,0,0,0
0.0,0.1113349121581727,0.5,0.560414159450808,0.5,1,1,0,1,0,0
0.02846112331116163,0.5,0.6680245481815641,0.5,0.5,1,0,1,0,0,0
0.5,0.0,0.5,0.5,0.5,0,1,0,0,0,0
0.0,0.0,0.5,0.5,0.5,1,1,0,0,0,0
0.9736769276201156,0.9463590212515696,0.5,0.5,0.5,1,1,0,0,0,1
0.0984695314792596,0.028239417240990036,0.5,0.5,0.1958541509986027,1,1,0,0,1,0
0.025012688292645913,0.5,0.5,0.5,0.5,1,0,0,0,0,0
0.7745739552808198,0.6924229182310531,0.981687968649336,0.5,0.8542098862192101,1,1,1,0,1,1
0.5,0.5,0.5,0.5,0.11699050679212988,0,0,0,0,1,0
0.5,0.0,0.1285612374633332,1.0,0.5,0,1,1,1,0,0
0.017216584539660407,0.5,0.5,0.5,0.5,1,0,0,0,0,0
0.5,0.05212613926507224,0.24164738146220488,0.5,0.5,0,1,1,0,0,0
0.5,0.0,0.0,0.7639471383490327,0.040403926108651275,0,1,1,1,1,0
0.5,0.20039445523252075,0.0923133601238343,0.5,0.5,0,1,1,0,0,0
0.5,0.0,0.5,0.5,0.0,0,1,0,0,1,0
0.5,0.0,0.5,0.6378060820624049,0.0,0,1,0,1,1,0
0.9235050663289567,0.5,0.5,0.9782219795540019,1.0,1,0,0,1,1,1
0.5,0.0,0.5,0.5,0.5,0,1,0,0,0,0
0.9107468330305147,1.0,0.5,0.5,0.9655781537965328,1,1,0,0,1,1
0.5,0.5,0.3335778401182232,0.5,0.0,0,0,1,0,1,0
0.9964336009634008,1.0,0.5,0.5,0.5,1,1,0,0,0,1
0.5,1.0,0.5,0.5,0.5,0,1,0,0,0,1
0.018686742446133622,0.5,0.5,0.7355664554782347,0.5,1,0,0,1,0,0
0.13953868968705252,0.0,0.5,0.7695200518178749,0.5,1,1,0,1,0,0
0.0,0.012472569605413705,0.0,0.5,0.14577687456361776,1,1,1,0,1,0
1.0,1.0,0.5,0.7144999362482971,0.9968015244271763,1,1,0,1,1,1
1.0,1.0,0.5,0.5,1.0,1,1,0,0,1,1
0.10456741720649765,0.0,0.5,0.7098878836995735,0.040016101010678894,1,1,0,1,1,0
0.5,0.964815848630606,0.5,0.5,0.5,0,1,0,0,0,1
0.5,0.5,0.5,0.5674103304991504,0.5,0,0,0,1,0,0
0.5,0.5,0.5,0.5,0.0,0,0,0,0,1,0
0.5,0.5,0.5,0.5,1.0,0,0,0,0,1,1
0.5,0.19008822408941517,0.3589732388553318,0.5905590455346432,0.12589984219821143,0,1,1,1,1,0
0.5,0.5,0.5,0.6729138200984294,0.5,0,0,0,1,0,0
0.054506854277107414,0.5,0.5,0.7120547946565383,0.13309426907660712,1,0,0,1,1,0
0.5,0.5,0.5,1.0,0.5,0,0,0,1,0,1
0.0,0.06216345279712395,0.5,0.5,0.5,1,1,0,0,0,0
1.0,0.5,0.5,0.5,0.5,1,0,0,0,0,1
1.0,0.7988091089666374,0.5,0.5,0.7624219535966437,1,1,0,0,1,1
0.01582362890950632,0.0,0.5,0.8309722085782516,0.1848545697095811,1,1,0,1,1,0
0.5,0.5,0.5,0.6222782775402388,1.0,0,0,0,1,1,1
0.5,0.0,0.5,0.5,0.5,0,1,0,0,0,0
0.5,0.13038745621380765,0.5,0.5,0.5,0,1,0,0,0,0
0.0,0.10321840846035533,0.5,0.8693855953322888,0.14980240236678782,1,1,0,1,1,0
0.9893976573193873,1.0,0.5,0.5,0.5,1,1,0,0,0,1
0.5,0.5,0.5,0.5,0.14796238457503344,0,0,0,0,1,0
0.751709945165203,0.9701255463689923,0.5,0.5,1.0,1,1,0,0,1,1
0.5,0.049915763463403054,0.5,0.5,0.5,0,1,0,0,0,0
0.5,0.5,0.0,0.5899273907653866,0.5,0,0,1,1,0,0
0.0257564686532477,0.02876256497138041,0.0,0.7825437622150868,0.5,1,1,1,1,0,0
0.024939499541931295,0.5,0.5,0.5,0.5,1,0,0,0,0,0
0.7909671955148985,0.7227294369560924,0.5,0.9035685176574708,0.5,1,1,0,1,0,1
1.0,1.0,0.5,0.5,0.5,1,1,0,0,0,1
0.5,0.5,0.5,0.5,0.0,0,0,0,0,1,0
0.5,1.0,0.5,0.5,0.5,0,1,0,0,0,1
0.5,0.5,0.5,0.5,0.12006222972694827,0,0,0,0,1,0
0.5,1.0,0.5,0.5218670866392257,0.987291354392551,0,1,0,1,1,1
0.09190592424888075,0.5,0.0,0.5,0.0,1,0,1,0,1,0
0.5,1.0,0.5,0.8749572031652882,0.9542852459365994,0,1,0,1,1,1
0.06062686029209233,0.5,0.5,0.5,0.5,1,0,0,0,0,0
0.5,0.0,0.5,0.5,0.0,0,1,0,0,1,0
0.06368799687669943,0.5,0.2001098541031206,1.0,0.1245278266924594,1,0,1,1,1,0
0.0040477615825861655,0.5,0.5,0.5,0.5,1,0,0,0,0,0
0.5,0.07013220377050101,0.5,0.5,0.2549023338644996,0,1,0,0,1,0
0.5,0.05066399534400227,0.5,0.5,0.5,0,1,0,0,0,0
0.1492669651752642,0.5,0.18009184505926268,0.7886227068264434,0.29889101970114873,1,0,1,1,1,0
0.5,1.0,0.5,0.5,0.9329154937535019,0,1,0,0,1,1
0.5,0.5,0.5,0.9503705596687854,0.5,0,0,0,1,0,0
0.5,0.9412134824711346,0.5,0.5,0.5,0,1,0,0,0,1
0.07218687538279135,0.5,0.5,0.5,0.5,1,0,0,0,0,0
0.8908135922488217,0.5,1.0,0.8132658093626229,0.8938367356804822,1,0,1,1,1,1
0.0,0.5,0.5,0.5,0.5,1,0,0,0,0,0
0.0,0.5,0.5,0.8324956917527403,0.010821890649960829,1,0,0,1,1,0
0.04060474443377934,0.0,0.43941232715031997,0.5,0.5,1,1,1,0,0,0
0.9394026693191109,1.0,0.7008669174563902,0.5,0.5,1,1,1,0,0,1
0.5,0.5,0.5,0.5,0.352501346020304,0,0,0,0,1,0
0.5,0.08874417371295144,0.5,0.5,0.09536311882683016,0,1,0,0,1,0
0.0,0.0,0.5,0.5,0.04567772372181019,1,1,0,0,1,0
0.04955798509403698,0.10944641906189498,0.5,0.4384938018632682,0.5,1,1,0,1,0,0
0.9603974144465078,1.0,0.5,1.0,1.0,1,1,0,1,1,1
0.05216710789809018,0.5,0.4950160041242001,0.36103444215295655,0.5,1,0,1,1,0,0
1.0,0.5,0.5,0.5,0.5,1,0,0,0,0,1
0.9121957645629513,1.0,0.5927709152442109,0.5,0.9408687683960418,1,1,1,0,1,1
0.5,0.5,0.5,0.5,0.889277165156578,0,0,0,0,1,1
0.0,0.0,0.5,0.6752438649676671,0.5,1,1,0,1,0,0
0.0,0.5,0.5,0.4523407654724064,0.5,1,0,0,1,0,0
0.5,0.5,0.12383784564871193,0.5,0.5,0,0,1,0,0,0
0.009739446977810796,0.003235674752626076,0.5,0.6134106687485992,0.21515697401129066,1,1,0,1,1,0
0.8204303375124233,0.8099813807805659,0.5,0.5,0.5,1,1,0,0,0,1
1.0,0.7502433040110079,0.5,0.43374752260363003,0.5,1,1,0,1,0,1
1.0,1.0,0.5,0.5,0.5,1,1,0,0,0,1
0.006854663814136278,0.5,0.5,0.7921422682513841,0.5,1,0,0,1,0,0
0.07135747922219596,0.002263653864105879,0.0,0.5,0.026074521102246815,1,1,1,0,1,0
0.13194676322137625,0.09068586556188336,0.20749551361720536,0.5,0.5,1,1,1,0,0,0
0.0,0.5,0.5,0.7186293744520597,0.0029300574069654126,1,0,0,1,1,0
0.08154454499766817,0.5,0.27210860358404554,0.7612119924497981,0.5,1,0,1,1,0,0
0.5,0.8389852336261752,0.5,0.5,0.5,0,1,0,0,0,1
0.0,0.5,0.5,0.5,0.05084687884857924,1,0,0,0,1,0
0.5,0.783070940235378,0.9908192274213199,0.5,0.910598958971903,0,1,1,0,1,1
0.5,0.5,0.0,0.7205445866549578,0.5,0,0,1,1,0,0
0.127161845806462,0.5,0.5,0.6746540153909368,0.2534858076800026,1,0,0,1,1,0
0.09703703279730375,0.5,0.5,0.5,0.5,1,0,0,0,0,0
0.5,0.5,0.5,0.5,0.0,0,0,0,0,1,0
0.5,1.0,0.7795817636486968,0.5,0.5,0,1,1,0,0,1
0.5,0.5,0.5695305279299412,0.5,0.5,0,0,1,0,0,1
0.5,0.5,0.5,0.5,1.0,0,0,0,0,1,1
0.5,0.5,0.7546583352877447,0.7352699836711657,0.08327701227845971,0,0,1,1,1,0
0.8993519247290982,1.0,0.5,0.5,1.0,1,1,0,0,1,1
0.5,0.5,0.5,0.5,0.14718731452557937,0,0,0,0,1,0
0.06799318202540569,0.0,0.5,0.8311643525136507,0.5,1,1,0,1,0,0
0.5,0.5,0.5,0.5596904205351885,0.9133261914202717,0,0,0,1,1,1
0.7994996039270398,0.9613701607584627,0.5,0.5,0.5,1,1,0,0,0,1
0.9950619775149104,0.9253171055850167,0.8671580386080363,0.9568314936976658,0.5,1,1,1,1,0,1
0.943102975385155,1.0,0.701273143835532,0.5,0.5,1,1,1,0,0,1
0.5,0.0,0.5,0.5,0.0,0,1,0,0,1,0
0.04533791884090259,0.5,0.5,0.5,0.1446536415777283,1,0,0,0,1,0
0.5,0.1076399863944404,0.5,0.5,0.5,0,1,0,0,0,0
0.06249306420640643,0.0,0.5,0.8509769315486191,0.2861581648149257,1,1,0,1,1,0
0.18432926183406265,0.0,0.5,0.5,0.5,1,1,0,0,0,0
0.021159844511067564,0.5,0.5884122986360326,0.5,0.5,1,0,1,0,0,0
1.0,0.9166744108494193,0.5,0.5,0.5,1,1,0,0,0,1
0.5,0.0,0.5,0.8335968404707511,0.04654843875375558,0,1,0,1,1,0
0.5,0.5,0.0243898352285378,0.5,0.0,0,0,1,0,1,0
1.0,1.0,0.7298315635392822,0.5,0.5,1,1,1,0,0,1
0.0,0.5,0.5,0.5,0.0,1,0,0,0,1,0
0.12913483806990517,0.0,0.5,0.5,0.5,1,1,0,0,0,0
0.5,0.5,0.5,0.694511366218057,0.0,0,0,0,1,1,0
0.0,0.5,0.0,0.5,0.5,1,0,1,0,0,0
0.5,0.0,0.5,0.5963321534572612,0.03900107337353827,0,1,0,1,1,0
0.5,0.5,0.7156951003833044,0.5,0.5,0,0,1,0,0,1
1.0,1.0,0.5,0.7350678048519312,1.0,1,1,0,1,1,1
0.5,0.5,0.23001485185863854,0.9182990698802329,0.0,0,0,1,1,1,0
0.17109147014668002,0.0,0.5,0.520977897073217,0.0,1,1,0,1,1,0
0.5,0.5,0.5,0.5,0.0,0,0,0,0,1,0
1.0,0.5,0.6564535321576728,0.5,0.5,1,0,1,0,0,1
0.9185607010814854,0.5,0.5,0.5,0.8639163150860075,1,0,0,0,1,1
0.0360517298397947,0.5,0.5,0.5909112513473977,0.5,1,0,0,1,0,0
0.0,0.5,0.0,0.5,0.0283818910805916,1,0,1,0,1,0
0.007150631389186287,0.5,0.5,0.5,0.01445580135334,1,0,0,0,1,0
0.5,0.5,0.5,1.0,0.9833404570407205,0,0,0,1,1,1
0.5,1.0,0.9973837725976032,0.5,0.5,0,1,1,0,0,1
0.5,0.5,0.5323502714390581,0.9032645432934604,0.5,0,0,1,1,0,1
0.5,0.5,0.5,0.5,1.0,0,0,0,0,1,1
0.5,0.5,0.5,0.5,0.08351191383048825,0,0,0,0,1,0
0.0,0.0,0.34576120935057,0.43590005945463317,0.16041729496237178,1,1,1,1,1,0
0.8464402372256896,0.9972534923794494,0.5,0.5,0.9684726258426268,1,1,0,0,1,1
0.5,0.5,0.5,1.0,0.5,0,0,0,1,0,0
0.9317347175465385,0.5,0.5772957711003307,0.5,0.9876192518477546,1,0,1,0,1,1
0.02052269950456874,0.5,0.5,0.5,0.5,1,0,0,0,0,0
1.0,0.84788693737297,0.5,0.5,0.964471389625559,1,1,0,0,1,1
0.5,0.9844191042770422,0.5,0.5,0.5,0,1,0,0,0,1
1.0,0.5,0.5,0.5,1.0,1,0,0,0,1,1
0.5,0.08071694796423581,0.5,0.5,0.5,0,1,0,0,0,0
0.5,1.0,1.0,0.7489707409041173,0.9257397361319825,0,1,1,1,1,1
1.0,0.5,0.5,0.5,0.5,1,0,0,0,0,1
0.5,0.02711225359750932,0.5,0.9580947891381855,0.0,0,1,0,1,1,0
1.0,0.8039770569377938,0.5,0.9684413240008105,0.5,1,1,0,1,0,1
0.8801767402289936,1.0,0.5,0.5,0.9527247656667118,1,1,0,0,1,1
0.5,0.0,0.5,0.9678370629979771,0.5,0,1,0,1,0,0
0.5,1.0,0.5,0.5,0.5,0,1,0,0,0,1
1.0,0.5,0.6330992271932994,0.9490109085912444,0.8978592991927147,1,0,1,1,1,1
0.18801280474373364,0.5,0.5,0.5,0.5,1,0,0,0,0,0
0.0758843508343153,0.0,0.32243033351591316,0.5476899003590234,0.0,1,1,1,1,1,0
0.0,0.0,0.23161128989310525,0.5,0.0,1,1,1,0,1,0
0.5,0.7622688309503067,0.5,0.5,1.0,0,1,0,0,1,1
0.5,0.13764574206901675,0.5,0.5,0.5,0,1,0,0,0,0
0.5,0.5,0.7822898728692828,0.8242123044030899,0.5,0,0,1,1,0,1
0.0,0.06018285701283379,0.5,0.8770395640887538,0.11169835700343334,1,1,0,1,1,0
0.5,0.5,0.5,0.6925993246220656,0.5,0,0,0,1,0,0
0.0,0.0736780691396641,0.0,0.5,0.5,1,1,1,0,0,0
0.5,0.05726535788509365,0.5,0.7110331735217915,0.0,0,1,0,1,1,0
0.5,0.5,0.5,0.7172298377844197,0.5,0,0,0,1,0,0
0.11154144119045017,0.01371975488830159,0.5,0.7458008516124702,0.0,1,1,0,1,1,0
0.7816186294485111,0.9937388785541605,0.5,0.5,1.0,1,1,0,0,1,1
0.0,0.0,0.5,0.5,0.5,1,1,0,0,0,0
0.5,0.6181337607857074,0.5,0.5,0.5,0,1,0,0,0,1
0.5,0.5,0.5,0.5,0.9155895447692295,0,0,0,0,1,1
0.5,0.5,0.5,0.5,0.9612607885927427,0,0,0,0,1,1
0.5,0.005229740255674289,0.5,0.5,0.5,0,1,0,0,0,0
0.8421185165581504,0.6228551121019528,0.5,0.5,0.5,1,1,0,0,0,1
0.5,0.5,0.4470042367893858,0.5,1.0,0,0,1,0,1,1
0.0805880789715119,0.0,0.0,0.6477104092955365,0.0,1,1,1,1,1,0
0.5,0.5,0.5,0.8481969693824283,0.5,0,0,0,1,0,1
0.07895218994580955,0.5,0.5,0.5,0.5,1,0,0,0,0,0
0.990059971289768,0.5,0.5,0.7862583311162361,0.5,1,0,0,1,0,1
0.015914657663635385,0.0,0.07158385479082022,0.5,0.22836913448823423,1,1,1,0,1,0
0.5,0.5,0.435085000488587,0.7657334851681504,0.5,0,0,1,1,0,0
0.7512248373588365,0.5,0.5,1.0,0.5,1,0,0,1,0,1
0.5,0.5,0.19766378312229146,0.5,0.5,0,0,1,0,0,0
1.0,0.5,0.5,0.8141258292211901,0.5,1,0,0,1,0,1
0.5,0.5,0.25892093381562925,0.5,0.5,0,0,1,0,0,0
1.0,0.9248485401132214,1.0,0.5496495555835879,1.0,1,1,1,1,1,1
0.5,0.5,0.5,0.5,0.0,0,0,0,0,1,0
0.5,0.5,0.5,0.8453689497128327,0.5,0,0,0,1,0,1
0.0,0.007090261736516584,0.5,0.9125713481759773,0.0,1,1,0,1,1,0
0.06696991673173996,0.0,0.5,0.7699245273552955,0.5,1,1,0,1,0,0
0.5,0.9931558195774366,0.5,0.5,0.5,0,1,0,0,0,1
0.02444184322409061,0.0,0.13915373707911505,0.5,0.5,1,1,1,0,0,0
1.0,0.5,0.5,0.8736846507045145,0.9515389342544279,1,0,0,1,1,1
0.5,0.5,0.5,0.5,0.12306641623781084,0,0,0,0,1,0
0.06670231766269319,0.5,0.5,0.5,0.0,1,0,0,0,1,0
0.09587512727861505,0.5,0.5,0.4326913222629051,0.06363799527759406,1,0,0,1,1,0
0.5,0.5,0.5,0.9394411527306128,1.0,0,0,0,1,1,1
0.5,0.5,0.8602707958882428,0.5,0.5,0,0,1,0,0,1
0.04131594243158643,0.0,0.5,0.5,0.059218540613198534,1,1,0,0,1,0
0.0,0.14175060159872216,0.5,0.6625511554622563,0.5,1,1,0,1,0,0
0.030142590366593627,0.5,0.5,0.5057214915618561,0.5,1,0,0,1,0,0
0.5,0.0,0.5,0.5,0.5,0,1,0,0,0,0
0.0,0.016178427389171496,0.5,0.5,0.017083489947403628,1,1,0,0,1,0
0.9165215361767728,1.0,1.0,0.9966346209665636,0.5,1,1,1,1,0,1
0.0,0.5,0.5,0.5,0.00666562237407696,1,0,0,0,1,0
0.5,0.5,0.11562025006585261,0.5,0.5,0,0,1,0,0,0
1.0,0.5,0.5,0.5,0.5,1,0,0,0,0,1
0.5,0.6270245496696589,0.9700975200270969,0.5,0.8686724486339639,0,1,1,0,1,1
0.5,0.5,0.5,0.8314495718821265,0.0,0,0,0,1,1,0
1.0,0.9556155674930018,1.0,0.5,0.5,1,1,1,0,0,1
1.0,0.5,0.5,0.5,0.5,1,0,0,0,0,1
0.5,1.0,0.5,0.5,1.0,0,1,0,0,1,1
0.5,0.0,0.5,0.5,0.0,0,1,0,0,1,0
0.012192215046774296,0.5,0.5,1.0,0.218204171256431,1,0,0,1,1,0
0.022572144723592313,0.5,0.5,0.44655908074008543,0.0,1,0,0,1,1,0
0.06024966343488353,0.5,0.5,0.5,0.5,1,0,0,0,0,0
0.5,0.5,0.5,0.5936658596850792,0.5,0,0,0,1,0,0
0.015731688031888492,0.020825128280364123,0.5,0.5,0.5,1,1,0,0,0,0
0.5,0.5,0.5,0.5,0.07691640467002561,0,0,0,0,1,0
0.966605498699003,0.5,0.5,0.9520989091560852,0.5,1,0,0,1,0,1
1.0,0.8854652240996235,0.5,0.9100799357516922,0.9553496388754275,1,1,0,1,1,1
0.0,0.5,0.5,0.5,0.0,1,0,0,0,1,0
0.0,0.5,0.5,0.5,0.0,1,0,0,0,1,0
0.5,0.5,0.5,0.5,0.0,0,0,0,0,1,0
0.7065561669871729,0.7857243690070252,0.5,0.5,0.5,1,1,0,0,0,1
0.5,0.5,0.5,1.0,0.5,0,0,0,1,0,1
0.5,0.0,0.5,0.5,0.09954930576330538,0,1,0,0,1,0
0.5,0.5,0.5,0.7128368963730047,0.020482661803888108,0,0,0,1,1,0
0.5,0.5,0.5,0.6125318751770812,0.5,0,0,0,1,0,0
0.0,0.0,0.5,0.7469062198115453,0.5,1,1,0,1,0,0
0.04613042404113346,0.0,0.0,0.5,0.5,1,1,1,0,0,0
0.0,0.0,0.5,0.9326703551981705,0.5,1,1,0,1,0,0
0.5,0.5,0.5,0.5,0.09876223276346521,0,0,0,0,1,0
0.0,0.5,0.5,0.5,0.5,1,0,0,0,0,0
1.0,0.5,0.7446036503405088,0.5,0.5,1,0,1,0,0,1
0.5,0.0,0.5,0.5,0.5,0,1,0,0,0,0
0.0,0.16140126968268603,0.5,0.7550353482589257,0.5,1,1,0,1,0,0
0.9410495751322816,0.5,0.5,0.5,0.9308330906851647,1,0,0,0,1,1
0.5,1.0,1.0,0.5,0.5,0,1,1,0,0,1
0.5,0.9139239445543791,0.5,0.5,0.5,0,1,0,0,0,1
0.012522100308292879,0.0,0.5,0.7384982956604681,0.07903992089979972,1,1,0,1,1,0
0.0,0.09187275637179682,0.5,0.5,0.5,1,1,0,0,0,0
0.5,0.5,0.5,0.5,1.0,0,0,0,0,1,1
0.5,1.0,0.5,0.5,0.9495310200228523,0,1,0,0,1,1
0.05066305905005284,0.0,0.5,0.5,0.0,1,1,0,0,1,0
0.5,0.5,0.5,0.5,0.07892227230170021,0,0,0,0,1,0
0.5,0.10974498359044768,0.5,0.5,0.5,0,1,0,0,0,0
1.0,0.5,0.5,1.0,0.5,1,0,0,1,0,1
0.8109428800071451,0.8442509909163309,0.5,0.834298917449899,0.5,1,1,0,1,0,1
0.01169112438809713,0.5,0.6868856930166806,0.5,0.039366826076681724,1,0,1,0,1,0
0.0,0.02185403724448594,0.5,0.42091006314192436,0.5,1,1,0,1,0,0
0.5,0.8955023998367879,0.5,0.8616334686110396,0.8846789130182938,0,1,0,1,1,1
0.5,0.5,0.5,0.5,0.0911665069449579,0,0,0,0,1,0
0.5,0.7553498064841814,0.6221806392539204,0.5,0.8316969292081333,0,1,1,0,1,1
0.0,0.07918192378471048,0.5,0.9172003631650347,0.0,1,1,0,1,1,0
0.5,0.9113368403894095,1.0,0.7788491558374439,0.5,0,1,1,1,0,1
0.5,0.5,0.5,0.5,1.0,0,0,0,0,1,1
0.5,1.0,0.5,0.8681551260120198,0.5,0,1,0,1,0,1
0.0,0.5,0.5,0.6993916038762593,0.5,1,0,0,1,0,0
0.5,0.5,0.8494592509914737,0.5,0.9479776031831155,0,0,1,0,1,1
0.5,0.5,0.5,0.5,0.0,0,0,0,0,1,0
0.8238098919759307,1.0,0.5,0.5,1.0,1,1,0,0,1,1
0.9163927128984157,0.8402293321690905,1.0,0.5,0.9708255922038989,1,1,1,0,1,1
1.0,0.5,0.5,0.5,0.9793191492685648,1,0,0,0,1,1
0.9080884101819554,0.5,0.5,0.7946906189249295,0.9353878345465867,1,0,0,1,1,1
0.02115207727730066,0.0,0.5292662595121647,0.5,0.2697147297985086,1,1,1,0,1,0
1.0,0.5,0.5,0.5,0.5,1,0,0,0,0,1
0.16095964258883197,0.06865103343156048,0.5,0.49647772577852034,0.3185934481910348,1,1,0,1,1,0
0.5,0.5,1.0,0.5,0.5,0,0,1,0,0,1
0.5,0.5,0.5,0.7669282341324738,0.5,0,0,0,1,0,0
0.5,0.5,0.5,0.7658171905086852,1.0,0,0,0,1,1,1
0.9284547452850185,0.5,1.0,0.5,0.5,1,0,1,0,0,1
0.07726411806064681,0.0,0.5,0.5,0.5,1,1,0,0,0,0
0.5,0.06651823795295289,0.4897124795081844,0.9582581424355776,0.3064609097082417,0,1,1,1,1,0
0.049784845384213905,0.0,0.23506104676477407,0.5,0.07570307827276532,1,1,1,0,1,0
0.9995341091824963,0.5,0.5,0.5,0.5,1,0,0,0,0,1
0.884353463334191,0.5,0.74357579564662,0.5,1.0,1,0,1,0,1,1
0.8516555529745256,0.5,0.5,0.8121974512822019,0.5,1,0,0,1,0,1
0.5,1.0,0.5,0.9843346124830825,0.5,0,1,0,1,0,1
0.0,0.5,0.5,0.5,0.0,1,0,0,0,1,0
0.5,0.9425263873999296,0.5,0.5,0.5,0,1,0,0,0,1
0.018393596612166586,0.5,0.5,0.5,0.1839525699497173,1,0,0,0,1,0
0.5,0.0,0.5,0.5,0.5,0,1,0,0,0,0
0.876644116966281,0.5,0.5,0.5,0.5,1,0,0,0,0,1
0.5,0.07887505301280387,0.5,0.5,0.0,0,1,0,0,1,0
0.0,0.5,0.5,0.5,0.5,1,0,0,0,0,0
0.06660296914464928,0.022430727157728245,0.5,0.855645460164991,0.0,1,1,0,1,1,0
1.0,0.5,0.5,0.5,1.0,1,0,0,0,1,1
0.5,0.0,0.5,0.5010061892706941,0.5,0,1,0,1,0,0
0.5,0.0,0.5,0.5,0.5,0,1,0,0,0,0
0.10069634233964533,0.06377246557405188,0.2620165184605827,0.976275547953757,0.5,1,1,1,1,0,0
0.05197236811990175,0.5,0.019600325633711363,0.5,0.5,1,0,1,0,0,0
0.03700229121720519,0.0,0.5,0.9356934612588441,0.5,1,1,0,1,0,0
1.0,0.5,0.5,0.6523704445633369,0.5,1,0,0,1,0,1
0.5,0.5,0.8955814801126833,0.6290089997790306,0.9567495718315202,0,0,1,1,1,1
0.5,0.0,0.5,0.5,0.5,0,1,0,0,0,0
0.5,0.5,0.6677865890152873,0.5,0.5,0,0,1,0,0,0
0.5,0.0,0.5,0.6180420333039875,0.10901462705031187,0,1,0,1,1,0
0.5,0.5,0.6798536476573929,0.76439078152594,1.0,0,0,1,1,1,1
0.5,0.5,0.5,0.5,0.37463165676672877,0,0,0,0,1,0
1.0,1.0,0.5379950689545052,0.5,0.5,1,1,1,0,0,1
0.10224781846974745,0.0,0.3691886810246984,0.7565940491094262,0.022574824647916637,1,1,1,1,1,0
0.5,0.5,0.5,0.5,1.0,0,0,0,0,1,1
0.5,0.0,0.5,0.5,0.5,0,1,0,0,0,0
0.0,0.0,0.4734400392865537,0.5,0.03972406813481866,1,1,1,0,1,0
1.0,0.7778048421109041,0.5,0.9095703487737699,0.9927911677928669,1,1,0,1,1,1
1.0,1.0,0.5,0.5,1.0,1,1,0,0,1,1
0.5,1.0,0.8941202116347025,0.5,0.5,0,1,1,0,0,1
0.0,0.5,0.5,0.5,0.5,1,0,0,0,0,0
0.0,0.5,0.5,0.5,0.5,1,0,0,0,0,0
0.5,0.5,0.5,0.5,0.9641771011364242,0,0,0,0,1,1
0.979902954455373,0.5,0.5,0.5,0.5,1,0,0,0,0,1
0.013533660797104146,0.0,0.24722815943911558,0.6763101818911048,0.5,1,1,1,1,0,0
0.5,0.5,0.5,0.5,1.0,0,0,0,0,1,1
1.0,0.5,0.5,0.5,1.0,1,0,0,0,1,1
0.5,0.5,0.17852993452666016,0.5,0.5,0,0,1,0,0,0
0.5,0.08931765433495129,0.5,0.621883932890555,0.5,0,1,0,1,0,0
0.0,0.0,0.5,0.5,0.0,1,1,0,0,1,0
0.7500476951355877,0.5,0.5,0.5,0.9345163020890462,1,0,0,0,1,1
0.5,0.043854105615933316,0.5,0.6335476958867282,0.0,0,1,0,1,1,0
0.7694383300857885,0.5,0.5,0.5,0.5,1,0,0,0,0,1
0.5,0.12754362870777314,0.30531291105039254,0.5,0.18983076584942402,0,1,1,0,1,0
0.5,1.0,0.5,0.8372844005459342,0.9118990127385236,0,1,0,1,1,1
0.5,0.5,0.5,0.82674406005402,0.5,0,0,0,1,0,0
0.5,0.0,0.5,0.5,0.5,0,1,0,0,0,0
0.1248552245113966,0.0,0.5,0.5,0.5,1,1,0,0,0,0
0.1041810793382551,0.5,0.5,0.6194813392919689,0.21944039286781647,1,0,0,1,1,0
0.5,0.020758483223665518,0.5,0.5,0.5,0,1,0,0,0,0
1.0,0.6974322693114119,0.5358149358479277,0.5,0.883588045595461,1,1,1,0,1,1
0.5,0.0,0.5,0.5,0.5,0,1,0,0,0,0
0.04219895791054487,0.5,0.5,0.5,0.5,1,0,0,0,0,0
0.1526111027534473,0.05780886060121109,0.15001711495673078,0.5,0.06403739983421833,1,1,1,0,1,0
1.0,0.5,0.5,0.5,0.5,1,0,0,0,0,1
0.5,0.5,0.2794284037197553,0.5,0.5,0,0,1,0,0,0
0.5,0.5,0.7361846293660734,0.5,0.0,0,0,1,0,1,0
0.5,0.5,0.663311105684721,0.5,0.009870106177627132,0,0,1,0,1,0
0.5,0.5,0.5,1.0,0.004226005183470508,0,0,0,1,1,0
0.0,0.1587493326830125,0.21382254395571232,0.5,0.0,1,1,1,0,1,0
0.0,0.5,0.5,0.5513558985540412,0.0,1,0,0,1,1,0
0.5,0.5,0.6121742037947699,0.5,1.0,0,0,1,0,1,1
0.5,1.0,0.7844976163921127,0.9672323850333011,0.5,0,1,1,1,0,1
0.0,0.5,0.5,0.5,0.5,1,0,0,0,0,0
0.006119519166019943,0.5,0.5,0.5,0.5,1,0,0,0,0,0
0.5,0.8207130917576249,0.6069198579372961,0.928827440247382,0.983574630704531,0,1,1,1,1,1
0.5,0.5,0.77628954774382,0.5,0.5,0,0,1,0,0,1
0.5,0.9987682292420407,0.9485042665202311,0.5,0.8572176835438927,0,1,1,0,1,1
1.0,0.8764275236875669,0.7265765916577913,0.5,1.0,1,1,1,0,1,1
0.8669724144170827,0.5,0.5,0.5,0.9554694938218977,1,0,0,0,1,1
1.0,0.5,0.5,0.8866027734667615,0.9384928592611876,1,0,0,1,1,1
0.0,0.5,0.5,0.5,0.08155233112169454,1,0,0,0,1,0
0.8989920067450963,0.5,0.5,0.5,0.5,1,0,0,0,0,1
0.1195010408032777,0.5,0.173387473548051,0.5664900669653521,0.5,1,0,1,1,0,0
0.026969194836244097,0.5,0.5,0.722585462414001,0.0,1,0,0,1,1,0
0.016722524000138288,0.5,0.5,0.5,0.4250139892010083,1,0,0,0,1,0
0.0,0.0,0.5,0.5,0.15321649824169542,1,1,0,0,1,0
0.0,0.5,0.35827173442502647,0.5,0.5,1,0,1,0,0,0
1.0,0.5,0.5,0.5,0.5,1,0,0,0,0,1
0.9274126004872112,0.5,0.40133083216073234,0.5,0.5,1,0,1,0,0,1
0.11434869108288101,0.5,0.5,0.5,0.0731397351092874,1,0,0,0,1,0
0.0,0.05591548665806031,0.5,0.5,0.5,1,1,0,0,0,0
0.5,0.018809794186390304,0.5,0.5,0.5,0,1,0,0,0,0
0.5,0.5,0.5,0.6900234279266755,0.5,0,0,0,1,0,1
1.0,0.5,0.5,0.5,0.5,1,0,0,0,0,1
0.5,0.5,0.5,0.7594456568801151,0.5,0,0,0,1,0,1
0.5,1.0,0.5,0.771824646116668,1.0,0,1,0,1,1,1
0.9802050631761587,0.9615418450893006,0.5,0.78579044412089,0.5,1,1,0,1,0,1
0.5,0.5,0.5,0.9018184931313536,1.0,0,0,0,1,1,1
0.0,0.0,0.42671589032063284,0.5,0.0,1,1,1,0,1,0
0.5,0.7651472631165215,0.5,0.5,1.0,0,1,0,0,1,1
0.5,1.0,0.8573346339713139,0.5,0.5,0,1,1,0,0,1
0.5,1.0,0.5,0.5,0.998793728806387,0,1,0,0,1,1
0.017102439803669486,0.0,0.3267519909999854,0.5,0.5,1,1,1,0,0,0
0.07614298477090956,0.5,0.5,0.5,0.0,1,0,0,0,1,0
0.020245276967406037,0.5,0.24223105063392547,0.6347620139611256,0.0,1,0,1,1,1,0
0.5,0.5,0.5,1.0,0.5,0,0,0,1,0,1
0.5,0.8842895373083393,0.5,0.8591943273901705,0.740629884881888,0,1,0,1,1,1
0.06953801089314082,0.0,0.5,0.6424871657065142,0.01202418326447742,1,1,0,1,1,0
1.0,1.0,0.8445644497779531,0.5,1.0,1,1,1,0,1,1
0.5,0.5,0.5,0.5,1.0,0,0,0,0,1,1
1.0,0.5,0.5,0.5,0.8337260863939032,1,0,0,0,1,1
0.797704893791345,0.5,0.5,0.5,0.5,1,0,0,0,0,1
0.0655779616070488,0.5,0.5,0.5887120197725461,0.5,1,0,0,1,0,0
0.5,0.5,0.5,0.5,0.29175721878804833,0,0,0,0,1,0
0.9356159599171698,0.5,0.5,0.5,0.8941805936180767,1,0,0,0,1,1
0.5,0.0012110948682911415,0.4969129366076687,0.5,0.0,0,1,1,0,1,0
0.01866395408099206,0.0,0.5,0.5,0.5,1,1,0,0,0,0
0.5,0.5,0.5,0.5,0.9015213740045399,0,0,0,0,1,1
0.5,0.9134053482159832,1.0,0.5,0.9295514816357404,0,1,1,0,1,1
0.040553664952470495,0.11574900112492763,0.5,0.5,0.09490901186636458,1,1,0,0,1,0
0.0,0.0,0.8121168275419273,0.5,0.0,1,1,1,0,1,0
0.06395126213891053,0.5,0.7546971723303832,0.5,0.0,1,0,1,0,1,0
0.5,0.5,0.15408767509314797,0.5,0.5,0,0,1,0,0,0
0.002858875427868406,0.5,0.5,0.5,0.5,1,0,0,0,0,0
1.0,0.5,0.5,1.0,0.9956786727646907,1,0,0,1,1,1
0.9533195316234306,0.8614514393404119,0.5546070224892208,0.5,0.5,1,1,1,0,0,1
0.04480097302709644,0.5,0.5,0.5,0.0,1,0,0,0,1,0
0.05781804166053031,0.5,0.5,0.5,0.5,1,0,0,0,0,0
0.5,0.03360943919563153,0.0,0.5,0.5,0,1,1,0,0,0
0.5,0.5,0.5,0.8221519842371706,0.5,0,0,0,1,0,1
0.0,0.0,0.5,0.21196761604215314,0.07138578611896756,1,1,0,1,1,0
0.5,0.03129943997251361,0.0,0.5,0.19685016231924754,0,1,1,0,1,0
1.0,0.8634207361019217,0.5,0.8967919265244616,0.8903978873974434,1,1,0,1,1,1
0.04466555567196386,0.5,0.5,0.6029590076267731,0.5,1,0,0,1,0,0
0.5,0.08427970629648586,0.35026137481426156,0.5,0.5,0,1,1,0,0,0
1.0,1.0,0.5,0.5,1.0,1,1,0,0,1,1
0.8219846329387662,0.5,0.5,0.5,0.868771917468999,1,0,0,0,1,1
0.5,0.5,0.4364826544966195,0.5,0.992886985938246,0,0,1,0,1,1
0.5,0.5,0.08546862060563679,0.5,0.5,0,0,1,0,0,0
0.8057900724885356,0.5,0.5,0.5,0.5,1,0,0,0,0,1
0.8987966451759634,1.0,0.5,0.7833713874158396,0.8689147213250991,1,1,0,1,1,1
0.10402788837770671,0.5,0.4658167919632691,0.5,0.5,1,0,1,0,0,0
0.0,0.5,0.5,0.7971377258370076,0.0,1,0,0,1,1,0
0.5,0.5,0.5,0.5236103793024329,0.1606213795743645,0,0,0,1,1,0
0.5,0.5,0.27697773080212956,0.6720994440080664,0.0,0,0,1,1,1,0
0.5,0.09215474475249216,0.5,0.46481231607210305,0.5,0,1,0,1,0,0
0.5,0.0,0.5,0.5,0.5,0,1,0,0,0,0
1.0,0.8023439884130291,0.5,0.5,0.9571437567108416,1,1,0,0,1,1
0.007663542875434999,0.5,0.6574817097524179,0.6524930758473385,0.5,1,0,1,1,0,0
1.0,0.9172165177356232,0.46315508028814983,0.5,0.5,1,1,1,0,0,1
0.0,0.002543753938677256,0.5,0.5,0.5,1,1,0,0,0,0
1.0,0.6932719385000756,0.5,0.5,0.5,1,1,0,0,0,1
0.5,0.5,0.5,0.8485381741875425,0.9778308244789682,0,0,0,1,1,1
0.7400512728386813,0.981405147687087,0.5,0.5,1.0,1,1,0,0,1,1
0.9088972707900793,0.658906431935698,0.5,0.5,0.9984858954088045,1,1,0,0,1,1
0.9193609818623,0.8838550532123844,0.8749915826319282,0.5,0.5,1,1,1,0,0,1
0.5,0.5,0.5,0.7841389958279303,1.0,0,0,0,1,1,1
0.5,0.0,0.5,0.5,0.5,0,1,0,0,0,0
0.06990969665607885,0.08146349618174707,0.5,0.5,0.0,1,1,0,0,1,0
0.9376674266897379,0.5,0.5,0.7850435512902334,0.9505313465633152,1,0,0,1,1,1
0.5,0.5,0.5,0.5,0.21893571351555188,0,0,0,0,1,0
0.5,0.9793411719144665,0.5,0.5,0.5,0,1,0,0,0,1
0.00560242792647501,0.0,0.5,0.5,0.13014436178082045,1,1,0,0,1,0
0.8761063001743822,0.9260719752863638,0.5,0.5,1.0,1,1,0,0,1,1
0.5,0.8841281470623954,0.5,1.0,0.5,0,1,0,1,0,1
1.0,0.5,0.5,0.5,0.5,1,0,0,0,0,1
0.5,0.0,0.29009575864689674,0.6114332251467338,0.019279087412291666,0,1,1,1,1,0
0.938460981983237,1.0,0.9077611998554875,0.7897329920663035,0.5,1,1,1,1,0,1
0.04923825015785822,0.11639449480914137,0.3891585454031057,0.715525455720375,0.5,1,1,1,1,0,0
0.5,0.5,0.0,0.6099724033468027,0.5,0,0,1,1,0,0
0.010083184587717904,0.5,0.40563978431431663,1.0,0.5,1,0,1,1,0,0
0.5,0.5,0.5,0.5,1.0,0,0,0,0,1,1
0.5,0.982119413748337,0.8018530675062511,0.7956960318410933,0.5,0,1,1,1,0,1
0.5,1.0,0.5,0.5,0.5,0,1,0,0,0,1
0.036360291334654765,0.5,0.12989483991838008,0.5,0.03963558828062813,1,0,1,0,1,0
0.5,0.5,0.5,0.8186819317285767,0.5,0,0,0,1,0,1
0.0119494875968369,0.0,0.5,0.6174661889375087,0.0,1,1,0,1,1,0
0.01299032106364342,0.0,0.5,0.5,0.5,1,1,0,0,0,0
0.5,0.5,0.4705205829902211,0.8684150040157734,0.5,0,0,1,1,0,1
0.5,0.5,0.5,0.5,1.0,0,0,0,0,1,1
0.89485332408827,0.5,0.5,0.5,1.0,1,0,0,0,1,1
0.9581368629666884,0.5,0.48109928548908254,0.5,1.0,1,0,1,0,1,1
0.0,0.5,0.5,0.5,0.5,1,0,0,0,0,0
0.14799628335759504,0.5,0.5,0.5,0.5,1,0,0,0,0,0
0.1917646645715192,0.5,0.5,0.6561534976130997,0.5,1,0,0,1,0,0
0.5,0.45088811522271055,0.5,0.8519483376923342,0.9343051186592519,0,1,0,1,1,1
1.0,0.8633822429526952,0.5,0.5,0.5,1,1,0,0,0,1
0.5,0.0,0.5,0.5,0.5,0,1,0,0,0,0
0.011956261560894979,0.03779375195979178,0.5,0.5,0.5,1,1,0,0,0,0
0.5,0.5,0.48975499345975254,0.5,0.2375944007407496,0,0,1,0,1,0
0.036854071723240775,0.5,0.5,0.5,0.0,1,0,0,0,1,0
0.5,0.5,0.8654550695430797,0.5,0.5,0,0,1,0,0,1
0.04725927483571765,0.07708140472553228,0.5,0.7655451449051284,0.0,1,1,0,1,1,0
1.0,1.0,0.5,0.5,0.5,1,1,0,0,0,1
0.5,0.96485528736191,0.6925612935599867,0.8672393333767289,0.953218531778425,0,1,1,1,1,1
0.0,0.0,0.5,0.2856448968884963,0.5,1,1,0,1,0,0
0.5,0.5,0.2057169389508266,0.5,0.26169637067793644,0,0,1,0,1,0
0.5,0.5,0.8992846360910405,0.9535993865653162,1.0,0,0,1,1,1,1
1.0,0.865986680252204,0.8337708051364153,0.5,0.5,1,1,1,0,0,1
0.044838463517331575,0.0,0.5,0.6140901381989596,0.0,1,1,0,1,1,0
0.5,0.029875303860909617,0.5,0.5,0.24347567337795964,0,1,0,0,1,0
0.0,0.5,0.5,0.8005062365189618,0.25824807365176145,1,0,0,1,1,0
0.9296897435005155,0.5,0.5,0.9329934577053735,0.9689554386147752,1,0,0,1,1,1
0.0,0.0,0.2477483171005101,0.41382478676378726,0.07231872652193394,1,1,1,1,1,0
0.0,0.0,0.5,0.5,0.37806164779400453,1,1,0,0,1,0
0.0,0.5,0.5,0.5,0.09858762961266734,1,0,0,0,1,0
0.5,0.0,0.5,0.5,0.5,0,1,0,0,0,0
0.5,0.5,0.5,0.5,0.0,0,0,0,0,1,0
0.5,0.5,0.5,0.3889461154895085,0.33184519716141675,0,0,0,1,1,0
0.9278359485481475,0.9630644062926956,0.5,0.5,0.5,1,1,0,0,0,1
0.5,0.5,0.0,0.4733499788874974,0.5,0,0,1,1,0,0
0.13676705820410676,0.5,0.5,0.9281956255253082,0.0,1,0,0,1,1,0
0.05968448035266311,0.5,0.5,0.5,0.0,1,0,0,0,1,0
0.5,0.1380038756732364,0.5,0.5,0.5,0,1,0,0,0,0
0.0318623505692862,0.0016927675711552684,0.0,0.8966315347610186,0.0,1,1,1,1,1,0
0.12022638777711295,0.017957464148834798,0.0,0.5209932085646167,0.5,1,1,1,1,0,0
0.5,0.5,0.5,0.5,0.0,0,0,0,0,1,0
0.5,0.5,0.3141242851601903,0.7030196930580445,0.026902410145294257,0,0,1,1,1,0
0.09359502556396362,0.19690629915111424,0.5,0.8889281264244163,0.5,1,1,0,1,0,0
0.6262085124244672,0.5,0.5,0.5,0.5,1,0,0,0,0,1
0.9623751030193659,0.867506523733714,0.5,0.7428032743897662,0.9823460990789833,1,1,0,1,1,1
0.13790189544071887,0.08209484703034681,0.5,0.5,0.5,1,1,0,0,0,0
1.0,0.5,0.5,0.5,1.0,1,0,0,0,1,1
0.9553640314430327,1.0,0.5,0.5,1.0,1,1,0,0,1,1
0.5,0.5,0.5,0.5,0.18240208988025983,0,0,0,0,1,0
0.5,0.5,0.7484446022364137,0.5,0.5,0,0,1,0,0,1
0.5,0.02474513719878174,0.5,0.5,0.05053464750574415,0,1,0,0,1,0
0.5,0.5,0.5,0.5,0.0,0,0,0,0,1,0
0.5,0.8595261972984286,0.9405886756075178,0.5,1.0,0,1,1,0,1,1
0.9247971433308592,0.5,0.5,1.0,0.9217804890933983,1,0,0,1,1,1
0.5,0.5,0.5,0.5,1.0,0,0,0,0,1,1
0.07182789816671695,0.5,0.5,0.5,0.05289294217510298,1,0,0,0,1,0
0.06696269800105176,0.5,0.5,0.5750875367183128,0.5,1,0,0,1,0,0
0.0,0.0,0.5,0.5,0.0,1,1,0,0,1,0
0.11953814126690057,0.5,0.5,0.35259252690863313,0.1776583624753504,1,0,0,1,1,0
0.5,0.5,0.49755337336897104,0.5,0.04073418676950839,0,0,1,0,1,0
0.5,0.006107438947497183,0.5,0.5,0.5,0,1,0,0,0,0
0.9855532342223927,0.5,0.5,1.0,0.988312332046311,1,0,0,1,1,1
0.5,0.0009742445513341528,0.5,0.5,0.5,0,1,0,0,0,0
0.9048916645939964,0.9141687529945097,0.5,0.768994014549491,0.5,1,1,0,1,0,1
1.0,0.5,0.5,0.7056291587663761,1.0,1,0,0,1,1,1
1.0,0.5,0.5,0.8971971751492129,0.5,1,0,0,1,0,1
0.07780435561031841,0.12122360839220563,0.4828549239264723,0.5788752497314078,0.0,1,1,1,1,1,0
0.7103618829119546,0.5,0.5,0.552592025973986,0.5,1,0,0,1,0,1
0.933900913762752,0.5,0.6544905351866152,0.8576576828732655,0.5,1,0,1,1,0,1
1.0,0.5,0.4562450183759141,0.5,0.5,1,0,1,0,0,1
0.5,0.041726641765002806,0.4614150692302591,0.5,0.0552053965870344,0,1,1,0,1,0
0.9645375913486098,0.7642984843269363,0.5,0.5,0.9947578749933723,1,1,0,0,1,1
0.8886706269286138,0.5,0.7001660555722661,0.8718424947443081,0.5,1,0,1,1,0,1
0.033569419460703825,0.5,0.4129661797586178,0.5,0.5,1,0,1,0,0,0
0.7589057492677942,0.8547413609021698,0.5,0.827124245760419,1.0,1,1,0,1,1,1
1.0,0.5,0.6321941587145057,0.5,0.9995337046542214,1,0,1,0,1,1
0.5,0.5,0.23161420680118186,0.5,0.5,0,0,1,0,0,0
0.9257813079250725,1.0,0.5,0.862891164125222,0.5,1,1,0,1,0,1
0.7511573324919487,0.899693507341899,0.5,0.897875008830136,0.5,1,1,0,1,0,1
0.5,0.003746079609756264,0.5067972514843704,0.5,0.18099242568759352,0,1,1,0,1,0
1.0,0.5,0.8217777845105312,1.0,0.5,1,0,1,1,0,1
0.0,0.0,0.5,0.5,0.5,1,1,0,0,0,0
0.19822892938440537,0.0331653232148327,0.5,0.5,0.0,1,1,0,0,1,0
0.5,0.5,0.5,0.5,0.9255980339574593,0,0,0,0,1,1
0.5,1.0,1.0,0.5,0.5,0,1,1,0,0,1
0.04191961773849294,0.07934719875449739,0.5,0.5,0.09501346853197115,1,1,0,0,1,0
0.5,0.5,0.5,0.8289299880126163,0.5,0,0,0,1,0,1
0.5,0.0,0.5,0.4500837651909323,0.2528371116210196,0,1,0,1,1,0
1.0,0.8375254363747623,0.5,0.5,0.5,1,1,0,0,0,1
0.020105802708804067,0.15798427209210397,0.5,0.5800830813923433,0.5,1,1,0,1,0,0
0.5,0.5,0.20821398727501117,0.5,0.5,0,0,1,0,0,0
1.0,0.5,0.5,0.5,0.5,1,0,0,0,0,1
0.5,1.0,0.5,0.5,1.0,0,1,0,0,1,1
0.0,0.07312696316523962,0.5,0.5658056850450963,0.17707642833542064,1,1,0,1,1,0
0.0,0.5,0.5,0.5,0.09085891706795124,1,0,0,0,1,0
0.5,0.9295038103888967,0.5,0.5,0.5,0,1,0,0,0,1
0.04497685171318755,0.5,0.5,1.0,0.5,1,0,0,1,0,0
1.0,0.5,0.5,0.5,0.5,1,0,0,0,0,1
0.5,0.926669636544217,0.5312407521064317,0.6404113554992119,1.0,0,1,1,1,1,1
0.5,0.5,0.5,0.9737857155454095,0.9901717547153085,0,0,0,1,1,1
0.5,0.5,0.8953217380700609,0.5,1.0,0,0,1,0,1,1
0.03287815576344632,0.5,0.5,0.5,0.5,1,0,0,0,0,0
0.5,0.7746417332360338,0.5,0.5,0.5,0,1,0,0,0,1
0.0,0.5,0.5,0.5,0.5,1,0,0,0,0,0
1.0,0.5,0.5,0.9685311888191847,0.5,1,0,0,1,0,1
0.0,0.5,0.5,0.5,0.5,1,0,0,0,0,0
0.9707050982753598,0.5,0.5,0.5,0.5,1,0,0,0,0,1
0.5,0.023281810535499287,0.5,0.3768142630971718,0.0,0,1,0,1,1,0
0.0,0.5,0.5,0.5,0.0,1,0,0,0,1,0
0.5,0.004376953834837173,0.5,0.7387940996388529,0.0,0,1,0,1,1,0
0.5,0.5,0.0,0.5,0.032105846316162215,0,0,1,0,1,0
0.7804424809978324,1.0,0.5,0.8454995663205765,0.5,1,1,0,1,0,1
0.5,0.7489828149204868,0.46916623814815567,0.5,0.9626062452166486,0,1,1,0,1,1
0.5,0.5,0.9102222893621026,0.5,0.5,0,0,1,0,0,1
0.033518849398477144,0.5,0.5,0.5,0.2610938154011527,1,0,0,0,1,0
0.5,0.5,0.5,1.0,0.5,0,0,0,1,0,1
0.5,0.5,0.5,0.99951784937199,1.0,0,0,0,1,1,1
0.02753626701022948,0.033770423073568326,0.5,0.5,0.5,1,1,0,0,0,0
0.0831270670362439,0.5,0.5,0.6910175049360097,0.3060186726776818,1,0,0,1,1,0
0.013364653331010296,0.5,0.5,0.5,0.195195787977397,1,0,0,0,1,0
0.9019950832843717,0.5,0.5,0.8928653502192329,0.5,1,0,0,1,0,1
0.5,0.0,0.5,0.5,0.5,0,1,0,0,0,0
0.5,0.5,0.5,0.5,0.055503730438226734,0,0,0,0,1,0
0.1685472878712819,0.5,0.37468692696796846,0.7250264555906766,0.10660408297997503,1,0,1,1,1,0
0.9216342991293713,0.5,0.5,0.9482302972286403,1.0,1,0,0,1,1,1
0.17244638693051434,0.0,0.5,0.22082845501385445,0.5,1,1,0,1,0,0
1.0,0.5,0.5,1.0,0.9351981465085114,1,0,0,1,1,1
0.5,0.5,0.0,1.0,0.5,0,0,1,1,0,0
0.5,0.0,0.5,0.5,0.5,0,1,0,0,0,0
0.07664385941590279,0.5,0.5,0.5,0.5,1,0,0,0,0,0
0.8702341901196722,1.0,0.5,0.9775826852444974,0.9355586729363294,1,1,0,1,1,1
0.04213296472597874,0.5,0.5,0.5,0.5,1,0,0,0,0,0
0.5,0.5,0.5,0.5,0.0,0,0,0,0,1,0
0.1336611077989,0.5,0.5,0.5,0.026644697232828012,1,0,0,0,1,0
0.5,0.0,0.5,0.8294767774169722,0.5,0,1,0,1,0,0
0.5,0.8101327574835885,0.5,0.5,1.0,0,1,0,0,1,1
0.0446596820586602,0.5,0.5,0.5,0.5,1,0,0,0,0,0
0.0,0.5,0.5,0.857175880129327,0.10189636348147844,1,0,0,1,1,0
0.9425356657305705,0.5,0.5,0.5,0.5,1,0,0,0,0,1
0.5,0.9420475046982555,0.5,0.864929663602715,0.5,0,1,0,1,0,1
1.0,0.5,0.5,0.8788221179195345,0.915331261214378,1,0,0,1,1,1
0.5,0.5,0.09615907688393421,0.5,0.5,0,0,1,0,0,0
0.0,0.008201335583373277,0.5,0.5,0.0,1,1,0,0,1,0
1.0,0.5,0.5,0.9034669173554202,0.9784910643590297,1,0,0,1,1,1
0.5,0.5,0.5,0.6379422308105399,0.9743598267804306,0,0,0,1,1,1
0.5,0.6030026614842579,0.5,0.9481209971873464,0.5,0,1,0,1,0,1
0.11198135346813232,0.09068107867893295,0.5,0.5,0.003031744857955182,1,1,0,0,1,0
0.5,0.5,0.5,0.4800776858063749,0.5,0,0,0,1,0,0
0.5,1.0,0.7880326017157787,0.8775230358194558,1.0,0,1,1,1,1,1
0.027033900894855252,0.5,0.5,0.6284421097587651,0.09481130072407257,1,0,0,1,1,0
0.5,0.5,0.5,0.9681538953408283,0.5,0,0,0,1,0,0
0.5,0.011053018485300888,0.5,0.5,0.5,0,1,0,0,0,0
0.5,0.07873833022929577,0.17547530604157868,0.7745887899802195,0.1990925310425976,0,1,1,1,1,0
0.12560021062451285,0.5,0.5,0.5,0.21227542490311843,1,0,0,0,1,0
1.0,0.5,1.0,0.5,0.5,1,0,1,0,0,1
0.5,0.5,0.5,0.8643944937265152,0.1541735245372101,0,0,0,1,1,0
1.0,0.5,0.5,0.5,0.5,1,0,0,0,0,1
0.0,0.016541498781160718,0.0,0.5,0.0,1,1,1,0,1,0
1.0,0.8275856482390289,0.6280910139026722,0.5,1.0,1,1,1,0,1,1
0.5,0.5,0.5,0.8362063120996266,0.5,0,0,0,1,0,1
0.0,0.5,0.5,0.5,0.0,1,0,0,0,1,0
0.8712701963880689,0.5,0.5,0.8541606370330881,0.9451659531959976,1,0,0,1,1,1
1.0,0.9969001690410714,0.5,1.0,0.5,1,1,0,1,0,1
0.5,0.021798264824198315,0.5,0.5359857421049028,0.5,0,1,0,1,0,0
0.25251331256639775,0.5,0.5296074111363707,0.5,0.20400056527960547,1,0,1,0,1,0
0.06309293323697295,0.0785348331311237,0.0,0.5,0.009000731154406388,1,1,1,0,1,0
0.5,0.5,0.854089109843498,0.5,1.0,0,0,1,0,1,1
0.5,0.02822854065582168,0.5,0.5,0.5,0,1,0,0,0,0
0.5,0.0,0.5,0.5,0.5,0,1,0,0,0,0
0.5,0.9459256211471184,0.5,0.5,1.0,0,1,0,0,1,1
0.9946757356615027,0.9751259604807614,0.5,0.5,0.5,1,1,0,0,0,1
0.9200697344203999,1.0,0.5,0.8595140930087788,0.5,1,1,0,1,0,1
0.009149834201205334,0.5,0.5,0.5,0.5,1,0,0,0,0,0
0.5,0.5,0.5,0.5,0.90038368750605,0,0,0,0,1,1
0.7530017046325285,0.5,0.5,0.5,0.8971774475662139,1,0,0,0,1,1
0.0662911328244532,0.0,0.5,0.8960478216238607,0.5,1,1,0,1,0,0
0.5,0.0,0.5,0.5,0.5,0,1,0,0,0,0
0.9683640442586889,0.5,0.5,0.7444963092464099,0.9276676357864461,1,0,0,1,1,1
0.0,0.5,0.5,0.5,0.5,1,0,0,0,0,0
0.5,0.9118359255115533,0.8684098860465694,0.8668918858779845,0.8960108723072031,0,1,1,1,1,1
0.0,0.5,0.0053060110692139395,0.777192651897763,0.5,1,0,1,1,0,0
0.5,0.5,0.0,0.5,0.5,0,0,1,0,0,0
0.5,0.7835991828666599,0.8704640396361116,0.5,0.5,0,1,1,0,0,1
0.09011167427414674,0.5,0.0,0.5,0.16999959796688136,1,0,1,0,1,0
0.0,0.5,0.0,0.5,0.5,1,0,1,0,0,0
0.5,0.5,0.5,0.9924569141574825,0.0,0,0,0,1,1,0
1.0,0.5,0.5,0.8533798560314135,0.5,1,0,0,1,0,1
0.0,0.0,0.5,0.5,0.21924979211817391,1,1,0,0,1,0
0.5,0.5,0.5,0.5,0.9916052278290233,0,0,0,0,1,1
0.5,0.028920928053548848,0.15849069279509725,0.9048671821363302,0.5,0,1,1,1,0,0
1.0,0.5,0.4379661142388903,0.5,1.0,1,0,1,0,1,1
0.8717390383125908,0.5,0.5,0.5,0.5,1,0,0,0,0,1
0.5,0.5,0.5,0.5,0.14441966921651542,0,0,0,0,1,0
0.0,0.0,0.5,0.5,0.0,1,1,0,0,1,0
0.9172327189751258,0.5,0.5,0.7142772625108336,0.5,1,0,0,1,0,1
0.5,1.0,0.5,0.5,0.5,0,1,0,0,0,1
0.5,0.5,0.6541970000367728,0.5,0.5,0,0,1,0,0,1
0.5,0.12335095406153185,0.5,0.5,0.0,0,1,0,0,1,0
0.5,1.0,0.5,0.858791769987775,1.0,0,1,0,1,1,1
0.5,0.5,0.5,0.8206825140574232,0.5,0,0,0,1,0,1
0.5,0.913420046410579,0.5,0.8654819365092467,0.5,0,1,0,1,0,1
0.10039601528342951,0.11898700865101937,0.5,0.5,0.5,1,1,0,0,0,0
0.5,0.0,0.5,0.5581045101637265,0.0,0,1,0,1,1,0
0.5,0.10672837374593318,0.5,0.5,0.5,0,1,0,0,0,0
0.23263827215660907,0.5,0.5,0.6709901995131395,0.5,1,0,0,1,0,0
0.5,0.5,0.5,0.6566174271416998,0.0,0,0,0,1,1,0
0.016713800880531777,0.5,0.5,0.36130202546054835,0.13366440685555164,1,0,0,1,1,0
0.7965638775858367,0.9804560039632662,0.75258591735806,0.8577166484751135,1.0,1,1,1,1,1,1
0.5,0.5,0.8391918027408625,0.5,0.9749653024184752,0,0,1,0,1,1
0.5,0.5,0.5,0.5,0.1029161984595778,0,0,0,0,1,0
0.5,1.0,0.7113279909244294,0.5,0.9927260830316085,0,1,1,0,1,1
0.5,0.0,0.5,0.6960234208746652,0.09026065792195168,0,1,0,1,1,0
0.5,0.0,0.5,0.4027304217614677,0.5,0,1,0,1,0,0
0.5,0.010866720884633146,0.5,0.5,0.5,0,1,0,0,0,0
0.09602687504169163,0.5,0.5,0.8443696997004649,0.27140462780317787,1,0,0,1,1,0
0.5,0.0,0.5,0.7654680727993313,0.055743548237842756,0,1,0,1,1,0
0.5,1.0,0.5501964146615523,0.9091303890651729,0.5,0,1,1,1,0,1
0.5,0.13078250164182526,0.5,0.5,0.5,0,1,0,0,0,0
0.7464738657201174,0.5,0.5,0.7571017396509112,0.5,1,0,0,1,0,1
0.13213572483321467,0.5,0.015928050794599247,0.5,0.18243524048137555,1,0,1,0,1,0
0.5,0.5,0.3630128939777171,0.5,0.0,0,0,1,0,1,0
0.5,0.0,0.5,0.5,0.0,0,1,0,0,1,0
0.0772483626936025,0.5,0.7629800481643707,0.7610558395035086,0.0,1,0,1,1,1,0
0.08479184968806533,0.5,0.00754864472114114,0.5,0.0,1,0,1,0,1,0
0.06633284081498833,0.019108855330565076,0.5,0.5,0.5,1,1,0,0,0,0
0.059788142934441894,0.5,0.5,0.7510277222505978,0.11205308291554669,1,0,0,1,1,0
0.9096376971245419,0.5,0.8885614290759186,1.0,0.9583163426690495,1,0,1,1,1,1
0.0,0.5,0.7470864958277098,0.5,0.03052537870983879,1,0,1,0,1,0
0.9720528163020711,1.0,0.5,1.0,0.5,1,1,0,1,0,1
0.5,0.5,0.0,0.5,0.0,0,0,1,0,1,0
0.5,0.8579272474168387,0.5,0.9282694554134696,1.0,0,1,0,1,1,1
0.872546447225292,1.0,0.5,0.5,0.9415439714945637,1,1,0,0,1,1
0.5,0.5,0.836306721620604,0.5,0.5,0,0,1,0,0,0
0.0,0.5,0.5,0.8500219360193196,0.3071439769905762,1,0,0,1,1,0
0.5,0.5,0.11285389479307849,0.7683305048741879,0.19712973043495027,0,0,1,1,1,0
0.0,0.5,0.5,0.5,0.5,1,0,0,0,0,0
1.0,0.5,0.5,0.5,0.5,1,0,0,0,0,1
0.5,1.0,0.5,0.5,0.9978771961331226,0,1,0,0,1,1
0.041674370120190415,0.5,0.5,0.2885951477014045,0.0,1,0,0,1,1,0
0.5,0.1184601392804133,0.5,0.5,0.5,0,1,0,0,0,0
0.5,0.9533264655880797,0.5,0.5,0.5,0,1,0,0,0,1
0.5,0.06289255796621526,0.5,0.5,0.30559531040277377,0,1,0,0,1,0
0.5,0.0,0.5,0.5,0.32768905698092415,0,1,0,0,1,0
0.0,0.5,0.5,0.8055002201735691,0.17900275984222344,1,0,0,1,1,0
1.0,1.0,0.5,0.5,0.5,1,1,0,0,0,1
0.9312742945328971,0.5,0.5,0.5,0.5,1,0,0,0,0,1
0.5,0.5,1.0,0.5,0.8539555282110162,0,0,1,0,1,1
0.5,0.5,1.0,0.7189138166346063,0.5,0,0,1,1,0,1
0.5,0.5,0.5,0.6381477667033756,0.9719959856149166,0,0,0,1,1,1
0.9285378845043173,0.5,0.5,0.5,0.5,1,0,0,0,0,1
0.5,0.8922539770093071,0.5,0.5,1.0,0,1,0,0,1,1
0.5,0.0,0.5,0.5,0.5,0,1,0,0,0,0
0.5,0.0,0.0,1.0,0.5,0,1,1,1,0,0
0.5,1.0,0.8978525258904246,0.5,0.8335186045895205,0,1,1,0,1,1
0.06258276926612161,0.5,0.5,0.5,0.5,1,0,0,0,0,0
0.5,0.0,0.5,0.5,0.05517155884844432,0,1,0,0,1,0
0.037359965638937176,0.5,0.5,0.5,0.5,1,0,0,0,0,0
0.5,0.9792018907215144,0.4247328630872413,0.9425620374075522,0.5,0,1,1,1,0,1
0.5,0.5,0.2704771834773112,0.7066795974896632,0.5,0,0,1,1,0,0
0.0,0.5,0.5388314412624555,0.5,0.0,1,0,1,0,1,0
0.5,1.0,0.9457363740128887,0.5,1.0,0,1,1,0,1,1
1.0,0.5,1.0,0.5,0.5,1,0,1,0,0,1
1.0,0.5,0.5,0.9164679660731927,0.5,1,0,0,1,0,1
0.012926274432538468,0.5,0.5,0.7371663923716316,0.21213057958190318,1,0,0,1,1,0
0.5,1.0,0.5,0.5,0.5,0,1,0,0,0,1
0.946266162211754,1.0,0.5,0.8147860788958554,0.9632137709207105,1,1,0,1,1,1
0.5,0.5,0.14532353909192938,0.5,0.0,0,0,1,0,1,0
0.5,0.5,0.5,0.5,0.07554483491453474,0,0,0,0,1,0
0.6950858812893306,1.0,0.5,0.7220575740256513,1.0,1,1,0,1,1,1
0.5,0.9006647171417206,0.5,0.5,0.5,0,1,0,0,0,1
0.5,0.5,0.5,0.5,1.0,0,0,0,0,1,1
0.0,0.5,0.5,0.5,0.5,1,0,0,0,0,0
0.0,0.0,0.5,0.5,0.0,1,1,0,0,1,0
0.5,0.5,0.5,0.8051288673804164,1.0,0,0,0,1,1,1
0.0,0.001762146318593033,0.5,0.5,0.014344240785230673,1,1,0,0,1,0
0.5,0.5,0.5,0.5,1.0,0,0,0,0,1,1
0.5,0.13862708489710168,0.5,0.5,0.5,0,1,0,0,0,0
0.18502409884084492,0.046219635198386566,0.4915895957884255,0.787300947791472,0.12503067970918022,1,1,1,1,1,0
0.0,0.5,0.5,0.5,0.5,1,0,0,0,0,0
0.5,1.0,1.0,0.5,0.5,0,1,1,0,0,1
0.5,0.5,0.340425025340363,0.7925409250511046,0.21344880924289594,0,0,1,1,1,0
0.13209839667097575,0.0,0.5,0.5,0.5,1,1,0,0,0,0
0.0,0.0,0.340979105459834,0.4297255944838441,0.14656193637069817,1,1,1,1,1,0
0.5,0.0,0.5,0.5,0.039287264759108625,0,1,0,0,1,0
1.0,0.5,0.5,0.7514185425773705,1.0,1,0,0,1,1,1
0.5,0.9665353501901016,0.9751076738378682,0.8679715782483758,0.5,0,1,1,1,0,1
0.8433958650567976,1.0,0.5,0.5,0.5,1,1,0,0,0,1
0.0,0.5,0.5,0.5,0.5,1,0,0,0,0,0
0.5,0.5,0.5,1.0,0.5,0,0,0,1,0,0
0.0,0.5,0.0,0.5,0.5,1,0,1,0,0,0
0.0,0.5,0.2548765681683922,0.8728332903649303,0.5,1,0,1,1,0,0
0.8874203109137018,0.9060888324004852,0.8182013368625389,0.5,0.5,1,1,1,0,0,1
0.5,0.5,0.0,0.6070126375102729,0.22131811206667337,0,0,1,1,1,0
1.0,1.0,0.5,0.5,0.5,1,1,0,0,0,1
0.5,0.5,0.39092313383818156,0.5,0.5,0,0,1,0,0,0
0.5,0.5,1.0,0.5,1.0,0,0,1,0,1,1
1.0,0.5,0.5,0.8624108960925003,1.0,1,0,0,1,1,1
0.5,0.020261997530595884,0.5,0.5,0.5,0,1,0,0,0,0
0.0,0.5,0.5,0.5,0.5,1,0,0,0,0,0
0.06356586845487956,0.5,0.5,0.7647203876182116,0.5,1,0,0,1,0,0
0.5,0.5,0.5,1.0,0.5,0,0,0,1,0,1
0.5,0.5,0.5,0.7527019512634682,0.5,0,0,0,1,0,0
1.0,0.5,0.5,0.754080936847512,0.8327839632782448,1,0,0,1,1,1
0.5,0.5,0.5,0.5731240839045911,0.124964990528734,0,0,0,1,1,0
0.5,0.5,0.5,0.8412231301805602,0.5,0,0,0,1,0,1
0.9841950516802109,1.0,0.5,0.5,0.5,1,1,0,0,0,1
0.5,0.022054430956833185,0.12160334088487561,0.5,0.5,0,1,1,0,0,0
0.9073224838138165,0.5,0.5,0.5,1.0,1,0,0,0,1,1
0.5,0.5,0.5,0.6239226950475194,0.5,0,0,0,1,0,0
1.0,0.8292131458816765,0.5,0.5,1.0,1,1,0,0,1,1
0.5,0.7989752875131029,0.9322656413370587,0.9359066167056174,0.9058318950329638,0,1,1,1,1,1
0.01280866794277135,0.5,0.0416614436158238,0.5,0.12773628445024174,1,0,1,0,1,0
0.9070427259010005,0.5,0.6378811418648223,0.9111358262371781,0.5,1,0,1,1,0,1
0.5,0.8239638686548801,0.5252407142822356,0.5,0.5,0,1,1,0,0,1
0.5,0.5,0.5,0.5,0.19817717012700475,0,0,0,0,1,0
0.1049304432437764,0.5,0.5,0.5,0.5,1,0,0,0,0,0
0.5,0.5,0.5,0.5065031938730116,0.5,0,0,0,1,0,0
0.15098750207042977,0.5,0.4424701149294347,0.5,0.5,1,0,1,0,0,0
0.5,0.5,0.5,1.0,0.5,0,0,0,1,0,1
0.5,0.5,0.5,0.34090073880514044,0.5,0,0,0,1,0,0
0.0,0.1260874062080431,0.5,0.5,0.09100850724354739,1,1,0,0,1,0
0.9386695767195145,1.0,0.5,1.0,0.5,1,1,0,1,0,1
0.07903109193817909,0.060992647165560576,0.5,0.5,0.5,1,1,0,0,0,0
0.5,0.5,0.5,0.5,0.9342103640967099,0,0,0,0,1,1
0.0,0.5,0.029952106909325454,0.5,0.5,1,0,1,0,0,0
0.5,0.0,0.5,0.5,0.4917221889900368,0,1,0,0,1,0
0.5,0.0,0.5,0.7847585923762119,0.5,0,1,0,1,0,0
0.0,0.5,0.5,0.6604724162392761,0.5,1,0,0,1,0,0
0.5,0.5,0.5,0.5,0.0,0,0,0,0,1,0
0.5,0.5,1.0,1.0,0.5,0,0,1,1,0,1
0.029426026051898153,0.0,0.5,0.6603778180705023,0.5,1,1,0,1,0,0
0.5,0.0844807435441373,0.5,0.5,0.5,0,1,0,0,0,0
0.0,0.5,0.5,0.7555864023702739,0.0,1,0,0,1,1,0
0.0,0.0,0.23541050989225243,0.5,0.5,1,1,1,0,0,0
0.5,0.5,0.9359253537114023,1.0,0.5,0,0,1,1,0,1
0.5,0.5,0.5,0.6538302195214917,0.5,0,0,0,1,0,0
0.12063465543354421,0.5,0.23927579323901363,0.5,0.0,1,0,1,0,1,0
0.04886725515499364,0.0,0.5,0.5,0.06892591414732527,1,1,0,0,1,0
0.0,0.5,0.0,0.5,0.5,1,0,1,0,0,0
0.8981671972227486,0.9879852576152873,0.5,0.8141758580615197,0.933620712928667,1,1,0,1,1,1
0.04947419819733124,0.09682146252789182,0.5,0.6104630695686407,0.5,1,1,0,1,0,0
0.10948110014455548,0.5,0.5,0.5,0.5,1,0,0,0,0,0
0.782990823986505,0.9297972637179601,0.5,0.5,1.0,1,1,0,0,1,1
0.5,0.5,0.5,0.7138165021374365,0.2744841560478505,0,0,0,1,1,0
0.0,0.0,0.5,0.6942935507957188,0.5,1,1,0,1,0,0
1.0,0.5,0.5,0.5,1.0,1,0,0,0,1,1
0.5,0.1532806010181516,0.5,0.5,0.5,0,1,0,0,0,0
0.15156402215054876,0.1671160181523012,0.0012408061916531488,0.7995343747556627,0.5,1,1,1,1,0,0
0.0,0.0883287830168949,0.4520485867118667,0.5,0.0,1,1,1,0,1,0
0.0,0.1585120436924598,0.47780859873754555,0.5,0.27209863846667404,1,1,1,0,1,0
0.5,0.0,0.0,0.5,0.5,0,1,1,0,0,0
0.034155565481366626,0.5,0.5,0.7640627328954555,0.5,1,0,0,1,0,0
0.018707011916965766,0.5,0.5,0.5,0.0,1,0,0,0,1,0
0.8839132558895884,0.915501198371033,0.5,0.9307431712140153,1.0,1,1,0,1,1,1
0.8750046944616308,0.9237827214278921,0.5,0.8513226587085946,1.0,1,1,0,1,1,1
0.5,0.08796720086819083,0.5934214082324394,0.5,0.5,0,1,1,0,0,0
0.5,0.5,0.5,0.5,1.0,0,0,0,0,1,1
0.0,0.5,0.5,0.5,0.28099369007456254,1,0,0,0,1,0
0.09395617733864595,0.5,0.5,0.5,0.5,1,0,0,0,0,0
0.5,0.5,0.6212266171265084,0.6894291247711819,0.10013936030547013,0,0,1,1,1,0
0.5,0.8528439549758716,0.5,0.7946581345710142,1.0,0,1,0,1,1,1
0.04798445760243575,0.5,0.5,0.5,0.03803680771755641,1,0,0,0,1,0
0.0942714831875979,0.0,0.4461326423589531,0.5,0.5,1,1,1,0,0,0
0.5,1.0,0.5,0.715832914358288,0.5,0,1,0,1,0,1
0.03465331921571148,0.5,0.5,0.5,0.0,1,0,0,0,1,0
0.5,0.5,0.7729431562514069,0.5,1.0,0,0,1,0,1,1
0.004791505800340238,0.0,0.5,0.7718110590211656,0.0,1,1,0,1,1,0
0.9478469587129118,0.5,0.5,0.5,0.5,1,0,0,0,0,1
0.5,0.5,0.5,0.5,0.021141972503594772,0,0,0,0,1,0
0.17079386043450848,0.5,0.5,0.5,0.5,1,0,0,0,0,0
0.5,0.8161441976104481,0.5,0.5,0.5,0,1,0,0,0,1
0.5,0.2129161638064545,0.5,0.7314412214957254,0.5,0,1,0,1,0,0
0.5,0.5,1.0,0.9201084395112248,0.5,0,0,1,1,0,1
0.5,0.1598748004110634,0.5,0.5,0.0004833075828813427,0,1,0,0,1,0
0.0,0.01909022396975501,0.0,0.5,0.5,1,1,1,0,0,0
0.5,0.5,0.5,0.5,0.0,0,0,0,0,1,0
1.0,0.5,0.5,0.5,0.5,1,0,0,0,0,1
0.5,0.5,0.6757274454421863,0.5,0.19811034947466988,0,0,1,0,1,0
0.8135249428801581,0.5,0.7277389647111635,0.9874148854571021,0.5,1,0,1,1,0,1
0.9807727999334098,0.823848763273727,0.5,0.5,0.5,1,1,0,0,0,1
0.5,0.5,0.5,0.2363599739486436,0.5,0,0,0,1,0,0
0.5,0.5,0.0,0.6996574307773941,0.5,0,0,1,1,0,0
0.5,0.9469789739359782,0.5,0.7933128957205308,0.9380629247717225,0,1,0,1,1,1
0.5,0.5,0.5,0.5,0.01652960779261097,0,0,0,0,1,0
0.5,0.0,0.5,0.4009357389510407,0.5,0,1,0,1,0,0
0.5,1.0,0.5,0.5,1.0,0,1,0,0,1,1
0.5,0.09077812317712548,0.5,0.5679933864171494,0.0,0,1,0,1,1,0
0.8582366506094776,0.5,1.0,0.5,0.8664747411841086,1,0,1,0,1,1
0.05568091163889036,0.031052069673564678,0.40921575399546084,0.5,0.5,1,1,1,0,0,0
0.9034727961386986,0.5,0.5,0.5,0.9444998097814156,1,0,0,0,1,1
0.004357956176128837,0.14279272682542848,0.5,0.5,0.0,1,1,0,0,1,0
0.113601903435254,0.5,0.255867652975886,0.7304465141285843,0.5,1,0,1,1,0,0
1.0,0.6416352186829701,0.9749603624358881,0.5,0.5,1,1,1,0,0,1
0.5,0.5,0.0,0.5,0.0462860028522439,0,0,1,0,1,0
0.8534535343918899,0.5,0.5,0.928789476778082,1.0,1,0,0,1,1,1
0.5,0.03954717185792908,0.5,0.5,0.5,0,1,0,0,0,0
0.014406253665808132,0.09538259307225867,0.11438368791796255,0.6867039682035312,0.06868305331275268,1,1,1,1,1,0
0.5,1.0,0.6047488325028564,0.8295531448601215,1.0,0,1,1,1,1,1
0.0,0.5,0.692850115559851,0.5820193581838801,0.5,1,0,1,1,0,0
0.5,0.0,0.5,0.5,0.5,0,1,0,0,0,0
0.5,0.7390566699836575,0.5,0.5,0.5,0,1,0,0,0,1
0.5,0.5,0.5,0.6909256637323583,0.0,0,0,0,1,1,0
0.0406657747296871,0.5,0.5,0.7361519335793874,0.5,1,0,0,1,0,0
0.8764319735675078,0.5,0.9410053749530075,0.5,1.0,1,0,1,0,1,1
0.12096993058685943,0.5,0.5,0.5,0.5,1,0,0,0,0,0
0.0,0.10889706109180641,0.5,0.5,0.16191759824793095,1,1,0,0,1,0
0.0191659724132894,0.5,0.0,0.46320965449430995,0.5,1,0,1,1,0,0
0.0,0.5,0.1222014080393673,0.5,0.13726314181713367,1,0,1,0,1,0
0.5,0.5,0.5,0.5,1.0,0,0,0,0,1,1
0.5,0.0,0.5,0.5,0.1029574858374657,0,1,0,0,1,0
0.5,0.5,0.5,0.555470533282503,0.5,0,0,0,1,0,0
0.9379789266104523,0.5,0.5,1.0,0.8187545754580685,1,0,0,1,1,1
1.0,0.5,0.771903553370323,0.5,0.5,1,0,1,0,0,1
0.5,0.5,0.0,0.5,0.5,0,0,1,0,0,0
0.5,0.9888741910184246,0.5,0.8018337766229677,1.0,0,1,0,1,1,1
0.5,0.141654358094625,0.5,0.5,0.0,0,1,0,0,1,0
0.0,0.5,0.5,0.6710183973272209,0.5,1,0,0,1,0,0
0.5,0.5,0.5,0.8714440993220924,0.9277097365714639,0,0,0,1,1,1
0.006913900641481962,0.5,0.5,0.5,0.0,1,0,0,0,1,0
0.5,0.5,0.5,0.8322593419814378,0.5,0,0,0,1,0,1
0.0,0.5,0.5,0.47454509089118146,0.5,1,0,0,1,0,0
0.0,0.0,0.4398686386218159,0.5,0.009833215567977165,1,1,1,0,1,0
0.011131936160340994,0.5,0.27825589628832065,0.5159644393725759,0.5,1,0,1,1,0,0
0.5,1.0,0.6252630619003496,0.5,1.0,0,1,1,0,1,1
0.5,0.5,0.12638524217203387,0.5,0.5,0,0,1,0,0,0
0.00662303866227539,0.5,0.5,0.5493565871324537,0.22003168761096914,1,0,0,1,1,0
0.5,1.0,0.5,0.9917725564893352,0.9906704972800096,0,1,0,1,1,1
0.5,0.5,0.5,0.5,0.0,0,0,0,0,1,0
0.04148120966073496,0.5,0.5,0.5853676726393511,0.5,1,0,0,1,0,0
0.5,0.5,0.9448498156218066,0.5,0.9591428367501695,0,0,1,0,1,1
0.03087579573732229,0.047030019336840825,0.5016210222352728,0.8700133968233947,0.5,1,1,1,1,0,0
0.0,0.01905758475560483,0.5,0.5,0.45636559248054537,1,1,0,0,1,0
0.5,0.8053743401631371,0.5,0.8079680471639935,0.9096785353662811,0,1,0,1,1,1
0.5,0.5,0.5,0.5114865802338615,0.046316803500847915,0,0,0,1,1,0
0.0,0.5,0.23750711533654026,0.5,0.5,1,0,1,0,0,0
0.5,0.5,0.5,0.5253299070356197,0.5,0,0,0,1,0,0
0.5,0.5,0.5,0.6012541187056311,0.0,0,0,0,1,1,0
0.5,0.5,0.5,0.5,0.8718172021879098,0,0,0,0,1,1
0.5,0.5,0.8855516852866722,0.5,0.5,0,0,1,0,0,1
0.9162847739853195,0.5,0.5,0.5,1.0,1,0,0,0,1,1
0.5,1.0,0.7385935717449424,0.5,1.0,0,1,1,0,1,1
0.5,0.5,0.5,0.5,0.1638888879378053,0,0,0,0,1,0
0.5,0.9457997916957434,0.5,0.5,1.0,0,1,0,0,1,1
0.5,0.07779175747540619,0.5,0.5,0.5,0,1,0,0,0,0
0.5,0.9524061300765518,0.7773237104443524,0.5,0.9813703505435335,0,1,1,0,1,1
0.5,0.5,0.21208169529378215,0.6998986936299709,0.0,0,0,1,1,1,0
0.5,0.5,0.5,0.8997958112676888,1.0,0,0,0,1,1,1
0.0,0.04465279713523938,0.13728138331942838,0.6860512646921637,0.0,1,1,1,1,1,0
0.9680696345593711,0.5,0.5,0.5,0.5,1,0,0,0,0,1
0.09799590606625441,0.0,0.5,0.5,0.5,1,1,0,0,0,0
0.5,0.5,0.5,0.8471986567582277,0.5,0,0,0,1,0,0
0.0,0.5,0.5,0.5535050635953145,0.0,1,0,0,1,1,0
0.8389452474332031,0.5,0.5,0.5,1.0,1,0,0,0,1,1
0.07950093405378594,0.5,0.5,0.5886304364054767,0.5,1,0,0,1,0,0
0.5,0.5,1.0,0.5,1.0,0,0,1,0,1,1
0.5,0.9031414631957108,1.0,0.5721571111419577,0.5,0,1,1,1,0,1
0.04764429909468573,0.14612051967530798,0.5,0.5,0.5,1,1,0,0,0,0
1.0,0.5,0.5,0.5,1.0,1,0,0,0,1,1
0.8084653777887607,0.9691214816951461,1.0,1.0,0.5,1,1,1,1,0,1
0.9104788930391474,1.0,0.5,0.7468172920534597,0.5,1,1,0,1,0,1
0.5,0.0,0.5,0.5,0.5,0,1,0,0,0,0
0.03051561109788043,0.5,0.0,0.5,0.0,1,0,1,0,1,0
0.5,0.5,0.5,0.5,0.9258743622755999,0,0,0,0,1,1
0.0,0.0,0.5,0.5,0.5,1,1,0,0,0,0
0.5,0.5,1.0,1.0,1.0,0,0,1,1,1,1
0.0,0.5,0.5,0.5,0.5,1,0,0,0,0,0
0.5,0.5,0.5,0.5,0.1402105564821365,0,0,0,0,1,0
0.5,0.5,0.0,0.5,0.0,0,0,1,0,1,0
0.0,0.5,0.5,0.8466607487283211,0.002655002876823659,1,0,0,1,1,0
0.0,0.5,0.0,0.5,0.0,1,0,1,0,1,0
0.5,0.5,0.5,0.6221098174719948,0.0,0,0,0,1,1,0
0.0,0.06911454995234509,0.5,0.5,0.1960746811492676,1,1,0,0,1,0
0.5,0.00017628911886121215,0.2164467365241264,0.5,0.20966045449286358,0,1,1,0,1,0
0.5,1.0,0.6764720313245114,1.0,0.5,0,1,1,1,0,1
0.6970780715251774,0.8154925317557746,0.5,0.5,0.5,1,1,0,0,0,1
0.5,0.0,0.4357328646602705,0.5,0.28124382503685286,0,1,1,0,1,0
0.9781395068762543,0.9074164444658511,0.5,1.0,0.5,1,1,0,1,0,1
0.0,0.5,0.5,0.5,0.0,1,0,0,0,1,0
0.5,1.0,1.0,0.5,0.9632160014111252,0,1,1,0,1,1
0.07936083472378797,0.5,0.5,0.5367825147758551,0.5,1,0,0,1,0,0
0.04684039156629234,0.5,0.39044804763602364,0.5,0.5,1,0,1,0,0,0
0.0,0.5,0.23685887660769764,0.5,0.5,1,0,1,0,0,0
0.7210191088635514,0.5,0.8102850003769623,0.5,0.8127370437572581,1,0,1,0,1,1
0.004654229950728164,0.024049936949549065,0.5,0.8519305717408834,0.2182985544098385,1,1,0,1,1,0
0.02582183467910016,0.05808047489291947,0.2938579835723445,0.8332865797214686,0.0,1,1,1,1,1,0
0.5,0.5,0.5,0.5,0.0,0,0,0,0,1,0
0.9245187859113447,0.9017760267585619,0.5,0.5,0.5,1,1,0,0,0,1
0.5,0.5,0.5,0.8443674414911189,0.03571766687165115,0,0,0,1,1,0
1.0,0.5,0.31744068974359435,0.5,1.0,1,0,1,0,1,1
1.0,0.5,0.49396746630277777,0.5,0.5,1,0,1,0,0,1
0.5,0.0,0.5,0.5,0.5,0,1,0,0,0,0
0.7731634792736596,0.5,0.5,1.0,0.5,1,0,0,1,0,1
0.6179507950726104,0.5,0.5,0.5,0.5,1,0,0,0,0,1
0.5,0.9222075514994832,0.5,0.9529908531014896,0.5,0,1,0,1,0,1
0.5,0.5,0.5,0.5,0.21885102427231398,0,0,0,0,1,0
0.9856590412687433,0.891196179982826,0.5,0.6281312114801072,0.5,1,1,0,1,0,1
0.5,0.5,0.5,0.5972530737945879,0.0,0,0,0,1,1,0
0.5,0.0,0.5,0.8701610027145777,0.5,0,1,0,1,0,0
1.0,1.0,0.5,0.5,0.5,1,1,0,0,0,1
0.0,0.5,0.21823994260076773,0.5,0.0,1,0,1,0,1,0
0.5,0.5,0.5,0.5,0.9572113067663803,0,0,0,0,1,1
0.0,0.0,0.5,0.5,0.5,1,1,0,0,0,0
0.9492246107535911,0.5,0.5,0.5,1.0,1,0,0,0,1,1
0.002963157862422211,0.0,0.2505418151733272,0.5,0.5,1,1,1,0,0,0
0.5,1.0,0.5,0.7907323608964992,1.0,0,1,0,1,1,1
0.5,0.8212945868422783,0.5,0.5,0.5,0,1,0,0,0,1
0.5,0.08116781422471246,0.18604872518914262,0.7975949114994112,0.5,0,1,1,1,0,0
0.0,0.0,0.5,0.5,0.08460396831504484,1,1,0,0,1,0
0.5,0.5,0.5,0.7620001095810138,0.9597290895433852,0,0,0,1,1,1
0.5,0.5,0.8173545508252698,0.5,0.5,0,0,1,0,0,1
0.062259083859367376,0.0031412872945157525,0.5,0.5,0.5,1,1,0,0,0,0
1.0,0.5,0.45302998528374777,0.8328934508726995,0.5,1,0,1,1,0,1
0.10221886670812735,0.089064924244963,0.5,0.5,0.25940136477999287,1,1,0,0,1,0
0.5,0.0026186216563232794,0.0,0.5,0.5,0,1,1,0,0,0
0.08756064962890664,0.5,0.35466268427688785,0.6605098553346258,0.5,1,0,1,1,0,0
0.0,0.5,0.5,0.5,0.5,1,0,0,0,0,0
0.5,0.5,0.7086751571459041,0.5,0.5,0,0,1,0,0,1
0.10904614671966426,0.5,0.5,0.5,0.5,1,0,0,0,0,0
0.5,0.0606612747053948,0.5,0.7061078566144597,0.5,0,1,0,1,0,0
0.5,0.0,0.5,0.5,0.5,0,1,0,0,0,0
0.98738147892774,0.933425023385462,0.5,0.5,0.5,1,1,0,0,0,1
0.058479944199401654,0.0,0.5,0.5,0.2595214386860394,1,1,0,0,1,0
0.05372130399479727,0.5,0.5,0.5,0.5,1,0,0,0,0,0
0.8013526603033236,0.9599814593087977,0.5,0.7158217695488509,0.9854329615124277,1,1,0,1,1,1
0.5,0.5,0.5,0.8376652455894534,0.5,0,0,0,1,0,0
1.0,0.6044597962699971,0.5,0.5,0.9918463200450844,1,1,0,0,1,1
0.03689599219301108,0.06224294958333475,0.5,0.49015211291719696,0.5,1,1,0,1,0,0
0.5,0.5,0.5,0.35480746914860684,0.5,0,0,0,1,0,0
0.0,0.004341912327948502,0.0,0.6176185804418465,0.5,1,1,1,1,0,0
1.0,0.5,0.5,1.0,0.8604561696044006,1,0,0,1,1,1
0.5,0.5,0.08588859649503452,0.40844530447787114,0.0784382781857856,0,0,1,1,1,0
0.5,0.0,0.5,0.5,0.5,0,1,0,0,0,0
0.042383916519141474,0.0,0.5,0.8830021225897052,0.5,1,1,0,1,0,0
0.5,0.5,0.7108989961140652,0.638034877162077,0.11721063044125063,0,0,1,1,1,0
0.5,0.0023820901914477517,0.5,0.5,0.22551059897755218,0,1,0,0,1,0
0.9284613549739006,0.5,0.8938226608727127,0.8739184993428157,0.5,1,0,1,1,0,1
0.9234315039022601,0.5,1.0,0.7630622010492305,0.5,1,0,1,1,0,1
0.5,0.5,0.5,0.7977273324336377,0.5,0,0,0,1,0,1
0.9773352893657832,1.0,0.5,0.813022457395271,0.9292406883849705,1,1,0,1,1,1
1.0,0.5,0.5,0.5,0.5,1,0,0,0,0,1
0.5,0.5,0.5,0.5,0.005206953283781096,0,0,0,0,1,0
0.617175456350562,0.5,0.5,0.8063014086700145,0.5,1,0,0,1,0,1
0.5,0.5,0.5,0.7687353551551852,0.5,0,0,0,1,0,1
1.0,0.5,0.5,0.705348524355885,0.9449580925555192,1,0,0,1,1,1
0.21906980322876551,0.0821382736652048,0.5463327281559619,0.5,0.5,1,1,1,0,0,0
0.0,0.052123723857757355,0.5,0.6546101388774135,0.023019952208055822,1,1,0,1,1,0
0.5,1.0,0.5,0.5,0.5,0,1,0,0,0,1
0.5,0.5,0.5,0.5,1.0,0,0,0,0,1,1
1.0,1.0,0.5,0.5,0.5,1,1,0,0,0,1
0.959409529830089,0.5,0.5,0.6900653490433915,0.5,1,0,0,1,0,1
0.1669270596235397,0.5,0.5,0.23937469302821918,0.052889383259861734,1,0,0,1,1,0
0.5,0.5,0.0,0.8979000326074276,0.5,0,0,1,1,0,0
0.5,0.0,0.5,0.5,0.5,0,1,0,0,0,0
0.5,1.0,0.5,0.5,0.8233268550408643,0,1,0,0,1,1
0.0,0.5,0.5,0.6645285899371242,0.5,1,0,0,1,0,0
0.5,0.5,0.5,1.0,0.5,0,0,0,1,0,1
0.5,0.0,0.5,0.2410893242278796,0.5,0,1,0,1,0,0
0.5,0.00502315656328069,0.5,0.5,0.5,0,1,0,0,0,0
0.6306559293890686,0.6778282471747872,1.0,0.8136789246128346,0.5,1,1,1,1,0,1
0.971622256946308,0.5,0.5,0.5,1.0,1,0,0,0,1,1
0.5,0.5,0.6730220868830223,0.5,0.5,0,0,1,0,0,1
0.01085012231771905,0.10387384798776271,0.5,0.5,0.0,1,1,0,0,1,0
0.5,0.9626718345069807,0.5,0.5,1.0,0,1,0,0,1,1
0.06420519928278826,0.5,0.5,0.5,0.005412874043147171,1,0,0,0,1,0
0.5,0.0,0.5,0.7739813102582107,0.5,0,1,0,1,0,0
0.0,0.5,0.5,0.5706879823610771,0.0,1,0,0,1,1,0
1.0,0.5,1.0,0.5,0.963353521327849,1,0,1,0,1,1
0.0075884037781612425,0.5,0.0,0.5,0.5,1,0,1,0,0,0
0.9476162195308084,0.5,0.9879148445491452,0.7359575226584834,0.9588833034123562,1,0,1,1,1,1
0.0,0.5,0.5,0.5,0.5,1,0,0,0,0,0
0.7215069461506521,1.0,0.5,0.5,0.9036209786421522,1,1,0,0,1,1
0.11173153321663587,0.5,0.5,0.5,0.5,1,0,0,0,0,0
0.5,0.5,1.0,0.5,0.5,0,0,1,0,0,1
0.0,0.5,0.0,1.0,0.5,1,0,1,1,0,0
0.0,0.07102574774852545,0.5,0.5,0.5,1,1,0,0,0,0
1.0,0.5,0.5,0.5,0.5,1,0,0,0,0,1
0.061505946849344836,0.5,0.42292251744498943,0.6358846963582561,0.32084761618794827,1,0,1,1,1,0
0.5,0.5,0.2693616847275866,0.9462955002351207,1.0,0,0,1,1,1,1
0.7904562158470854,0.5,0.5,0.5,0.808163630699926,1,0,0,0,1,1
0.5,0.5,0.5,0.5,0.0,0,0,0,0,1,0
0.0048417178645529454,0.5,0.5,0.7531608602263103,0.5,1,0,0,1,0,0
0.8554639915173156,0.8500510235884915,0.5,0.5,1.0,1,1,0,0,1,1
0.5,0.8997553769899225,0.5,0.5,0.5,0,1,0,0,0,1
0.0,0.012349202434135996,0.5,0.8571017805809531,0.5,1,1,0,1,0,0
0.5,0.5,0.5,0.5550989357073673,0.5,0,0,0,1,0,0
0.8442882101653963,0.5,0.5,0.5,0.5,1,0,0,0,0,1
0.5,0.014609444397910686,0.7105839713951658,0.5,0.5,0,1,1,0,0,0
0.0,0.0,0.5,0.7252755725679366,0.0,1,1,0,1,1,0
0.5,0.5,0.11780412204461173,0.5,0.0,0,0,1,0,1,0
1.0,0.5,0.9295581969538956,1.0,0.5,1,0,1,1,0,1
0.5,0.042443876036975546,0.5492641196980632,0.5,0.0,0,1,1,0,1,0
0.5,0.0,0.5,0.5,0.5,0,1,0,0,0,0
0.5,0.5,0.5,0.48423404320682284,0.0,0,0,0,1,1,0
0.5,0.5,0.5,0.5,0.9588414299689113,0,0,0,0,1,1
0.13542146927819612,0.00851952251080619,0.5,0.5,0.5,1,1,0,0,0,0
0.0013080167831353712,0.5,0.0,0.5,0.15835520188343294,1,0,1,0,1,0
0.9619303381606074,0.5,0.5,0.5,0.5,1,0,0,0,0,1
0.5,0.5,0.34028717323062496,0.5,0.5,0,0,1,0,0,0
0.02605343689645001,0.07063341272892429,0.0,0.5,0.5,1,1,1,0,0,0
0.15809520089599488,0.5,0.5,0.5,0.5,1,0,0,0,0,0
0.07826011331866697,0.5,0.193287242566746,0.5,0.17433117632094047,1,0,1,0,1,0
0.5,0.5,0.5,0.6220254262090642,1.0,0,0,0,1,1,1
0.9317960519721418,0.5,0.5,0.5,0.9423237295709165,1,0,0,0,1,1
0.9818027543932283,0.5,0.5,0.5,0.5,1,0,0,0,0,1
0.5,0.5,0.5,0.5,0.0,0,0,0,0,1,0
0.5,0.021737950011673987,0.1437247875897803,0.5,0.5,0,1,1,0,0,0
0.5,0.014870441723211569,0.5,0.5,0.022502280336974236,0,1,0,0,1,0
1.0,1.0,0.5,0.5,1.0,1,1,0,0,1,1
0.5,0.0981051180704483,0.5,0.7451849655699746,0.0,0,1,0,1,1,0
0.5,0.5,0.5,0.6616396685460972,0.5,0,0,0,1,0,0
0.0,0.5,0.5,0.7198944352717399,0.5,1,0,0,1,0,0
0.5,0.5,0.11789996298783535,0.5,0.0,0,0,1,0,1,0
0.5,0.5,0.5,0.5,0.010964666874982626,0,0,0,0,1,0
0.5,0.5,0.905327867544366,0.5,0.5,0,0,1,0,0,1
0.00503847084388878,0.0,0.5,0.838622248358393,0.0,1,1,0,1,1,0
0.9636617735773441,0.5,1.0,0.5,0.9028672975019779,1,0,1,0,1,1
0.5,0.5,0.5,0.7243883872210908,0.5,0,0,0,1,0,0
0.9498652327678606,0.7433747341768123,0.5,0.817611775478731,0.5,1,1,0,1,0,1
0.5,0.03253070599309246,0.5,0.8939822718246566,0.02216601733253002,0,1,0,1,1,0
0.15384095622179683,0.0,0.5,0.5,0.5,1,1,0,0,0,0
0.0,0.5,0.6390937841903559,0.562272109462681,0.0,1,0,1,1,1,0
1.0,0.5,0.5,0.5,0.9730729013810747,1,0,0,0,1,1
1.0,0.5,0.5,0.5,0.5,1,0,0,0,0,1
0.5,1.0,0.5,0.5,0.5,0,1,0,0,0,1
0.6999908879379081,0.5,0.7690909111739751,0.7251272649400184,0.9994002386050151,1,0,1,1,1,1
0.03456725923328084,0.5,0.5,0.5,0.5,1,0,0,0,0,0
0.5,0.6221132559557986,1.0,0.5,0.5,0,1,1,0,0,1
0.04513602187959836,0.06972361814992267,0.5,0.9542761632529637,0.0,1,1,0,1,1,0
0.5,0.021193108525200392,0.5,0.5,0.5,0,1,0,0,0,0
0.9751264973465357,0.5,0.8691829513788605,0.5,0.5,1,0,1,0,0,1
0.5,0.5,0.5,0.4894307684531113,0.5,0,0,0,1,0,0
0.034927211483708205,0.5,0.09295715314460377,0.44336615498809856,0.5,1,0,1,1,0,0
0.8038456347942071,0.753288697858705,0.5,0.7732600219621331,1.0,1,1,0,1,1,1
0.5,0.0,0.5,0.5,0.5,0,1,0,0,0,0
0.5,0.9553109037652039,0.27758713982450056,0.833104421900988,1.0,0,1,1,1,1,1
0.9059883972041635,1.0,0.5,0.6565923546080403,1.0,1,1,0,1,1,1
0.7611165432236519,0.5,0.5,0.5,0.5,1,0,0,0,0,1
0.831489666550296,0.5,0.5098036081617499,0.5,0.5,1,0,1,0,0,1
0.0,0.02032485695864878,0.5,0.775925791705033,0.5,1,1,0,1,0,0
0.9761233570178548,0.5,0.5222503490128791,0.5,0.8736952407273699,1,0,1,0,1,1
0.5,0.5,0.5,0.5,1.0,0,0,0,0,1,1
0.5,0.5,0.5,0.5,1.0,0,0,0,0,1,1
0.5,0.5,0.5,0.5,0.0,0,0,0,0,1,0
0.7119963313517639,0.5,0.5,0.957277124975341,0.5,1,0,0,1,0,1
1.0,0.5,0.9280625721047154,0.5,0.5,1,0,1,0,0,1
0.0,0.08937264649554238,0.5,0.5,0.0,1,1,0,0,1,0
0.9558930701601909,0.5,0.9086772324473251,0.5,0.5,1,0,1,0,0,1
1.0,1.0,0.5,0.5,0.9657977094974967,1,1,0,0,1,1
0.0,0.5,0.5751904949368727,0.5,0.5,1,0,1,0,0,0
0.5,0.5,0.5,0.5,0.14059411955547835,0,0,0,0,1,0
0.9797132741636523,0.5,0.5,0.5,0.5,1,0,0,0,0,1
0.055731095457116984,0.0,0.3598319086352156,0.5,0.03358489216988604,1,1,1,0,1,0
1.0,1.0,0.7365303737982112,0.5,0.5,1,1,1,0,0,1
0.5,0.5,1.0,0.5,1.0,0,0,1,0,1,1
0.5,0.5,0.5,0.5,1.0,0,0,0,0,1,1
0.00578078836275658,0.0,0.127768725961285,1.0,0.0,1,1,1,1,1,0
0.03544504445267481,0.5,0.5,0.5,0.05220296614074229,1,0,0,0,1,0
1.0,0.8976480111673543,0.5,0.5,1.0,1,1,0,0,1,1
0.9014761253702228,0.7955350358545874,0.5,0.5,0.5,1,1,0,0,0,1
0.5,1.0,0.5,0.5,0.929260992135222,0,1,0,0,1,1
0.7926259036305913,0.5,0.5,0.5,0.8787025839058568,1,0,0,0,1,1
0.5,0.959856318949868,0.5,0.6165783245558575,0.9440605324730014,0,1,0,1,1,1
0.045531395001571454,0.5,0.5,0.5,0.145105025940106,1,0,0,0,1,0
0.8348992307659471,0.7855626484542941,0.5,0.5,1.0,1,1,0,0,1,1
0.5,0.5,0.5,0.5,0.20246302111248876,0,0,0,0,1,0
0.5,0.9416324486851977,0.5,0.5,0.5,0,1,0,0,0,1
0.5,0.9931233584575084,0.6362127968570837,0.6861761838791633,1.0,0,1,1,1,1,1
1.0,0.5,0.5,0.5,0.8845573154235835,1,0,0,0,1,1
0.5,1.0,0.5,0.5,0.9441866353125213,0,1,0,0,1,1
0.0,0.5,0.5,0.5,0.5,1,0,0,0,0,0
0.023478279406421852,0.5,0.5,0.5,0.5,1,0,0,0,0,0
0.5,0.5,0.5,0.5,0.2570717301425699,0,0,0,0,1,0
0.0,0.0,0.03640871847890015,0.5,0.5,1,1,1,0,0,0
0.5,0.5,0.5,0.8886066169749169,0.5,0,0,0,1,0,1
0.5,0.5,0.5,0.622473255001581,0.5,0,0,0,1,0,0
0.0,0.5,0.20836263453756923,0.5,0.5,1,0,1,0,0,0
0.5,0.0,0.5,0.5,0.5,0,1,0,0,0,0
0.06812123055072766,0.5,0.7884127205699689,0.42767281024757037,0.22757876521987352,1,0,1,1,1,0
1.0,0.5,0.6684664793773445,0.5,1.0,1,0,1,0,1,1
0.6367567873113723,1.0,0.5,0.5,0.9481634903232834,1,1,0,0,1,1
1.0,0.5,0.7549185003249389,0.917278466394053,0.5,1,0,1,1,0,1
0.5,0.5,0.8726128896473014,1.0,0.5,0,0,1,1,0,1
0.014948921024116435,0.0,0.5,0.8357353165034409,0.07011937613678625,1,1,0,1,1,0
0.5,0.5,0.5,0.6753561788125768,0.5,0,0,0,1,0,0
0.5,0.9890621220940418,0.588698998756995,0.5,0.8002792027625347,0,1,1,0,1,1
0.5,0.9922518798330341,0.5,1.0,1.0,0,1,0,1,1,1
0.861028870874103,0.5,0.5,0.9684172313614059,0.7822433292562994,1,0,0,1,1,1
0.5,0.032419414355670265,0.5,0.5,0.5,0,1,0,0,0,0
0.5,0.0,0.41024756888183656,0.5,0.5,0,1,1,0,0,0
0.9298837556244919,0.8341932117848703,0.5,0.9860669856909458,0.5,1,1,0,1,0,1
0.8494433102007737,0.9740593309549684,0.5,0.5,0.5,1,1,0,0,0,1
0.0,0.5,0.5,0.5,0.0,1,0,0,0,1,0
0.9279108158187669,1.0,0.5,0.5,1.0,1,1,0,0,1,1
0.849404073369814,0.5,0.5,0.6533157312382105,1.0,1,0,0,1,1,1
0.5,0.5,0.5,0.5131107205893853,0.1677886147773055,0,0,0,1,1,0
0.5,0.04611009444961844,0.583796635973886,0.5,0.0,0,1,1,0,1,0
0.5,0.9844303655692836,0.5859766774941404,0.5,0.9842404896401482,0,1,1,0,1,1
0.9220682842548631,0.5,0.5975388184874104,0.5,0.5,1,0,1,0,0,1
0.5,0.0,0.5,0.5924497925341413,0.005702849235859987,0,1,0,1,1,0
0.035151873404075065,0.08712763589225914,0.5119529860289636,0.44422432552874097,0.5,1,1,1,1,0,0
0.0,0.5,0.5,0.5,0.5,1,0,0,0,0,0
1.0,0.9728022565435351,0.5,0.5,0.5,1,1,0,0,0,1
0.5,0.5,0.5,1.0,0.5,0,0,0,1,0,0
0.06192057166476207,0.5,0.0692454811503801,0.7426869315337034,0.07543544933880397,1,0,1,1,1,0
0.7963599292457183,0.5,0.5,0.5,0.5,1,0,0,0,0,1
0.5,0.5,1.0,0.5,0.5,0,0,1,0,0,1
0.034165386929483704,0.5,0.05180675554843972,0.5,0.5,1,0,1,0,0,0
0.5,0.05662825893824308,0.5,0.5,0.14679104432012,0,1,0,0,1,0
0.19324579340240533,0.5,0.7431213446049008,0.5,0.5,1,0,1,0,0,0
0.16034007915868562,0.12173356750418887,0.17133669082489614,0.5,0.5,1,1,1,0,0,0
0.9016978941230287,0.7365690263785147,0.5,0.7525967952490558,0.5,1,1,0,1,0,1
0.5,0.5,0.5,0.5,0.23351851319520567,0,0,0,0,1,0
0.5,0.5,0.5,0.5,0.08846026125842735,0,0,0,0,1,0
0.014504741553847414,0.0,0.5,0.5,0.5,1,1,0,0,0,0
0.0,0.5,0.5,0.5,0.0,1,0,0,0,1,0
1.0,0.8725815640489293,0.5,0.5,0.5,1,1,0,0,0,1
0.5,0.5,0.5,0.748427651386774,0.5,0,0,0,1,0,1
0.0,0.5,0.8224877014805059,0.5,0.5,1,0,1,0,0,0
0.0,0.5,0.0,0.5,0.5,1,0,1,0,0,0
0.5,0.5,0.5,0.5,1.0,0,0,0,0,1,1
0.5,0.0,0.09009082003663606,0.5,0.5,0,1,1,0,0,0
0.06649237587984169,0.0019143842839016148,0.08766580833319511,0.6621857356624044,0.5,1,1,1,1,0,0
0.5,0.052015808482308704,0.5,0.6723907874897155,0.06702524391814874,0,1,0,1,1,0
0.041804655620959016,0.5,0.5,0.5,0.5,1,0,0,0,0,0
0.5,1.0,0.5,0.5692685427916743,0.9136132418128478,0,1,0,1,1,1
0.5,0.7468826806285889,0.763027102541068,0.6627643454597616,0.5,0,1,1,1,0,1
0.5,1.0,0.5,1.0,0.5,0,1,0,1,0,1
0.5,1.0,0.6831699149768591,0.5,0.5,0,1,1,0,0,1
0.5,0.5,0.15637594397106883,0.4038381345531032,0.0,0,0,1,1,1,0
0.0,0.5,0.5,0.5,0.0,1,0,0,0,1,0
0.5,0.5,0.0,0.5,0.0,0,0,1,0,1,0
0.5,0.0,0.5,0.5,0.5,0,1,0,0,0,0
0.5,0.5,0.9697773756591237,0.9231531610660696,0.9336853853118138,0,0,1,1,1,1
0.06322262687753713,0.5,0.5,0.5,0.0,1,0,0,0,1,0
0.027355316723646182,0.5,0.5,0.5,0.15890586944814875,1,0,0,0,1,0
0.5,0.0,0.5,0.7754371374303741,0.0,0,1,0,1,1,0
0.8769472513197086,1.0,0.5,0.5,0.5,1,1,0,0,0,1
0.5,1.0,0.5,0.5,1.0,0,1,0,0,1,1
0.13339584430513435,0.5,0.5,0.5,0.00884170051465226,1,0,0,0,1,0
0.07771603076061137,0.5,0.0,0.5,0.5,1,0,1,0,0,0
0.920860189930501,0.5,0.5,0.890767120063243,0.8923140964278302,1,0,0,1,1,1
0.9600769084447299,0.5,0.5,0.8251925725422583,0.5,1,0,0,1,0,1
0.9606426081104946,0.5,0.6079117414883556,0.5,0.5,1,0,1,0,0,1
0.5,0.6165315154690678,0.9444129552067144,0.5,0.9703435666263472,0,1,1,0,1,1
0.5,0.06259878085380585,0.5,0.49938474435872,0.11862399907007287,0,1,0,1,1,0
0.5,0.5,0.4511738516544717,0.5,0.5,0,0,1,0,0,0
0.9534721340716895,0.9170303543621757,0.5,0.5,0.5,1,1,0,0,0,1
1.0,0.5,0.5,0.5,0.9888669090495065,1,0,0,0,1,1
0.0,0.5,0.5,0.5,0.5,1,0,0,0,0,0
0.08675334655339301,0.0,0.5,0.5,0.5,1,1,0,0,0,0
0.5,0.0,0.5,0.7534662003865783,0.5,0,1,0,1,0,0
0.0623835838287997,0.0,0.04094886813614135,0.5,0.13610628919087747,1,1,1,0,1,0
0.0,0.5,0.5,0.7753744837730567,0.03238449524566352,1,0,0,1,1,0
0.665688158816677,0.5,0.7488562058299564,0.5,1.0,1,0,1,0,1,1
0.0,0.0,0.5,0.5,0.5,1,1,0,0,0,0
0.5,0.5,0.5,0.5427175188620177,0.1885666862897708,0,0,0,1,1,0
0.0,0.14229315961989603,0.5,0.5,0.5,1,1,0,0,0,0
0.5,0.7087951916921292,0.5,0.5,0.5,0,1,0,0,0,1
0.8748057247271325,0.5,0.5,0.5,1.0,1,0,0,0,1,1
0.0,0.08690154127511866,0.0,0.5,0.0,1,1,1,0,1,0
0.5,0.004410794364451913,0.5,0.5,0.5,0,1,0,0,0,0
0.5,0.5,0.10074643562480892,0.5,0.5,0,0,1,0,0,0
0.5,0.5,0.5,0.5,1.0,0,0,0,0,1,1
0.07624665224918843,0.12222562052495221,0.5,0.5,0.5,1,1,0,0,0,0
0.6804042860315507,1.0,0.5,0.5,1.0,1,1,0,0,1,1
0.0,0.5,0.33178572941368323,0.5,0.063092941782218,1,0,1,0,1,0
0.5,0.032660307620581114,0.5,0.8028633183920071,0.5,0,1,0,1,0,0
0.5,0.18616186523875206,0.5,0.5,0.0733078950219347,0,1,0,0,1,0
1.0,1.0,0.5,0.5,0.7882407820358599,1,1,0,0,1,1
0.10617167705477487,0.5,0.5,0.5,0.5,1,0,0,0,0,0
0.5,0.7403262493965921,0.5,0.5,0.5,0,1,0,0,0,1
0.06922619598974858,0.5,0.5,0.5481743280801432,0.24499663382069392,1,0,0,1,1,0
0.5,0.5,0.5,0.5,1.0,0,0,0,0,1,1
0.5,0.5,0.5,0.9538298474697651,0.8738140205224925,0,0,0,1,1,1
0.5,0.5,0.5,0.5,0.8234798592535274,0,0,0,0,1,1
1.0,0.5,0.5,0.5,1.0,1,0,0,0,1,1
0.5,0.5,0.5,0.9335380287355097,0.5,0,0,0,1,0,0
0.05566554585594361,0.5,0.6534717262749761,0.35032418272016413,0.14271354488633967,1,0,1,1,1,0
0.5,0.07326189101056824,0.15730179021743593,0.521818972435949,0.5,0,1,1,1,0,0
0.10795653414125359,0.5,0.5,0.5,0.5,1,0,0,0,0,0
0.5,0.07715425054975023,0.5,0.5,0.5,0,1,0,0,0,0
0.001169843018805964,0.5,0.07340420029308237,0.5,0.11876543783075252,1,0,1,0,1,0
0.5,0.08737455656266042,0.5,0.5244830417807806,0.0,0,1,0,1,1,0
1.0,0.5,0.5,0.5,1.0,1,0,0,0,1,1
0.5,0.0,0.5,0.5,0.5,0,1,0,0,0,0
0.8014209443428203,0.8730719370960315,0.9836000650779486,0.9719330446275917,1.0,1,1,1,1,1,1
1.0,0.5,0.5,0.892224821058171,0.9892065333644644,1,0,0,1,1,1
0.020357927686184104,0.0,0.5,0.5,0.18373944607825943,1,1,0,0,1,0
0.9638455638513718,1.0,0.5,0.5,1.0,1,1,0,0,1,1
0.0,0.5,0.5,0.5,0.038151787977516755,1,0,0,0,1,0
0.0,0.5,0.10662144622584063,0.5950011213081021,0.5,1,0,1,1,0,0
0.5,0.8431897746221717,0.5,0.5,0.990876398630073,0,1,0,0,1,1
1.0,0.8725372752049377,1.0,0.5,1.0,1,1,1,0,1,1
0.5,0.5,0.5,0.5,0.0,0,0,0,0,1,0
0.5,0.5,0.5,0.5,0.0,0,0,0,0,1,0
0.15825865199304615,0.028392376268994424,0.5,0.5,0.5,1,1,0,0,0,0
0.5,0.5,0.25627769956254265,0.5,0.08643643598405615,0,0,1,0,1,0
0.11739735483353433,0.0,0.5,0.5,0.0797160963919312,1,1,0,0,1,0
0.0,0.5,0.24861590301050626,0.5,0.5,1,0,1,0,0,0
0.955217719621376,0.5,0.5,0.5,0.5,1,0,0,0,0,1
0.5,0.5,0.5,0.6173423888395908,0.5,0,0,0,1,0,0
0.0,0.5,0.4354235736191236,0.5,0.5,1,0,1,0,0,0
0.8062294229096378,0.5,0.8621371519574746,0.9564292682015508,0.5,1,0,1,1,0,1
1.0,0.9277541283413266,0.5,0.857375373901228,0.5,1,1,0,1,0,1
0.9665592117821694,0.5,0.5278631352107837,0.5,0.5,1,0,1,0,0,1
0.5,0.9806193864634657,1.0,0.5,0.5,0,1,1,0,0,1
0.5,0.5,0.5,0.5,1.0,0,0,0,0,1,1
